model,seed,best_epoch,lookback,features,val_run,config,rmse,mae,rmse_p56,rmse_p56_warm,rmse_p56_cold,cold_share,n,coverage_80,width_80,rmse_by_point_1,rmse_by_point_2,rmse_by_point_3,rmse_by_point_4,rmse_by_point_5,rmse_by_point_6,rmse_by_horizon_1,rmse_by_horizon_2,rmse_by_horizon_3,rmse_by_horizon_4,rmse_by_horizon_5,rmse_by_horizon_6,rmse_by_horizon_7,rmse_by_horizon_8,rmse_by_horizon_9,rmse_by_horizon_10,rmse_by_horizon_11,rmse_by_horizon_12,rmse_p56_by_horizon_1,rmse_p56_by_horizon_2,rmse_p56_by_horizon_3,rmse_p56_by_horizon_4,rmse_p56_by_horizon_5,rmse_p56_by_horizon_6,rmse_p56_by_horizon_7,rmse_p56_by_horizon_8,rmse_p56_by_horizon_9,rmse_p56_by_horizon_10,rmse_p56_by_horizon_11,rmse_p56_by_horizon_12,stage,target
transformer,0,2,12,all,140120_1,base,1.0305399894714355,0.4634135663509369,1.7082830667495728,1.187042236328125,3.8147735595703125,0.11482254697286012,1326,0.7141779788838613,0.7214028835296631,0.19452762603759766,0.021108409389853477,0.08183449506759644,0.05078932270407677,1.0377416610717773,2.1393649578094482,0.6417470574378967,0.8868790864944458,1.0494085550308228,1.055341362953186,1.0675643682479858,1.0647339820861816,1.0724523067474365,1.0882197618484497,1.0797499418258667,1.0851401090621948,1.1005641222000122,1.1093804836273193,1.0837143659591675,1.4965286254882812,1.7655282020568848,1.7672533988952637,1.779536485671997,1.7675926685333252,1.7729928493499756,1.7905635833740234,1.7681370973587036,1.7680965662002563,1.7857438325881958,1.8143013715744019,inputs_capacity,
routed,0,2,12,all,140120_1,base,1.2915545739562355,0.5228096823980604,2.143866956396036,1.1870421597118463,5.4005353162178515,0.11482254697286012,1326,,,0.1945276366998951,0.02045004639152123,0.08193599917790352,0.0483600889860878,1.0700032031008604,2.775794917817891,0.8628237468568859,1.0893135733847454,1.2037141496992974,1.2545135893405053,1.316527119739413,1.345361853481196,1.3893745331814678,1.4207422974249098,1.4085382779025206,1.4074096129391434,1.4161364145546238,1.3089443501763725,1.4626272052043876,1.8411050493144419,2.0267882155976142,2.1030739642225718,2.1975257378343933,2.2363455980480285,2.2998564707572515,2.340833399705335,2.309808869208936,2.2967726550298235,2.3007635763422565,2.1426676398901257,inputs_capacity,
transformer,1,2,12,all,140120_1,base,1.0278080701828003,0.4619694948196411,1.7041066884994507,1.1934027671813965,3.7830753326416016,0.11482254697286012,1326,0.7156862745098039,0.7440050840377808,0.1856282651424408,0.021821631118655205,0.07921705394983292,0.0618707612156868,1.0384399890899658,2.132718801498413,0.6436257362365723,0.8925565481185913,1.0374221801757812,1.0478975772857666,1.0693479776382446,1.0878835916519165,1.0569162368774414,1.0807121992111206,1.0912801027297974,1.0899078845977783,1.0867574214935303,1.085805058479309,1.0868271589279175,1.5060272216796875,1.7447749376296997,1.7566269636154175,1.78196382522583,1.8066426515579224,1.7459681034088135,1.7789520025253296,1.786981463432312,1.7781184911727905,1.7637721300125122,1.776641607284546,inputs_capacity,
routed,1,2,12,all,140120_1,base,1.293202575040647,0.5217481785613594,2.1469904866227973,1.1934028069516376,5.4005353162178515,0.11482254697286012,1326,,,0.18562827530258286,0.02139222158872873,0.07856157652861898,0.053695740635400536,1.0704827473831247,2.7802137363285127,0.8645034949304071,1.0978726557352674,1.2060197884623804,1.2546390723663627,1.3214064996599417,1.3557221904866,1.3834185975051683,1.4172204392559002,1.40950735433599,1.4105451825107655,1.415138590155034,1.3086069189686744,1.4654863025967317,1.8556063138469068,2.0304915795524643,2.1049905681437684,2.2053892554095196,2.254174169496049,2.2890772057596958,2.3356268905784883,2.311279508118062,2.303626420779177,2.29957978761761,2.1430692390673496,inputs_capacity,
transformer,2,2,12,all,140120_1,base,1.0034018754959106,0.4534545838832855,1.6631766557693481,1.1663762331008911,3.688225269317627,0.11482254697286012,1326,0.6945701357466063,0.7663575410842896,0.17938768863677979,0.03257625550031662,0.08817745745182037,0.07496202737092972,1.016230821609497,2.0802934169769287,0.6313344240188599,0.8754815459251404,1.0285412073135376,1.0317208766937256,1.0527503490447998,1.037871241569519,1.055072546005249,1.0453859567642212,1.0500410795211792,1.060135006904602,1.0619360208511353,1.049444317817688,1.0661107301712036,1.4769433736801147,1.7294539213180542,1.7274000644683838,1.7560480833053589,1.7215173244476318,1.74434494972229,1.721014380455017,1.7194983959197998,1.7280081510543823,1.722214937210083,1.7160431146621704,inputs_capacity,
routed,2,2,12,all,140120_1,base,1.2853586605200238,0.5160829895098998,2.133802801358616,1.1663762233780555,5.4005353162178515,0.11482254697286012,1326,,,0.17938768341340255,0.032452642899392425,0.08713809294652276,0.06636452940937261,1.0482685293530802,2.768515594728085,0.8596556256086759,1.0870785294613041,1.2005776222970128,1.2454790027319214,1.308532580483668,1.3369422730487186,1.3839592800076916,1.4134651656985386,1.402451058232132,1.4062956249805225,1.4083563144007383,1.296894898708251,1.4574133554399136,1.8373116973824948,2.0211471956652494,2.0878391932879046,2.1851202014839166,2.2219983452005354,2.291128222857265,2.329846145262962,2.300186399966443,2.2957089827444737,2.287747082830397,2.123196906796765,inputs_capacity,
transformer,0,2,12,all,140206_1,base,0.8726884126663208,0.4116542935371399,1.397631287574768,0.9710476398468018,2.1615676879882812,0.270935960591133,522,0.5938697318007663,0.8804904222488403,0.05480222776532173,0.048065513372421265,0.05567498505115509,0.06747231632471085,0.4940585196018219,1.964308500289917,0.6207315921783447,0.8389785885810852,0.8503345847129822,0.8950371742248535,0.8699332475662231,0.89357990026474,0.9013440012931824,0.8759732246398926,0.8975547552108765,0.9071031808853149,0.9419606924057007,0.9887298941612244,1.0522300004959106,1.4083305597305298,1.4110276699066162,1.4704641103744507,1.414177656173706,1.4359064102172852,1.4313267469406128,1.3741872310638428,1.3918179273605347,1.39041006565094,1.4256447553634644,1.5219426155090332,inputs_capacity,
routed,0,2,12,all,140206_1,base,0.5726954185111138,0.31356932002152915,0.915173023558963,0.9710477210426248,0.7442723532653632,0.270935960591133,522,,,0.05480222871265712,0.04507872609360706,0.07664662670121312,0.06014099280464856,0.5384993975417194,1.203263471580397,0.4560954546503327,0.5290525901692213,0.5638931847262121,0.5589933765877387,0.5342962593342032,0.5509492722744691,0.5726917169538,0.5896351664010308,0.6086625455071603,0.6194086578164122,0.6306165311709382,0.6748504539525424,0.7719631584828448,0.8858706689353112,0.9312204360451019,0.9153277391620598,0.8649227646141026,0.8823898849342832,0.9072246694611065,0.9242869666551773,0.942675643256141,0.9490724111904474,0.9535373740722903,1.0373866287532016,inputs_capacity,
transformer,1,7,12,all,140206_1,base,0.8393323421478271,0.43101003766059875,1.3441616296768188,1.1780204772949219,1.712998867034912,0.270935960591133,522,0.6149425287356322,0.6588857173919678,0.06334641575813293,0.04466346651315689,0.05805850774049759,0.05204208195209503,0.6994644999504089,1.8097671270370483,0.6096756458282471,0.7449414730072021,0.7460168600082397,0.7679086923599243,0.7597931027412415,0.7643011808395386,0.8388817310333252,0.8838383555412292,0.9416838884353638,0.9870298504829407,1.017152190208435,1.0153892040252686,1.031287431716919,1.24835205078125,1.2375704050064087,1.2618120908737183,1.2348637580871582,1.2279945611953735,1.3326683044433594,1.3878179788589478,1.4611977338790894,1.5123791694641113,1.5397074222564697,1.5636881589889526,inputs_capacity,
routed,1,7,12,all,140206_1,base,0.6739886331424089,0.3620450481027473,1.077881361218614,1.1780204335289937,0.7442723532653632,0.270935960591133,522,,,0.0633464202663567,0.042183572009492,0.07916555398193234,0.05980855836750352,0.7184926716157897,1.3716411114532934,0.45377996580127755,0.514574052501858,0.5899037471405518,0.6097710223595925,0.588743154079169,0.5749641126755571,0.6480560040809714,0.7220737843094717,0.7841975882463991,0.8360950994010439,0.8528727442798333,0.8769011568710435,0.7651824405410619,0.8586460321461522,0.9752754555677796,0.9994502868804624,0.9537548017720604,0.9210348037634972,1.0282915423173307,1.1332577185448949,1.216442668958676,1.280614231778139,1.2907093152307947,1.350084811394667,inputs_capacity,
transformer,2,3,12,all,140206_1,base,0.8055168390274048,0.39388930797576904,1.2897565364837646,0.9633331298828125,1.9085414409637451,0.270935960591133,522,0.7279693486590039,0.7884397506713867,0.05840636044740677,0.04731566831469536,0.05563366785645485,0.06545201689004898,0.5002104043960571,1.7996304035186768,0.6193503737449646,0.7970252633094788,0.8044474720954895,0.8081516623497009,0.800599992275238,0.8181433081626892,0.8017783761024475,0.8260599970817566,0.8255695104598999,0.8482264876365662,0.86576908826828,0.8645569086074829,1.049851655960083,1.3380017280578613,1.3345023393630981,1.326683759689331,1.3000528812408447,1.3152116537094116,1.2726200819015503,1.296372413635254,1.2805756330490112,1.2985819578170776,1.3103293180465698,1.3309283256530762,inputs_capacity,
routed,2,3,12,all,140206_1,base,0.5690519305398634,0.31118093639793476,0.9092094766525002,0.9633331305915714,0.7442723532653632,0.270935960591133,522,,,0.058406361275869616,0.04509798203479724,0.07790216570094553,0.058673028341967456,0.5310973945428104,1.1973558749290365,0.4515579029830426,0.512444854409607,0.5508401447532986,0.5440326529836625,0.5322199350515829,0.5416433312750247,0.5637964817841615,0.6009499689861896,0.614008855058769,0.6405356707497707,0.6382546710081596,0.6552383006118897,0.7639559743621168,0.8578787750181399,0.9103230585432008,0.8889326338781014,0.8597651697650063,0.8681204034312725,0.8928799207044372,0.942695035016839,0.9523078159134868,0.9793827760288983,0.9653733077794067,1.00788492273995,inputs_capacity,
transformer,0,2,12,all,140207_2,base,0.6068218946456909,0.2616555094718933,0.9702529907226562,0.3192991316318512,1.7889227867126465,0.270935960591133,522,0.7624521072796935,0.9357064366340637,0.09502020478248596,0.012566964142024517,0.04453745484352112,0.05988628417253494,0.3286375403404236,1.294010877609253,0.4184413552284241,0.5705026388168335,0.6265242695808411,0.6081604957580566,0.5988800525665283,0.6168102025985718,0.6043556928634644,0.6216424107551575,0.6458486318588257,0.6234444975852966,0.665136456489563,0.6850656270980835,0.7047604322433472,0.9545651078224182,1.0395032167434692,0.9977346062660217,0.9716300368309021,0.9905492067337036,0.9586589932441711,0.9738820791244507,1.0002672672271729,0.9538167119026184,1.0063540935516357,1.0520062446594238,inputs_capacity,
routed,0,2,12,all,140207_2,base,0.4214556013170997,0.19072450617536946,0.6713690197737155,0.3192991194427036,1.1786787358451263,0.270935960591133,522,,,0.0950202063360355,0.01283030939912857,0.04885161025350474,0.06777304450050212,0.176164575512221,0.9054938045389347,0.2824638050287575,0.26929879331507944,0.20295867724695915,0.2774022826663534,0.3298551460262215,0.4124720868532125,0.4928103721981219,0.5165803645213994,0.5294756085269959,0.5479865506821282,0.5229894618089819,0.5536442485413852,0.47166370993676543,0.44315351931578967,0.3305261223310236,0.4488604426382264,0.5306482014618402,0.6602137402976769,0.7803082468985182,0.8081503559089636,0.8181046323795333,0.8372397462108802,0.7907580463964633,0.8485775528449401,inputs_capacity,
transformer,1,2,12,all,140207_2,base,0.5582331418991089,0.253749281167984,0.8912375569343567,0.33735835552215576,1.6203243732452393,0.270935960591133,522,0.7854406130268199,0.9479360580444336,0.10059484839439392,0.01946845091879368,0.06691688299179077,0.056889407336711884,0.290536105632782,1.1911118030548096,0.4532204866409302,0.5239298939704895,0.5701519846916199,0.5481494069099426,0.5486109852790833,0.5565820932388306,0.5743803977966309,0.5754522085189819,0.5738497972488403,0.5961785912513733,0.5848585963249207,0.6069585680961609,0.7624635100364685,0.8767727017402649,0.9440674185752869,0.8989235758781433,0.888877809047699,0.889807939529419,0.9098454713821411,0.896708071231842,0.888008713722229,0.9124313592910767,0.8840098977088928,0.9329472184181213,inputs_capacity,
routed,1,2,12,all,140207_2,base,0.4258572636305984,0.1981433365063357,0.6777773537894297,0.33735836625276927,1.1786787358451263,0.270935960591133,522,,,0.10059485272925492,0.020004985871753485,0.060017275166027215,0.06520551922405411,0.164724416354807,0.9162970568900703,0.3024396049658052,0.26158939468710873,0.2057034037920736,0.2766181421616901,0.335809318428911,0.42164008543813986,0.49920924370470743,0.5227176170037893,0.5440319657643965,0.5500288907753544,0.529575789425851,0.5411842735558149,0.5038002781327964,0.431342095832878,0.33195450766006357,0.4480292083943037,0.5402075600331168,0.6719604358134982,0.7899016186411327,0.8138977035277277,0.8410247234732838,0.8409495929702548,0.8000845035782398,0.8312848642354324,inputs_capacity,
transformer,2,3,12,all,140207_2,base,0.5286030173301697,0.24774473905563354,0.843919038772583,0.39395543932914734,1.486953854560852,0.270935960591133,522,0.9425287356321839,0.913209855556488,0.09765709191560745,0.01807253621518612,0.04361762851476669,0.0734788328409195,0.2866511940956116,1.1253411769866943,0.3965616524219513,0.475294828414917,0.48765990138053894,0.5080648064613342,0.5274015069007874,0.5278741121292114,0.5446656942367554,0.5596075057983398,0.543679416179657,0.5845065116882324,0.6025298833847046,0.598840057849884,0.6683522462844849,0.7937394976615906,0.8060564994812012,0.8319582939147949,0.8542776107788086,0.8456968665122986,0.8630242347717285,0.8751314878463745,0.841503918170929,0.8943053483963013,0.9095130562782288,0.919135570526123,inputs_capacity,
routed,2,3,12,all,140207_2,base,0.4389731681582459,0.20176483134610113,0.6996843947707255,0.39395542076699613,1.1786787358451263,0.270935960591133,522,,,0.09765708852951085,0.018510386221564486,0.04407197691523967,0.0649974567372996,0.1429796542582086,0.9498451285481171,0.28409939547387886,0.2965105306350163,0.26596602554847315,0.31222689989189784,0.350903398430077,0.43537864330798737,0.5059365648345008,0.5313317161802958,0.5524445111696744,0.5582118415705409,0.5328361633867573,0.5574620146479867,0.47612572352555954,0.49103558182019164,0.43459292145495304,0.5087116726220435,0.5645075063323998,0.6957026260665995,0.8011159567658048,0.8313451392472909,0.8553721050831966,0.8540056447036803,0.8035453905198251,0.8550888936882973,inputs_capacity,
transformer,0,4,12,all,140214_1,base,0.810380756855011,0.3568554222583771,1.3155465126037598,0.9141139388084412,2.1499745845794678,0.23636363636363636,726,0.8195592286501377,0.8346825838088989,0.039900247007608414,0.02101387456059456,0.03386247530579567,0.07161359488964081,0.4016631245613098,1.7771652936935425,0.5074779987335205,0.6889404058456421,0.8032810688018799,0.8196384310722351,0.8314175009727478,0.8346074223518372,0.8430060744285583,0.8445420265197754,0.8657403588294983,0.8798635005950928,0.8832255601882935,0.8939592838287354,0.8572343587875366,1.1561657190322876,1.338991403579712,1.3551421165466309,1.3630974292755127,1.357297658920288,1.3598909378051758,1.3522058725357056,1.3743940591812134,1.3845971822738647,1.3776992559432983,1.4129582643508911,inputs_capacity,
routed,0,4,12,all,140214_1,base,0.575449506095857,0.2673014966701142,0.9325728836752066,0.9141139125396696,0.9898598110146519,0.23636363636363636,726,,,0.039900247583256096,0.021607547060527154,0.04413060030451949,0.09137944663807461,0.39937636780651203,1.2311654825235316,0.27167244131830487,0.4691854545907224,0.5838674973412015,0.6272354899142922,0.6308844090238287,0.6391847700920514,0.5882933374965991,0.5374349597580427,0.5580042148802222,0.6325842562508672,0.6301657730056704,0.6621374687084715,0.45572112706546436,0.7864529083542976,0.9721105995908569,1.0359159154888447,1.0323153767987343,1.0366552055246971,0.9457744934649853,0.857675176770864,0.8842149132486045,0.994645330871881,0.982642285228227,1.0462351866990678,inputs_capacity,
transformer,1,3,12,all,140214_1,base,0.800497829914093,0.3447372019290924,1.2989567518234253,0.7543842196464539,2.3021538257598877,0.23636363636363636,726,0.8622589531680441,0.8848592638969421,0.04300488531589508,0.04625971242785454,0.04431164264678955,0.07402794808149338,0.44239768385887146,1.744765281677246,0.515375554561615,0.6889776587486267,0.8095512390136719,0.8107312321662903,0.8142070174217224,0.8200137615203857,0.8374202251434326,0.8481540679931641,0.8516188859939575,0.8587825298309326,0.8658886551856995,0.8607861399650574,0.8686634302139282,1.155684232711792,1.3494762182235718,1.339450716972351,1.3337229490280151,1.3338075876235962,1.3493744134902954,1.3576176166534424,1.3519431352615356,1.3511501550674438,1.3506741523742676,1.3600194454193115,inputs_capacity,
routed,1,3,12,all,140214_1,base,0.504475888956813,0.24110680176781885,0.8161963485259103,0.754384242328377,0.9898598110146519,0.23636363636363636,726,,,0.04300488616668606,0.04619815735323114,0.04753891421250276,0.09449557164769326,0.39749733197516124,1.0622957023553705,0.2692413795382162,0.4215937005523456,0.535341423334675,0.565207280298552,0.5720836373850416,0.5698222476748851,0.5224627940013258,0.49741743816805134,0.4870401768161837,0.5087653977912696,0.5246776434510234,0.521477957339946,0.4489914213834261,0.7055307132853464,0.8909109391094121,0.9325694843803947,0.9344016443912574,0.9228718234136599,0.8361779251233734,0.7926235336942435,0.7713640447483653,0.798986187946223,0.8179691621814034,0.8228724671603668,inputs_capacity,
transformer,2,6,12,all,140214_1,base,0.7619513273239136,0.3496512770652771,1.236838698387146,0.8540570735931396,2.0286788940429688,0.23636363636363636,726,0.7520661157024794,0.7824026942253113,0.05290333181619644,0.012769652530550957,0.030548159033060074,0.06257221102714539,0.38190221786499023,1.6699563264846802,0.5457459092140198,0.6440752744674683,0.7473151087760925,0.7608579993247986,0.7764711976051331,0.7762991786003113,0.786248505115509,0.7928603291511536,0.8074799180030823,0.8229881525039673,0.8318340182304382,0.843842089176178,0.9225767254829407,1.0810654163360596,1.2453796863555908,1.2573726177215576,1.2734490633010864,1.2636139392852783,1.2684142589569092,1.2691251039505005,1.2813385725021362,1.2942780256271362,1.2975214719772339,1.3333128690719604,inputs_capacity,
routed,2,6,12,all,140214_1,base,0.5481181435437102,0.2685321709124668,0.8880321063161576,0.8540570463082943,0.9898598110146519,0.23636363636363636,726,,,0.052903332636845164,0.014321786505775168,0.042064669263586915,0.08681835890893483,0.38844568633614357,1.1699319908318684,0.27402373225032295,0.43967530901461843,0.5417502996061876,0.60150084258207,0.6117633993956871,0.6361244649479673,0.5875924422331995,0.5770221376091608,0.5485399993440319,0.5642236602401394,0.5424861270557324,0.5829422153682153,0.4605652231396679,0.7376090884442696,0.9013439331647166,0.9930362585491446,1.0012766228325163,1.0326283461424715,0.9440999229464827,0.9211653054475155,0.8686238452667681,0.8861794732177742,0.845786596540186,0.920382364349635,inputs_capacity,
transformer,0,4,12,all,140214_2,base,0.5157594680786133,0.26226741075515747,0.8049550652503967,0.8635995388031006,0.6441836357116699,0.29577464788732394,522,0.9559386973180076,0.9317092895507812,0.07588668912649155,0.016915593296289444,0.049388088285923004,0.050860416144132614,0.2437855452299118,1.1045931577682495,0.46977701783180237,0.6055939793586731,0.512654185295105,0.5082342624664307,0.5108821392059326,0.5079577565193176,0.513105034828186,0.5123968124389648,0.5151561498641968,0.5062175393104553,0.49211230874061584,0.5176495313644409,0.772118091583252,0.9861552119255066,0.8261833786964417,0.8090304732322693,0.8049309849739075,0.7916623950004578,0.7914448976516724,0.7811514139175415,0.7730304598808289,0.75343918800354,0.7427185773849487,0.7966994047164917,inputs_capacity,
routed,0,4,12,all,140214_2,base,0.5286018310270026,0.2766173014864914,0.8253475531048242,0.8635995638276759,0.7262063556388995,0.29577464788732394,522,,,0.07588668877689923,0.0157526335022246,0.050069565298177826,0.03610840345248947,0.40281236053231595,1.0889097057203083,0.45830272431872776,0.6000502534205305,0.5471867669715833,0.5443206647428942,0.5398438130134123,0.5362557314968976,0.542541550168144,0.5214686708097149,0.5287098236196504,0.502633590429871,0.48056829944987156,0.5171192636866149,0.7532883682993672,0.9777415269168057,0.8821586928385866,0.8675856148290333,0.8512433986133471,0.8366138369478537,0.8372074214238424,0.7949289544249708,0.7936090089234559,0.7480880322468265,0.7251696433609579,0.7958811315129887,inputs_capacity,
transformer,1,4,12,all,140214_2,base,0.6428749561309814,0.3390825092792511,1.004932165145874,1.0960825681686401,0.7442554831504822,0.29577464788732394,522,0.8007662835249042,0.7452540993690491,0.05641286447644234,0.017407312989234924,0.053973011672496796,0.04026105999946594,0.4098389744758606,1.3521918058395386,0.48559364676475525,0.6680258512496948,0.6790626645088196,0.6398519277572632,0.6487213373184204,0.6734306812286377,0.6662003397941589,0.647306501865387,0.6564037203788757,0.6587439179420471,0.6535764932632446,0.6282516717910767,0.799426257610321,1.0889898538589478,1.0959439277648926,1.021539568901062,1.0246459245681763,1.04967200756073,1.0282108783721924,0.9868311882019043,0.9898532032966614,0.9810280799865723,0.9891844987869263,0.9672477841377258,inputs_capacity,
routed,1,4,12,all,140214_2,base,0.6403105727095506,0.3228895572451071,1.001018805483518,1.096082615351326,0.7262063556388995,0.29577464788732394,522,,,0.056412866111972035,0.01624082035569869,0.055591642631405556,0.026853846024781913,0.4067366803599854,1.3473691301517106,0.4664246461175765,0.6413889525185041,0.6949341236576382,0.6701567540088028,0.6689732039196119,0.6866060325686562,0.6762741958281143,0.6428317889225398,0.6406271932084656,0.6387896782677092,0.6254471340448983,0.6058401709257275,0.767842015312429,1.0454763361733057,1.1215948671205522,1.0700124926695334,1.0566155093655845,1.0709714474290406,1.0439560886563215,0.9803332528356314,0.966105184820094,0.9512518088500439,0.9465453028179274,0.9326739613159104,inputs_capacity,
transformer,2,3,12,all,140214_2,base,0.5721206665039062,0.31110575795173645,0.8925310969352722,0.962692141532898,0.697636604309082,0.29577464788732394,522,0.8639846743295019,0.8647506237030029,0.09139401465654373,0.024249354377388954,0.05901910364627838,0.05510746315121651,0.3793088495731354,1.196334719657898,0.4674801230430603,0.5960694551467896,0.5323388576507568,0.5434180498123169,0.5710567831993103,0.5897514820098877,0.5962129831314087,0.5908746123313904,0.6039207577705383,0.6173526644706726,0.5814937353134155,0.5822729468345642,0.7682995200157166,0.9694605469703674,0.8572766780853271,0.866002082824707,0.8995711207389832,0.9191190600395203,0.9193941354751587,0.8999956250190735,0.9082031846046448,0.916265606880188,0.8781877160072327,0.893427312374115,inputs_capacity,
routed,2,3,12,all,140214_2,base,0.5761964643349453,0.3017018072005393,0.8992461089596001,0.9626921001818877,0.7262063556388995,0.29577464788732394,522,,,0.09139401306186054,0.02410017004214198,0.05731556891543461,0.03846063010502719,0.40310315795529134,1.1986852475807048,0.45267544911609897,0.5869684425059944,0.5482184484598621,0.5703870579038322,0.5886387420429591,0.6129321665727854,0.6115745873434373,0.599929890437964,0.6100121008385929,0.6065151995546274,0.5632350877471348,0.5612582796902396,0.7441085194772434,0.9548526482962356,0.8839822052836045,0.9100106114391258,0.9280170349500239,0.9558401150390478,0.9434661275461647,0.913980974691566,0.9174354740630603,0.9000376472658078,0.8504492293149162,0.8608943186013667,inputs_capacity,
transformer,0,3,12,all,140227_1,base,0.4384066164493561,0.17276528477668762,0.7396398782730103,0.37556517124176025,2.367841958999634,0.07428571428571429,2538,0.9247438928289992,0.8939628601074219,0.12493032217025757,0.01000571995973587,0.05613813176751137,0.05095292255282402,0.3129274249076843,0.968332827091217,0.3300210237503052,0.41751623153686523,0.44908085465431213,0.4535976052284241,0.44649946689605713,0.46613356471061707,0.4422404170036316,0.44472137093544006,0.4515082538127899,0.45084837079048157,0.4573098421096802,0.4385720491409302,0.5621582865715027,0.7112206816673279,0.7634426951408386,0.7692240476608276,0.7564431428909302,0.7859073281288147,0.7458917498588562,0.7475649118423462,0.7575387358665466,0.7536061406135559,0.7629066109657288,0.7344493269920349,inputs_capacity,
routed,0,3,12,all,140227_1,base,0.3569789101496223,0.16127606819397694,0.598754203633572,0.37556515771525295,1.7516736163940732,0.07428571428571429,2538,,,0.12493032919254016,0.009938939824459378,0.058525418410371434,0.06384666103034864,0.30209464017883303,0.7687123974147014,0.2765142308434987,0.2877083136856344,0.3524937170522825,0.33652518851528573,0.3480578964577838,0.3780008284467235,0.36726593240910854,0.36141994782040954,0.3922894851298831,0.40401431414362027,0.38846007881982625,0.3730503006811529,0.4683124741311184,0.48371524615976114,0.5948329298353756,0.5649817917944707,0.5852609543746233,0.6330648520936688,0.6163647580833654,0.6040676083199653,0.6559286382650688,0.6735189721006837,0.6456822363114781,0.6223062258708144,inputs_capacity,
transformer,1,4,12,all,140227_1,base,0.47381943464279175,0.229485884308815,0.799586832523346,0.5936675071716309,2.052931785583496,0.07428571428571429,2538,0.871946414499606,0.7936022877693176,0.13198117911815643,0.012230430729687214,0.05915642902255058,0.05875226482748985,0.39232131838798523,1.0302870273590088,0.34710246324539185,0.4375647008419037,0.5018240809440613,0.4718360900878906,0.46073535084724426,0.4443444609642029,0.49638116359710693,0.5007971525192261,0.47410500049591064,0.4976802170276642,0.5149242877960205,0.5185675621032715,0.5910274386405945,0.7457332611083984,0.8552030324935913,0.798846960067749,0.779981255531311,0.7466655969619751,0.8376590013504028,0.840816080570221,0.7961209416389465,0.8344995975494385,0.8578380346298218,0.8707051873207092,inputs_capacity,
routed,1,4,12,all,140227_1,base,0.44206078378076447,0.2263746275856031,0.7444428466947534,0.5936675382129042,1.7516736163940732,0.07428571428571429,2538,,,0.13198117859605404,0.012044169884793291,0.06145375159409797,0.07160203538751664,0.4110163627920573,0.9429953601424745,0.29583484778979025,0.3372059368501412,0.4373843851837869,0.42394425537649705,0.4411085318550325,0.4376036521247122,0.46220131968076555,0.4594729848326947,0.4722808928782126,0.4970894008190923,0.5022232702981978,0.49828854505792936,0.5009983396635975,0.569961310518678,0.7428921471149336,0.7149964591111189,0.7451611455575854,0.7341830500682052,0.7784240060995848,0.7694188317954362,0.7926489216283041,0.8333363400385754,0.8362137014029928,0.8361393604287617,inputs_capacity,
transformer,2,4,12,all,140227_1,base,0.43313440680503845,0.18152275681495667,0.7302982807159424,0.41260334849357605,2.2490100860595703,0.07428571428571429,2538,0.9227738376674547,0.8654263615608215,0.12400273978710175,0.01884526200592518,0.062295928597450256,0.05125042051076889,0.34817221760749817,0.944315493106842,0.3263687193393707,0.4513002932071686,0.4399670660495758,0.4496697187423706,0.45444586873054504,0.44525346159935,0.44310662150382996,0.44662562012672424,0.4440818727016449,0.44960662722587585,0.419768363237381,0.4126187264919281,0.5554915070533752,0.7692954540252686,0.7478383779525757,0.7615327835083008,0.7696875929832458,0.7502644658088684,0.7460115551948547,0.751287043094635,0.7445060014724731,0.7512129545211792,0.6983410120010376,0.6907272934913635,inputs_capacity,
routed,2,4,12,all,140227_1,base,0.36998947216221145,0.1730756433700629,0.6209109144124292,0.4126033553836238,1.7516736163940732,0.07428571428571429,2538,,,0.12400274307681512,0.01786901951816996,0.06466705709792561,0.06429645738533449,0.3506851692631744,0.7834917630156728,0.27623447987719507,0.3248175828086714,0.35484923479564173,0.3597588014699131,0.3689028458018612,0.3909887648423406,0.37390773809904576,0.37326458167446486,0.40443733792529396,0.4165560459948681,0.39957092567955194,0.3805616905365399,0.4676239138585492,0.548012909371516,0.5989839430594704,0.6042648153464208,0.6208714090887252,0.6558320981960187,0.6263991822334146,0.6249387593144007,0.6764533761909959,0.6946179203213249,0.663893654463847,0.6358889696691108,inputs_capacity,
transformer,0,3,12,all,140313_1,base,0.6050753593444824,0.3216626048088074,0.9616366028785706,0.972394585609436,0.7483760714530945,0.053974484789008834,2658,0.7682468021068473,0.8688473701477051,0.1646057516336441,0.031193606555461884,0.17072516679763794,0.13262338936328888,0.6893502473831177,1.1129575967788696,0.43898382782936096,0.5616007447242737,0.6023055911064148,0.6198751330375671,0.6200017333030701,0.618867039680481,0.6209718585014343,0.6336259245872498,0.625031590461731,0.6345913410186768,0.6296747326850891,0.6337088346481323,0.7026345133781433,0.8980748653411865,0.9627885818481445,0.9906930923461914,0.9880069494247437,0.9834012389183044,0.9855382442474365,1.0027295351028442,0.9893041253089905,1.0032018423080444,0.990706741809845,1.0012801885604858,inputs_capacity,
routed,0,3,12,all,140313_1,base,0.6376686692276977,0.33568346127758714,1.0150172915809577,0.9723945797856862,1.585867524161157,0.053974484789008834,2658,,,0.16460575111284695,0.031142079141580934,0.17085855089704932,0.1341305130942319,0.6872653569780225,1.1915866425640993,0.4373336754353479,0.5599187658451831,0.6350157704620237,0.6546056326706496,0.6531778625957974,0.6572807582427982,0.6556277704856777,0.6663150491773344,0.6621626078139601,0.6768372187941125,0.6775438779759361,0.6824067857038904,0.6998891661778935,0.8951290516783728,1.0167227068215332,1.0480596295743188,1.0422652005989672,1.0464086546402929,1.042173508219484,1.0563893297102782,1.0494147365086006,1.0715478610948823,1.068293570079704,1.0804490990270277,inputs_capacity,
transformer,1,3,12,all,140313_1,base,0.6211906671524048,0.35596898198127747,0.9854599833488464,0.9898506999015808,0.9050502181053162,0.053974484789008834,2658,0.5218209179834462,0.8987817764282227,0.17393819987773895,0.037367772310972214,0.19110994040966034,0.13691450655460358,0.7200080752372742,1.134583830833435,0.43645179271698,0.5728752613067627,0.6286814212799072,0.6383334994316101,0.6418723464012146,0.6327587962150574,0.6302005052566528,0.6445218920707703,0.6439714431762695,0.6512784957885742,0.6441617608070374,0.6624804735183716,0.6967331171035767,0.9126535058021545,1.0056145191192627,1.0150752067565918,1.0223559141159058,1.0017249584197998,1.0015093088150024,1.019358515739441,1.0163228511810303,1.0263620615005493,1.0148930549621582,1.0429863929748535,inputs_capacity,
routed,1,3,12,all,140313_1,base,0.6488238843954122,0.36807233674909556,1.0308561905625928,0.9898506958214887,1.585867524161157,0.053974484789008834,2658,,,0.17393819126294754,0.037357078431805225,0.19087844455522066,0.13750239700052141,0.7114934524641559,1.2046767906532652,0.4363990522870316,0.5723233775843396,0.6536065474581504,0.6666276772092149,0.6680558575149317,0.6647740976887494,0.6591036730229745,0.6731596783484064,0.6766390089889931,0.6875916824437883,0.6859975449187816,0.7046158368092243,0.6968946226919249,0.9114926567872954,1.0472289924136065,1.0621828983602752,1.0651742848813355,1.0545292124641736,1.0491482320384062,1.0659157152524579,1.069055721023808,1.0854476313943429,1.0826239084475966,1.111729589238245,inputs_capacity,
transformer,2,3,12,all,140313_1,base,0.6017581224441528,0.326175719499588,0.9553548693656921,0.963100790977478,0.8076162934303284,0.053974484789008834,2658,0.7234762979683973,0.8430178761482239,0.16773729026317596,0.032684799283742905,0.17833012342453003,0.1317887157201767,0.7048947215080261,1.0968539714813232,0.43851765990257263,0.5587121248245239,0.6010687947273254,0.6198918223381042,0.6176882982254028,0.6165088415145874,0.6230265498161316,0.6278954744338989,0.6351505517959595,0.621200442314148,0.6231496334075928,0.6169456243515015,0.70261549949646,0.8911340832710266,0.9610262513160706,0.9907994866371155,0.9848312735557556,0.9811958074569702,0.9870771169662476,0.9883796572685242,1.004219889640808,0.9796727299690247,0.9815622568130493,0.9717145562171936,inputs_capacity,
routed,2,3,12,all,140313_1,base,0.6330229614966457,0.33981514321759776,1.0065997155047122,0.9631008308346309,1.585867524161157,0.053974484789008834,2658,,,0.16773728833268015,0.03268030929096182,0.17869528749204275,0.13306168645344252,0.6976175974495276,1.175145198950852,0.4376076488858346,0.5586509848173515,0.6291983514570895,0.6518237413726786,0.6505360264906516,0.6501430556691871,0.6553852260048328,0.6601117012494583,0.6705145684619214,0.6643091246832643,0.6709977718971395,0.6648999334433313,0.7010578975406235,0.8911559739357949,1.0077343695150087,1.043879752249997,1.0384628853713949,1.0362040571948057,1.039530593010335,1.0409365476412726,1.061780087959611,1.0495671509867142,1.0590321841131367,1.0499022735166648,inputs_capacity,
transformer,0,2,12,key,140120_1,base,0.9921090602874756,0.4498998820781708,1.6443182229995728,1.157845377922058,3.6349191665649414,0.11482254697286012,1326,0.6304675716440422,0.7448387742042542,0.18152816593647003,0.02640761248767376,0.096000075340271,0.05448388680815697,1.003086805343628,2.05741810798645,0.6362419724464417,0.8555885553359985,1.0020517110824585,1.0006707906723022,1.0202430486679077,1.0462950468063354,1.041500210762024,1.0388754606246948,1.053797721862793,1.054879069328308,1.0452420711517334,1.0534858703613281,1.0736180543899536,1.4419960975646973,1.685652732849121,1.6764111518859863,1.7012425661087036,1.7369729280471802,1.720659852027893,1.7101854085922241,1.7250758409500122,1.7194156646728516,1.6949806213378906,1.7222728729248047,inputs_capacity,
routed,0,2,12,key,140120_1,base,0.8769599369467317,0.4288813467714575,1.4516793329869278,1.157845294017728,2.8316868886993256,0.11482254697286012,1326,,,0.18152815927394914,0.026049711609183002,0.09790607741525176,0.0653995912727062,1.0215743212544268,1.7508855049969176,0.6863367309499459,0.8433031977174307,0.9037809721745035,0.8555102947120746,0.8584272994115301,0.8838112993498998,0.9275365679915774,0.9721181946447763,0.9435488817107981,0.8944125955720394,0.8704150109515538,0.8651375573439132,1.1597625391805502,1.420861144484177,1.5189393081192444,1.4312602033637374,1.4288286671857038,1.4646125770138254,1.5304280573863083,1.5994088735864416,1.5430024422991453,1.4558404047462807,1.4090603717585048,1.4118448669347519,inputs_capacity,
transformer,1,11,12,key,140120_1,base,0.8967101573944092,0.4658651351928711,1.4854533672332764,1.3127163648605347,2.435720920562744,0.11482254697286012,1326,0.6500754147812972,0.6107667684555054,0.17043790221214294,0.028069453313946724,0.09077480435371399,0.0691877081990242,1.10969877243042,1.7564085721969604,0.6612042784690857,0.8511837720870972,0.8855506181716919,0.8741644620895386,0.8833386301994324,0.9009232521057129,0.9035928249359131,0.9443379044532776,0.933646023273468,0.9425816535949707,0.9682771563529968,0.992097795009613,1.115599274635315,1.4345797300338745,1.4880493879318237,1.4620306491851807,1.47153639793396,1.4947344064712524,1.4929487705230713,1.5521703958511353,1.5291866064071655,1.5368247032165527,1.570784330368042,1.621617078781128,inputs_capacity,
routed,1,11,12,key,140120_1,base,0.9437186833569225,0.4819140135947284,1.5639879391554963,1.3127164046231428,2.8316868886993256,0.11482254697286012,1326,,,0.1704379040829922,0.027308451561384426,0.08851103457613249,0.07396604621397017,1.1252607557066863,1.8731942010588678,0.7392979343436495,0.9443848996018768,0.9815443445901192,0.9199089010812963,0.9233937179870599,0.9405032593371555,0.9743233296424345,1.035785805400237,0.9923264800438505,0.9483172107734266,0.9380317269339901,0.9691950870455845,1.249940441187846,1.5939189966264746,1.6507422567574668,1.5396421771729414,1.5387288962142778,1.5605014681576295,1.610393134244509,1.7036222273676513,1.6257859170325073,1.5462484148362403,1.521371757936088,1.5838896296442504,inputs_capacity,
transformer,2,2,12,key,140120_1,base,1.0393582582473755,0.46048158407211304,1.7232415676116943,1.178628921508789,3.892681837081909,0.11482254697286012,1326,0.6628959276018099,0.7237861752510071,0.1856974959373474,0.02034212462604046,0.08990776538848877,0.05256086587905884,1.0407341718673706,2.160752058029175,0.642665445804596,0.8686608672142029,1.0466279983520508,1.056511640548706,1.088728427886963,1.0957356691360474,1.0940946340560913,1.082209587097168,1.1092337369918823,1.1141436100006104,1.1094170808792114,1.0919824838638306,1.0855556726455688,1.465143084526062,1.7624388933181763,1.77058744430542,1.8152649402618408,1.818852424621582,1.807603359222412,1.7814568281173706,1.8169147968292236,1.816251516342163,1.8010603189468384,1.7848528623580933,inputs_capacity,
routed,2,2,12,key,140120_1,base,0.8857381199609887,0.4321141961684854,1.4664097602677841,1.1786289787204822,2.8316868886993256,0.11482254697286012,1326,,,0.18569749369689786,0.01990361867299299,0.0917408380233122,0.062231832758131364,1.0614961183157932,1.7528249117222574,0.6882422098128128,0.8466572457379227,0.9032242742169375,0.8735274486373367,0.8698637934051858,0.8936385148926113,0.9506131802732265,0.9861733556936856,0.9560972098916505,0.9074246541976677,0.8692202714366141,0.8616809476035386,1.1638272134432934,1.4277373344363895,1.5195354045032958,1.461731172643655,1.4469568355325773,1.4800666450033637,1.568238726407227,1.6221834150493235,1.5642222105455708,1.4767111313237273,1.4086776089469342,1.4051137182076663,inputs_capacity,
transformer,0,12,12,key,140206_1,base,0.8772385120391846,0.412234902381897,1.4026157855987549,1.6051137447357178,0.5730693936347961,0.270935960591133,522,0.60727969348659,0.7311813235282898,0.13048364222049713,0.04460785910487175,0.0580315925180912,0.09290412813425064,0.48536959290504456,1.9742106199264526,0.639029860496521,0.848431408405304,0.8582813143730164,0.931937575340271,0.9548525810241699,1.0021476745605469,0.8775613903999329,1.002193570137024,0.8817287087440491,0.8215217590332031,0.8231107592582703,0.8391279578208923,1.0829145908355713,1.4243589639663696,1.423993468284607,1.5288336277008057,1.5473623275756836,1.605010747909546,1.3931381702423096,1.570310354232788,1.3642507791519165,1.25154447555542,1.2456015348434448,1.2913488149642944,inputs_capacity,
routed,0,12,12,key,140206_1,base,0.8822927678847585,0.4269297433285428,1.4100049489665505,1.605113710239002,0.6364876591873064,0.270935960591133,522,,,0.13048363694358603,0.04613220053274628,0.07361104199597504,0.10921556347095701,0.5413018704855714,1.969124455358447,0.5707371091668486,0.8528322844917676,0.8669715439343268,0.9412811547454307,0.9608030278577848,1.007286608594121,0.8823602248354037,1.0135079002663285,0.8976970255881254,0.8456893851398035,0.8450587113126641,0.8442614351153367,0.9659103543299176,1.4285893877395128,1.4359138424887976,1.5419241021665355,1.5563234580506389,1.6134458184053007,1.4003960260057178,1.5877908940349104,1.3893412593961205,1.290371981126067,1.2788735128330446,1.2992711219698159,inputs_capacity,
transformer,1,8,12,key,140206_1,base,0.7291572690010071,0.3916573226451874,1.1659727096557617,1.0462374687194824,1.4395346641540527,0.270935960591133,522,0.5095785440613027,0.6648386716842651,0.06557304412126541,0.0383400060236454,0.055137813091278076,0.11104902625083923,0.508128821849823,1.6084092855453491,0.6142330169677734,0.7391634583473206,0.6935735940933228,0.6911470293998718,0.6932520866394043,0.7182034850120544,0.7220116853713989,0.7397461533546448,0.756772518157959,0.7874770164489746,0.8054927587509155,0.8098944425582886,1.0413025617599487,1.237092137336731,1.1467225551605225,1.1336232423782349,1.1242966651916504,1.1498712301254272,1.1454018354415894,1.1604607105255127,1.1728805303573608,1.2049320936203003,1.2181228399276733,1.2467550039291382,inputs_capacity,
routed,1,8,12,key,140206_1,base,0.5968507448900379,0.3364574718743675,0.9527871550830137,1.0462373798862188,0.6364876591873064,0.270935960591133,522,,,0.06557304837461989,0.03700894739059151,0.06908826788838919,0.10837717437441559,0.5642243099359314,1.250919378443909,0.49912275362996755,0.614465601659122,0.5820132349274004,0.5576910735037851,0.5694430036376517,0.5909547690575915,0.6011049241567904,0.6103968882645732,0.6214271158005399,0.6406378892473127,0.6407902432523065,0.6486296836979679,0.8441108151028663,1.025160438943335,0.959701990307544,0.9108688207982205,0.9198402524847207,0.9445192286764525,0.9530002046027848,0.9576810701445716,0.9632476853839433,0.979831648659342,0.9681681917561819,0.9978865140001141,inputs_capacity,
transformer,2,12,12,key,140206_1,base,0.9033244848251343,0.42849001288414,1.4460963010787964,1.645308256149292,0.658795952796936,0.270935960591133,522,0.6590038314176245,0.748849093914032,0.07801598310470581,0.046752508729696274,0.07196044921875,0.06860117614269257,0.583761990070343,2.010517120361328,0.6411955952644348,0.8326219916343689,0.9548531174659729,0.9783326983451843,1.0427401065826416,0.9701284170150757,0.9515175819396973,0.9478200674057007,0.9132862091064453,0.8436163067817688,0.8460801243782043,0.8593391180038452,1.0816417932510376,1.3972207307815552,1.5856213569641113,1.6074140071868896,1.694711446762085,1.55919349193573,1.510040521621704,1.4875012636184692,1.4157451391220093,1.291922688484192,1.280571699142456,1.32080078125,inputs_capacity,
routed,2,12,12,key,140206_1,base,0.9022499230546115,0.43774225270018313,1.4433868360070823,1.645308232500884,0.6364876591873064,0.270935960591133,522,,,0.0780159815270572,0.04695095174743045,0.08434461969341128,0.10295648236340096,0.6367111992229386,1.9883653387861726,0.5658696483468693,0.8094283524868375,0.9586464158150299,0.9798638789851274,1.0483656761871412,0.9680422156766756,0.9504594439775137,0.9492260222322045,0.9208930243144087,0.8655056422956666,0.870913280951239,0.8697364599218022,0.9526723182648531,1.3550234343718797,1.5889449987943378,1.6072748070161271,1.7018435217901013,1.5550285333013179,1.5083951316625432,1.489745928332801,1.4277211062591695,1.326253977663099,1.3182113749389428,1.336866492956304,inputs_capacity,
transformer,0,7,12,key,140207_2,base,0.2622288763523102,0.1455894410610199,0.4150955379009247,0.35539451241493225,0.544135570526123,0.270935960591133,522,0.9022988505747126,0.6733220815658569,0.08980684727430344,0.017367269843816757,0.040125492960214615,0.0452294684946537,0.23468010127544403,0.5248075127601624,0.31452423334121704,0.29246407747268677,0.26052621006965637,0.2418222278356552,0.25708767771720886,0.2518763244152069,0.2394687682390213,0.2458283007144928,0.2168314903974533,0.23109480738639832,0.2675072252750397,0.30076107382774353,0.5280546545982361,0.4850667715072632,0.42951545119285583,0.39029353857040405,0.4127602279186249,0.4017053544521332,0.3741156756877899,0.3808968663215637,0.33162227272987366,0.34858229756355286,0.40128350257873535,0.45782893896102905,inputs_capacity,
routed,0,7,12,key,140207_2,base,0.365994424444839,0.18286904928876804,0.5830889249217651,0.35539453635810664,0.9565595171175668,0.270935960591133,522,,,0.08980684195332292,0.017422474304999144,0.03984471201340437,0.04342517564752815,0.24427931491558627,0.7658790670983449,0.27721423766242975,0.3015797188955697,0.31610044591759967,0.355135628305428,0.37871867103156,0.38833727288745257,0.40849212458665884,0.3959400041297824,0.4012475952150026,0.40819637779115236,0.34859282322071333,0.4116595741904072,0.4650867414926951,0.5007384304996244,0.5222289171506239,0.5791935614712285,0.6120691187419861,0.6223612006741491,0.6460846361520189,0.6192321464405421,0.6204209845221131,0.6224198699047986,0.5250098111289672,0.6302757442190944,inputs_capacity,
transformer,1,4,12,key,140207_2,base,0.42294591665267944,0.2109912931919098,0.674656331539154,0.4465031921863556,1.0693386793136597,0.270935960591133,522,0.9386973180076629,0.8882726430892944,0.08880504220724106,0.015126055106520653,0.045678701251745224,0.051046647131443024,0.2005772888660431,0.9056190848350525,0.3593378961086273,0.4182136356830597,0.4006267189979553,0.41413769125938416,0.43175598978996277,0.42825934290885925,0.4347879886627197,0.4567999839782715,0.4249556064605713,0.4212121069431305,0.44520604610443115,0.4483727514743805,0.6045862436294556,0.6956309676170349,0.6626619100570679,0.6792159080505371,0.698686420917511,0.6841809749603271,0.6892678141593933,0.7154103517532349,0.6559200286865234,0.6443460583686829,0.6713511943817139,0.6883741617202759,inputs_capacity,
routed,1,4,12,key,140207_2,base,0.39315389630201214,0.19727939297295452,0.6271028528588013,0.4465031970661988,0.9565595171175668,0.270935960591133,522,,,0.08880504142247343,0.014170222706950073,0.042066363397375406,0.03482331005287579,0.19601754745879632,0.8398699087992795,0.2768147295436104,0.3159839295336151,0.3371574630446421,0.3626535762096816,0.3825844496476542,0.4132722955850351,0.4426673629755514,0.4485503124764436,0.44312725678673914,0.4395635295337263,0.40032626648095837,0.4512579799782951,0.46353725805026763,0.523167142308679,0.5577556739741268,0.5945058199249116,0.6189728164558682,0.6607580464759227,0.7017724966993295,0.7025526138075996,0.6854011397775454,0.6721993171379601,0.6030396682211528,0.6928374041230195,inputs_capacity,
transformer,2,33,12,key,140207_2,base,0.34595686197280884,0.1962226778268814,0.5507180690765381,0.47997963428497314,0.7067420482635498,0.270935960591133,522,0.5766283524904214,0.3190649151802063,0.08196303248405457,0.008767581544816494,0.04087822884321213,0.06016335263848305,0.23146361112594604,0.7231508493423462,0.2876860499382019,0.3491402864456177,0.34725257754325867,0.32941123843193054,0.3335808217525482,0.35010653734207153,0.32404494285583496,0.32589253783226013,0.362661212682724,0.3847675323486328,0.35251879692077637,0.40953221917152405,0.48217248916625977,0.5795624256134033,0.573228120803833,0.5389827489852905,0.5383036732673645,0.5589550137519836,0.5111111998558044,0.5085747241973877,0.559553861618042,0.5867102146148682,0.5313745737075806,0.6290230751037598,inputs_capacity,
routed,2,33,12,key,140207_2,base,0.4040729659922359,0.21632243555769975,0.6448799542511894,0.4799796272903342,0.9565595171175668,0.270935960591133,522,,,0.08196302975175425,0.009278490997311508,0.04378970729560809,0.042051940058414894,0.24445003449160002,0.8538845805521428,0.33383492961934436,0.3786603333149863,0.3862222872391111,0.3928175467941379,0.3951328078867043,0.4133198199944319,0.4365496027318706,0.43325194985775584,0.4461472565901838,0.44901328340517965,0.3664738846285444,0.41968311444611056,0.56141664437289,0.631068181079988,0.6385892169723126,0.643617654914818,0.6397359614192798,0.6620237867466743,0.6913128782697702,0.6784766619023356,0.6905052140013207,0.6865396101453851,0.5526094130403413,0.64471782438274,inputs_capacity,
transformer,0,3,12,key,140214_1,base,0.7978469729423523,0.3436073660850525,1.294694423675537,0.6801268458366394,2.3658599853515625,0.23636363636363636,726,0.8691460055096418,0.8620773553848267,0.040634069591760635,0.02504938468337059,0.024774784222245216,0.09609878063201904,0.46686768531799316,1.7328742742538452,0.4901805818080902,0.678372323513031,0.8059453368186951,0.8140367269515991,0.8181257843971252,0.8235275149345398,0.8288634419441223,0.8403323292732239,0.8471178412437439,0.8499681353569031,0.8704562783241272,0.8745822906494141,0.8285140991210938,1.1362075805664062,1.3431634902954102,1.3423292636871338,1.3426166772842407,1.3397703170776367,1.3376479148864746,1.3442307710647583,1.3448307514190674,1.336722493171692,1.3570942878723145,1.3822792768478394,inputs_capacity,
routed,0,3,12,key,140214_1,base,0.39464688167993633,0.1973484164403654,0.6376523335372124,0.6801268784214007,0.47515013368633513,0.23636363636363636,726,,,0.040634067297372865,0.022230232711646286,0.0354200358074933,0.09676970230831237,0.30178953931407587,0.8328501089249931,0.21129927968203074,0.29887811933328257,0.37623865249798355,0.4255065842842856,0.39982122990150715,0.4161997512774561,0.4269479711411966,0.45162539312304056,0.45507311364688735,0.4398074861061586,0.4085178100612614,0.3818933570798882,0.35410125658977026,0.49526228735560607,0.6248068351841193,0.6967875830347274,0.6533654620184187,0.6739314430296833,0.6859275235144686,0.7193403172333346,0.7206070067607786,0.690049461220938,0.6349942799331595,0.6025501884665853,inputs_capacity,
transformer,1,6,12,key,140214_1,base,0.5861253142356873,0.2667176425457001,0.9508872628211975,0.5758580565452576,1.659530520439148,0.23636363636363636,726,0.7865013774104683,0.696124255657196,0.04886480048298836,0.014414011500775814,0.03826073929667473,0.055666450411081314,0.33260682225227356,1.2751883268356323,0.4497831463813782,0.51834636926651,0.6099032759666443,0.5996111035346985,0.5559066534042358,0.5902147889137268,0.6125737428665161,0.6319058537483215,0.6199911832809448,0.6009523868560791,0.6251831650733948,0.6162528991699219,0.759637176990509,0.8680087327957153,1.0157722234725952,0.9914553761482239,0.9107277393341064,0.9595205783843994,0.9884065985679626,1.0107758045196533,0.9836421608924866,0.9442903995513916,0.9750946164131165,0.9737142324447632,inputs_capacity,
routed,1,6,12,key,140214_1,base,0.34282415788551873,0.18515118881916245,0.5537098790495382,0.5758580598630959,0.47515013368633513,0.23636363636363636,726,,,0.04886480145231074,0.010405568544458201,0.03637462632872789,0.07868286435067218,0.36098557359807426,0.6833477475302554,0.17946733268741738,0.24120833908739173,0.3067474139857996,0.33917200166596595,0.351148991381503,0.3301896711270992,0.3281522814568882,0.3910957197692056,0.39547482314965904,0.3855242948326486,0.3941503542641355,0.4290546878011389,0.29966333261526285,0.39857235262913315,0.5070874742195723,0.558274869631704,0.572066853179908,0.5336947152254397,0.5260362169810976,0.6224891598976032,0.625014971377137,0.6041615506994867,0.614344736127977,0.6774364182228103,inputs_capacity,
transformer,2,22,12,key,140214_1,base,0.26227524876594543,0.12923994660377502,0.42437830567359924,0.30859020352363586,0.6740096807479858,0.23636363636363636,726,0.8112947658402204,0.362493097782135,0.04230519384145737,0.013010319322347641,0.021557290107011795,0.03847891092300415,0.22700905799865723,0.5450268983840942,0.3019249737262726,0.20096515119075775,0.2217710018157959,0.24182023108005524,0.22110983729362488,0.2517350912094116,0.26808857917785645,0.25065878033638,0.26975882053375244,0.2781538963317871,0.3183998167514801,0.3087524473667145,0.5089340806007385,0.33568257093429565,0.3687188923358917,0.39879894256591797,0.3608246445655823,0.40825074911117554,0.43191879987716675,0.40049993991851807,0.4263383448123932,0.43414929509162903,0.49565839767456055,0.4870431423187256,inputs_capacity,
routed,2,22,12,key,140214_1,base,0.2210538718084084,0.11780151228346626,0.3550813586724965,0.3085902266826854,0.47515013368633513,0.23636363636363636,726,,,0.04230519573363959,0.011958388140091902,0.0349665472679341,0.06870462517445101,0.29678926650154736,0.40081319509369534,0.1779627758374814,0.1732469840877889,0.21565254149042426,0.2432263040180064,0.22742814566150865,0.22574836715633378,0.24022359284126235,0.22257676012922994,0.23659114595758682,0.24071236380081532,0.23471829650526566,0.20871326075602684,0.29742604136783785,0.28745492220546365,0.3561120223156846,0.39866496784563027,0.36714898746312374,0.36101511347774834,0.3824920885372062,0.35094853862398007,0.3716499476184667,0.37664517855714874,0.36466625959011406,0.3283197418011059,inputs_capacity,
transformer,0,4,12,key,140214_2,base,0.6846308708190918,0.33558380603790283,1.0698896646499634,1.1777780055999756,0.7531869411468506,0.29577464788732394,522,0.8544061302681992,0.8727636337280273,0.0696699395775795,0.017769578844308853,0.05593663826584816,0.053715117275714874,0.24055127799510956,1.4836690425872803,0.46538588404655457,0.6275258660316467,0.6691910028457642,0.6707988977432251,0.6834121942520142,0.6812098622322083,0.7090561389923096,0.7289716601371765,0.7448608875274658,0.7483729124069214,0.7577449679374695,0.7344024181365967,0.7651548981666565,1.0220149755477905,1.078621745109558,1.0714123249053955,1.0790995359420776,1.0637831687927246,1.0947461128234863,1.1106913089752197,1.1232635974884033,1.114270567893982,1.1459465026855469,1.1285499334335327,inputs_capacity,
routed,0,4,12,key,140214_2,base,0.7661224981404318,0.3821817886426161,1.1978547459353563,1.1777779040539,1.2443536454467696,0.29577464788732394,522,,,0.06966993821338084,0.016421760169006018,0.05197095247062697,0.04503686320057254,0.22359512441476645,1.6677076596449016,0.4535417092557447,0.6490679530084881,0.7343508271062382,0.7225845911365485,0.7730248654361679,0.7901682388827445,0.8173248759649939,0.8407098500810609,0.8447918527724856,0.8369652703064131,0.8479123143994282,0.8679477993790872,0.7459398904588468,1.058115105133617,1.1853136049939212,1.154229326781092,1.2205924935142454,1.2339983038509454,1.2621679101199248,1.282604833434911,1.2742251053147438,1.2464779297091588,1.2827045380406614,1.3348568681632276,inputs_capacity,
transformer,1,4,12,key,140214_2,base,0.6509246230125427,0.3211663067340851,1.0169007778167725,1.0546190738677979,0.9208977818489075,0.29577464788732394,522,0.8716475095785441,0.9393543601036072,0.08661629259586334,0.01885502226650715,0.05274620279669762,0.03309696167707443,0.20020972192287445,1.4143829345703125,0.46326589584350586,0.615236222743988,0.634276807308197,0.6420480608940125,0.662512481212616,0.6824343800544739,0.691720187664032,0.6827508211135864,0.6722163558006287,0.6743115782737732,0.7130588889122009,0.682044506072998,0.761854350566864,1.0027462244033813,1.0235857963562012,1.0245254039764404,1.0455247163772583,1.0649505853652954,1.0672365427017212,1.0420182943344116,1.0127872228622437,1.002555251121521,1.0768802165985107,1.0474565029144287,inputs_capacity,
routed,1,4,12,key,140214_2,base,0.7129031588396272,0.36255679954285835,1.1141080767936338,1.054619148199799,1.2443536454467696,0.29577464788732394,522,,,0.08661629398656406,0.01756595481509892,0.05000824115467047,0.0394125887186087,0.24841401768794172,1.5453153214250674,0.4584174996355543,0.6367046367521887,0.6666117567787235,0.6642646131272196,0.7211092328537563,0.7665235877408882,0.7953196895769459,0.7738329613436641,0.7478314725756223,0.7391600197127887,0.7877556848743508,0.7909099127208293,0.7540256899302685,1.0382045283618064,1.0757973914929713,1.0601561103075414,1.138336478011321,1.1964366791984866,1.22755118858391,1.1810797261163113,1.1271378608087566,1.099458521635904,1.1903174243053491,1.2157323791738903,inputs_capacity,
transformer,2,4,12,key,140214_2,base,0.6417646408081055,0.3210862874984741,1.0028843879699707,1.0543516874313354,0.868148148059845,0.29577464788732394,522,0.8869731800766284,0.9260653853416443,0.07080116122961044,0.026786860078573227,0.050719231367111206,0.03867238387465477,0.23524293303489685,1.3891774415969849,0.4718431532382965,0.6368669867515564,0.6636390089988708,0.6627988219261169,0.6613132953643799,0.6624656915664673,0.6448906660079956,0.6731515526771545,0.6522570848464966,0.6587294936180115,0.6596848368644714,0.6494883298873901,0.7759321331977844,1.038712739944458,1.0705348253250122,1.0580819845199585,1.0439069271087646,1.0333462953567505,0.9954835176467896,1.0268940925598145,0.9825088977813721,0.979295551776886,0.998252272605896,0.9987028241157532,inputs_capacity,
routed,2,4,12,key,140214_2,base,0.7126180040087173,0.36094249646275733,1.113929761271193,1.0543516446857237,1.2443536454467696,0.29577464788732394,522,,,0.07080116324247449,0.02634906058969209,0.050899146436356554,0.04324487910954996,0.25202129268409984,1.544493712510391,0.4624793442947166,0.6602612275069117,0.6985955744002964,0.6725147044056481,0.7208516804312425,0.7653056369850082,0.7741912990290922,0.7911010103544437,0.753193925380158,0.7314119834658824,0.7365487395826379,0.7764389572521851,0.7604939471468057,1.0770082084421362,1.126975520870818,1.0737026827857703,1.1377788220259513,1.1944333469828219,1.1955875360028851,1.2070804435350788,1.1350807199555413,1.0879112122188945,1.1147699943864233,1.1947114049872705,inputs_capacity,
transformer,0,3,12,key,140227_1,base,0.41292694211006165,0.1587650179862976,0.6950482130050659,0.3291206955909729,2.2700929641723633,0.07428571428571429,2538,0.9605988967691096,0.8744289875030518,0.12675383687019348,0.012861916795372963,0.07181122153997421,0.04421035945415497,0.2541675269603729,0.9203455448150635,0.3139001727104187,0.3807772994041443,0.4229614734649658,0.40737205743789673,0.41920024156570435,0.40074843168258667,0.4189915955066681,0.43963244557380676,0.43822965025901794,0.43037134408950806,0.44601914286613464,0.42452189326286316,0.5328571200370789,0.646199107170105,0.7169984579086304,0.6885332465171814,0.7072705030441284,0.6751288175582886,0.704633355140686,0.7379236221313477,0.7347208261489868,0.7178415060043335,0.7430043816566467,0.7095574140548706,inputs_capacity,
routed,0,3,12,key,140227_1,base,0.29275168026447135,0.13864917510015407,0.4871731179086629,0.3291206856017494,1.358341161131473,0.07428571428571429,2538,,,0.1267538461950193,0.011971517651779588,0.06905399139159961,0.04371264751963796,0.21872306887202117,0.6341419435736888,0.25792250280655826,0.29789220316409215,0.3161957681989229,0.29717004689593646,0.2991704690920855,0.2998166611827344,0.29424109345774774,0.2845243080441935,0.28542175500099526,0.29708888907975406,0.29176507123111706,0.2883076228149936,0.434749195372083,0.5015485673656422,0.5308445576810678,0.49685836006603135,0.499586495910664,0.5007324103444386,0.4895174310217117,0.4706369566823724,0.47243287328054334,0.4888980949421277,0.4788994893026198,0.47504199455675367,inputs_capacity,
transformer,1,4,12,key,140227_1,base,0.4374433159828186,0.1964946836233139,0.7376455068588257,0.48626911640167236,2.0923855304718018,0.07428571428571429,2538,0.9278959810874704,0.7955293655395508,0.12532104551792145,0.009206105954945087,0.06140316650271416,0.05441168323159218,0.32571080327033997,0.9618004560470581,0.3585187494754791,0.4686431884765625,0.4986012876033783,0.5059884786605835,0.45816922187805176,0.43466052412986755,0.4320457875728607,0.4250551462173462,0.43503493070602417,0.3865913152694702,0.3931727409362793,0.42586344480514526,0.6108843088150024,0.7998768091201782,0.8492521047592163,0.8604667782783508,0.7756487131118774,0.733610212802887,0.7278783917427063,0.7129921317100525,0.7288824915885925,0.6414705514907837,0.6545279026031494,0.7107468843460083,inputs_capacity,
routed,1,4,12,key,140227_1,base,0.3556447105829201,0.18123856703236985,0.5966205689054549,0.48626910979539306,1.358341161131473,0.07428571428571429,2538,,,0.12532104555908724,0.009073167736624728,0.06168439203272512,0.05387230899469712,0.3076549836617239,0.7636764339552295,0.29508299810724636,0.37901931454867804,0.40868200487979656,0.3980631588731322,0.3667140866632749,0.36952365589797315,0.35121567557675903,0.34436538646200854,0.36003221533087965,0.32636435602901614,0.3229390531528742,0.3261564436913114,0.500192709122914,0.6440752397833324,0.6932987690926241,0.6739944797729661,0.6177205518247815,0.6213859789863007,0.5889026815275292,0.5744638945571902,0.6004392052891042,0.537736084691916,0.5345923656013596,0.5391013624183313,inputs_capacity,
transformer,2,3,12,key,140227_1,base,0.41378116607666016,0.16622933745384216,0.6965121626853943,0.3524520993232727,2.2321701049804688,0.07428571428571429,2538,0.9558707643814027,0.8715787529945374,0.12693876028060913,0.009918522089719772,0.06626749783754349,0.0553179532289505,0.27134642004966736,0.9181469082832336,0.3189050853252411,0.3839012682437897,0.40211591124534607,0.42425546050071716,0.4095207452774048,0.4147046208381653,0.42567023634910583,0.427905797958374,0.4334478974342346,0.44270193576812744,0.4258435368537903,0.44570451974868774,0.5418499708175659,0.6518194675445557,0.6807273626327515,0.7188830971717834,0.6910595893859863,0.6975377798080444,0.7160505056381226,0.7161581516265869,0.7252642512321472,0.740120530128479,0.7096582651138306,0.7461529970169067,inputs_capacity,
routed,2,3,12,key,140227_1,base,0.3014523878000007,0.1474110017879033,0.5020541793210522,0.3524520857908827,1.358341161131473,0.07428571428571429,2538,,,0.1269387702783619,0.009549119254276005,0.06661042404908751,0.055679685492323,0.23793718847177459,0.6496369105867796,0.2623687841957405,0.3051597335830827,0.3218441365851875,0.302461316031503,0.30358442616972925,0.30924908700012405,0.3127028128095381,0.29683277878418746,0.29712091994535367,0.30555081700219083,0.2963997101197827,0.30081598773253615,0.4427749690806908,0.5138670561709634,0.5403940042799653,0.5070666915003217,0.5070693042241702,0.514577770936109,0.5212482768133485,0.4894831818356629,0.4908239646645684,0.5054496329744795,0.4883783117945362,0.49727257311502004,inputs_capacity,
transformer,0,3,12,key,140313_1,base,0.6034039855003357,0.3108515441417694,0.9576655626296997,0.9685277342796326,0.7418946623802185,0.053974484789008834,2658,0.6847253574115877,0.8164969086647034,0.16930514574050903,0.03346613794565201,0.1784764975309372,0.13772845268249512,0.658808171749115,1.1200377941131592,0.4349766969680786,0.5565474033355713,0.5966909527778625,0.6242867708206177,0.6137327551841736,0.6191233992576599,0.6255654692649841,0.6236779093742371,0.6262335777282715,0.6242231130599976,0.6321461796760559,0.6408577561378479,0.6945515275001526,0.8865289092063904,0.9504086971282959,0.9998264312744141,0.9777327179908752,0.9805923700332642,0.9925435185432434,0.9825926423072815,0.9898985028266907,0.9829592108726501,0.9964845180511475,1.0140410661697388,inputs_capacity,
routed,0,3,12,key,140313_1,base,0.606127203924901,0.3109631612228203,0.9621286427161203,0.9685276871413127,0.842112441859041,0.053974484789008834,2658,,,0.16930514692825055,0.03335514197766925,0.17924300016097672,0.13657663532405256,0.6555834222094431,1.1278281576226832,0.43439950391698384,0.5517986020250439,0.6007191372159393,0.6282278442592746,0.6198791380357348,0.624133247969321,0.6274162568796379,0.6242759990000801,0.6288320345114148,0.6267361457536788,0.6373429698238928,0.6454859156262992,0.6938063601432676,0.8789197657215371,0.9565381490134007,1.006127696927131,0.9879664530246425,0.9887229910081452,0.9956307133694464,0.9835053730586494,0.9943110072853586,0.9870558432109284,1.0048999883932213,1.0215616097071138,inputs_capacity,
transformer,1,5,12,key,140313_1,base,0.6337962746620178,0.3660989999771118,1.0080705881118774,0.991878867149353,1.258486032485962,0.053974484789008834,2658,0.581640331075997,0.802215576171875,0.16541263461112976,0.04068942368030548,0.17566539347171783,0.13484413921833038,0.6808448433876038,1.184122085571289,0.4325176477432251,0.5644176006317139,0.6366866230964661,0.6409023404121399,0.6521281003952026,0.6666109561920166,0.6697103381156921,0.6445388197898865,0.6645993590354919,0.6594835519790649,0.6750823855400085,0.665257453918457,0.6920336484909058,0.9013427495956421,1.0189720392227173,1.0228006839752197,1.0395209789276123,1.0622423887252808,1.0649967193603516,1.0206890106201172,1.0517280101776123,1.0409904718399048,1.0650155544281006,1.0539435148239136,inputs_capacity,
routed,1,5,12,key,140313_1,base,0.6193788820494368,0.3579934404632966,0.9843771982453294,0.9918788514111009,0.842112441859041,0.053974484789008834,2658,,,0.16541263324885722,0.04061093655193956,0.17620055692714848,0.13483076665687413,0.6654401180386633,1.1560506178249512,0.4338439695481827,0.5625401395424169,0.6204554393239131,0.6293896005547902,0.6387406670633166,0.6509973770552133,0.6503960268510116,0.6256345436004673,0.6423143258411694,0.641991490470334,0.656633617761174,0.6514450363026439,0.6942941743484744,0.8979040132903483,0.992353077036784,1.00349322646738,1.017391363890793,1.036503762076361,1.033648703180941,0.9899874805682113,1.0151433544842352,1.012446193983632,1.0351503088493756,1.0315186708489938,inputs_capacity,
transformer,2,4,12,key,140313_1,base,0.5863310098648071,0.32056498527526855,0.9290770888328552,0.9313968420028687,0.887432336807251,0.053974484789008834,2658,0.7054176072234764,0.7732216715812683,0.17073331773281097,0.03631224110722542,0.18240532279014587,0.13810551166534424,0.6786780953407288,1.0697286128997803,0.43550819158554077,0.5436704754829407,0.5777391195297241,0.5882062911987305,0.592753529548645,0.6067399978637695,0.6053053140640259,0.607265055179596,0.6103712320327759,0.6109415292739868,0.6201456189155579,0.6188711524009705,0.6965376138687134,0.8680678606033325,0.9230936169624329,0.9373373985290527,0.939016580581665,0.9592002630233765,0.9590334296226501,0.9596908092498779,0.9630667567253113,0.964391827583313,0.9697657823562622,0.9742942452430725,inputs_capacity,
routed,2,4,12,key,140313_1,base,0.5849331605088074,0.3201554877595742,0.9267974466279909,0.9313969055645838,0.842112441859041,0.053974484789008834,2658,,,0.17073332172767336,0.036279164766696084,0.18287696908137857,0.13671192252398326,0.6676939894547229,1.071196393665746,0.4342239501018191,0.542680554029435,0.5810239256538977,0.593186132409536,0.5964776328097658,0.6074399538377311,0.6005267145571437,0.5980156505758086,0.6027090512204171,0.6082059088355564,0.6179962531663558,0.61834917911273,0.6946346001106585,0.8662217350398775,0.9287982235338761,0.9453493194920525,0.9448108694578133,0.9599169017268945,0.9516590930042816,0.9449411557802506,0.9506686383190026,0.9599937627082166,0.9662564576286599,0.9734417158978751,inputs_capacity,
transformer,0,3,12,key,140120_1,small,1.0057531595230103,0.44855841994285583,1.667851448059082,1.175425410270691,3.6844613552093506,0.11482254697286012,1326,0.7104072398190046,0.7580746412277222,0.16881521046161652,0.02896430529654026,0.09049583226442337,0.05425872281193733,1.0142154693603516,2.08827805519104,0.6379039883613586,0.8680773377418518,1.0065069198608398,1.0080116987228394,1.0268410444259644,1.0486319065093994,1.0443980693817139,1.0524659156799316,1.0763238668441772,1.0807058811187744,1.0864310264587402,1.073758840560913,1.0774528980255127,1.4644203186035156,1.6943296194076538,1.6896979808807373,1.7130481004714966,1.7425154447555542,1.7268449068069458,1.7331582307815552,1.7625395059585571,1.7621033191680908,1.7624787092208862,1.7556722164154053,inputs_capacity,
routed,0,3,12,key,140120_1,small,0.883880964869918,0.42680616439586255,1.464131906866259,1.1754254632530556,2.8316868886993256,0.11482254697286012,1326,,,0.16881521124262336,0.02874119626876968,0.0923159933812864,0.06356094326020044,1.0352121585758378,1.7633347025901345,0.6857523361454888,0.8473632765287407,0.9120581041776082,0.8720208734199718,0.8731197052234371,0.8880089628686234,0.9377141743011635,0.9839167157668635,0.9534301951424952,0.9028912934499664,0.8687426619651027,0.859070254663976,1.1595689626895633,1.4290160206885263,1.5342452091626329,1.4601846632335795,1.454454608954411,1.473580233101627,1.5489518603724317,1.6194801815258162,1.5598645416442736,1.4701464249579013,1.4065712001301072,1.401854074887286,inputs_capacity,
transformer,1,2,12,key,140120_1,small,1.0048589706420898,0.4516114890575409,1.6660571098327637,1.1630244255065918,3.707655668258667,0.11482254697286012,1326,0.7828054298642534,0.7554863691329956,0.17778486013412476,0.021112637594342232,0.08997345715761185,0.04908919334411621,0.9985849261283875,2.092337131500244,0.6302141547203064,0.8691774606704712,1.0244200229644775,1.0252879858016968,1.030653715133667,1.0400351285934448,1.0503193140029907,1.0544264316558838,1.0639528036117554,1.0650365352630615,1.0718544721603394,1.0715510845184326,1.0646517276763916,1.4658156633377075,1.7239272594451904,1.7183088064193726,1.719327688217163,1.7274019718170166,1.7364355325698853,1.734366536140442,1.7422497272491455,1.7366340160369873,1.7387511730194092,1.752689242362976,inputs_capacity,
routed,1,2,12,key,140120_1,small,0.8787991192410978,0.42867763964641453,1.4553394384117475,1.1630244658250488,2.8316868886993256,0.11482254697286012,1326,,,0.1777848761960166,0.020488010576380986,0.09004052362349677,0.05997987706433979,1.018577736876193,1.7582182679816196,0.6834604611333046,0.8463300785674978,0.8993877462260561,0.8639071618410936,0.8619219404644669,0.8849859977298639,0.9357151974539282,0.980619257577693,0.9498728562268567,0.8984114937180616,0.8617736849762756,0.8571693998397918,1.155984393219502,1.4270853829290977,1.5122580390166271,1.4458941462330164,1.435487528629001,1.4676234950703373,1.545319944340334,1.6118129273316675,1.5540466619881348,1.4631236065921123,1.395269735054857,1.3995348029791974,inputs_capacity,
transformer,2,12,12,key,140120_1,small,0.8546956181526184,0.4246879518032074,1.415962815284729,1.2528674602508545,2.315279006958008,0.11482254697286012,1326,0.6907993966817496,0.594204843044281,0.16510151326656342,0.019191108644008636,0.08406461775302887,0.058049093931913376,1.0456397533416748,1.6811020374298096,0.5829840898513794,0.7701297998428345,0.8576637506484985,0.8424941301345825,0.8634855151176453,0.8778402805328369,0.8862410187721252,0.9064769744873047,0.9023372530937195,0.9144492745399475,0.8837529420852661,0.9347703456878662,0.9831303358078003,1.2979114055633545,1.442223072052002,1.410200595855713,1.4383944272994995,1.4567431211471558,1.4629768133163452,1.4904015064239502,1.477193832397461,1.4905542135238647,1.433376669883728,1.528664231300354,inputs_capacity,
routed,2,12,12,key,140120_1,small,0.9169694882178885,0.446350161426315,1.5199149729937897,1.2528674710230951,2.8316868886993256,0.11482254697286012,1326,,,0.16510150401663545,0.018404256355643866,0.0825244646807619,0.0667356818412706,1.065409354526314,1.8353784594066038,0.6813449074286037,0.8839108599985286,0.9467711840616096,0.8923743029828343,0.9086226443865497,0.9391313040913842,0.9676084934974395,1.0120652030062387,0.9780494665827633,0.9399477843258497,0.895688029616353,0.9319058732907172,1.1520462370367723,1.4917535578522547,1.593223356048113,1.4945766813709207,1.5140231589676962,1.5589552036243526,1.5983260843302196,1.665160719928996,1.6018792478591524,1.532333979396186,1.452876058803511,1.5239483455236758,inputs_capacity,
transformer,0,12,12,key,140206_1,small,0.8262466192245483,0.3847213089466095,1.323010802268982,1.5170938968658447,0.5168026685714722,0.270935960591133,522,0.5900383141762452,0.6497043967247009,0.052496977150440216,0.03835165873169899,0.05446073040366173,0.08031417429447174,0.5025118589401245,1.8492765426635742,0.6486590504646301,0.717751681804657,0.7870097756385803,0.858392596244812,0.8423466086387634,0.8673393130302429,0.8624294400215149,0.7971392273902893,0.8059887886047363,0.8706730008125305,0.9410303831100464,0.9292909502983093,1.0995985269546509,1.2036685943603516,1.306165099143982,1.407975673675537,1.3680217266082764,1.3943517208099365,1.3696954250335693,1.2502249479293823,1.250185489654541,1.3346465826034546,1.4240015745162964,1.4312855005264282,inputs_capacity,
routed,0,12,12,key,140206_1,small,0.8355373044620378,0.40528415580277877,1.337069564912954,1.5170937267968427,0.6364876591873064,0.270935960591133,522,,,0.05249697934458309,0.03637361730215666,0.0725010215550735,0.1021445998569843,0.5643247565680141,1.8507847132023854,0.6106901139794348,0.703806540592409,0.8021943839077277,0.8720008446420512,0.8529088317053917,0.8760140172876613,0.8742055190905738,0.8047391207211378,0.8192547693929952,0.9007526012040176,0.9691916294499076,0.9455893896609849,1.0337777922979643,1.1773229626445048,1.3281159664647635,1.429327971368141,1.383396504470871,1.4069198405050718,1.3882628396238008,1.2632168310626772,1.2710232000435626,1.3809316994599847,1.4666938863258425,1.4564176690003825,inputs_capacity,
transformer,1,13,12,key,140206_1,small,0.9025259017944336,0.41388431191444397,1.4450747966766357,1.6615427732467651,0.5278732776641846,0.270935960591133,522,0.7145593869731801,0.9126206636428833,0.06923265755176544,0.03751625493168831,0.0650462806224823,0.07847250252962112,0.5068225264549255,2.032106637954712,0.6673956513404846,0.7742853760719299,0.8176189661026001,0.8722858428955078,0.9123961329460144,0.9681210517883301,0.9933363795280457,1.0016859769821167,0.9813010692596436,0.9614051580429077,0.9483562707901001,0.9371641278266907,1.130388617515564,1.2977802753448486,1.3564621210098267,1.431006908416748,1.4817922115325928,1.5558713674545288,1.5780285596847534,1.5731579065322876,1.5225403308868408,1.4730052947998047,1.434909701347351,1.4423465728759766,inputs_capacity,
routed,1,13,12,key,140206_1,small,0.9103566845516005,0.4317599439120473,1.4568820663176234,1.6615427082958414,0.6364876591873064,0.270935960591133,522,,,0.06923265601091472,0.03743553549711907,0.07613164993111199,0.10383015823424496,0.5643331526846528,2.0330398345842817,0.6422867303348098,0.7687179529658585,0.8265542955562374,0.883802601565722,0.9222973749926816,0.9772227836104582,1.0041083814648144,1.01068007467341,0.9928346663702484,0.9864194130306491,0.9650064479762468,0.9428539940072461,1.0870712198343093,1.2866314731448676,1.3685715525104638,1.449079781270119,1.4964492238338563,1.569676249492116,1.5949464362453458,1.586707617634353,1.5401748102854647,1.511428709213305,1.460154619020156,1.4511269397833095,inputs_capacity,
transformer,2,19,12,key,140206_1,small,0.8037812113761902,0.3747066855430603,1.286507487297058,1.4822235107421875,0.44377750158309937,0.270935960591133,522,0.632183908045977,0.7514610290527344,0.05739365518093109,0.03970551863312721,0.05923374742269516,0.09093958139419556,0.5628867149353027,1.7738951444625854,0.6177248954772949,0.7049251794815063,0.8336369395256042,0.8329623937606812,0.8580095171928406,0.8553037643432617,0.8753139972686768,0.8751262426376343,0.7774181962013245,0.7493141293525696,0.786790668964386,0.8631186485290527,1.0467692613601685,1.1815226078033447,1.3815754652023315,1.3681832551956177,1.3935984373092651,1.373294711112976,1.3898922204971313,1.3728972673416138,1.205302119255066,1.1469489336013794,1.190887212753296,1.3281841278076172,inputs_capacity,
routed,2,19,12,key,140206_1,small,0.8177265692271444,0.4024320971935145,1.3082448540035374,1.4822235480881787,0.6364876591873064,0.270935960591133,522,,,0.057393655447559706,0.03934976872945339,0.07467983012774473,0.10352297559327905,0.6168166420805434,1.7874735342301902,0.5816951700966436,0.6983724496631754,0.8502300551877133,0.8500030940585418,0.871353825113363,0.8669133611407285,0.8877066706027558,0.8864648700567205,0.8011234365322895,0.7933900942778854,0.8238245298073867,0.8849963842887989,0.9843908865258695,1.167444073207848,1.4085590351096904,1.3941371278926904,1.4141632598644425,1.391427848363895,1.4092971807381276,1.3911285490058773,1.242464995873569,1.2148754869388685,1.2470165153128114,1.3619486806754038,inputs_capacity,
transformer,0,22,12,key,140207_2,small,0.5305334329605103,0.23815412819385529,0.8481244444847107,0.5025612115859985,1.4054499864578247,0.270935960591133,522,0.6283524904214559,0.39148733019828796,0.07826043665409088,0.010493007488548756,0.04850532487034798,0.05687439441680908,0.15626531839370728,1.1535017490386963,0.3525822162628174,0.44490957260131836,0.5016868710517883,0.5392866730690002,0.5586159229278564,0.5912985801696777,0.586372435092926,0.5886662602424622,0.6018736362457275,0.5689603686332703,0.5117677450180054,0.49588456749916077,0.5942598581314087,0.743819534778595,0.8309890031814575,0.8840033411979675,0.9064375162124634,0.9488649368286133,0.9306401014328003,0.9233661890029907,0.9324513673782349,0.870263934135437,0.7732211947441101,0.7614406943321228,inputs_capacity,
routed,0,22,12,key,140207_2,small,0.4117030146115985,0.1999801655883352,0.6573021740393148,0.5025612239494603,0.9565595171175668,0.270935960591133,522,,,0.07826043395088818,0.009331426951800283,0.04103779517904114,0.047318608657399605,0.17480673367008986,0.8861193778805982,0.29005489232930987,0.3939170772964685,0.39549612174177795,0.4090595138906733,0.4169245635373002,0.4467747005610942,0.45774685268173887,0.45166947833032856,0.4486004452024444,0.4428202609348666,0.3621801521128854,0.4124987372049528,0.4873363041994611,0.657975393001523,0.6543363116647042,0.669717534694805,0.6758961091574249,0.7165009110202925,0.7259723503175032,0.7074733768939084,0.6943965861828413,0.6765759964157102,0.5458543027909118,0.6323720965206113,inputs_capacity,
transformer,1,14,12,key,140207_2,small,0.26513564586639404,0.13948413729667664,0.4209534525871277,0.3497154414653778,0.5700308680534363,0.270935960591133,522,0.7739463601532567,0.4332764446735382,0.07927399128675461,0.009841090068221092,0.0341758094727993,0.04487711191177368,0.16861452162265778,0.555036187171936,0.3353889584541321,0.31517234444618225,0.25940585136413574,0.2610662877559662,0.2816660404205322,0.27128738164901733,0.2561453878879547,0.23670373857021332,0.20913322269916534,0.2446182668209076,0.21627341210842133,0.23639699816703796,0.5639365315437317,0.5233963131904602,0.4269244968891144,0.42654335498809814,0.4538734555244446,0.43260201811790466,0.4037223160266876,0.36705830693244934,0.3208591043949127,0.3721033036708832,0.3247060179710388,0.3601994514465332,inputs_capacity,
routed,1,14,12,key,140207_2,small,0.3638885030134929,0.17281606857103973,0.5805800969433451,0.349715458680131,0.9565595171175668,0.270935960591133,522,,,0.07927399151502078,0.009065290145172855,0.036058678214932534,0.03775936655418644,0.17384926527162275,0.779093910280339,0.28335553689087656,0.327642261490535,0.33049165941626657,0.34693034790031174,0.3577550775220107,0.3753436094930076,0.40380722387020385,0.3954701355909142,0.4051192539700037,0.4090834021508413,0.3390802681211371,0.3946287582963473,0.4752747083420989,0.5456835946107256,0.5472026344822174,0.5683923427105009,0.5787644558507667,0.6008554329615959,0.6400797653001208,0.618044614382376,0.6268763043658682,0.6253363415733831,0.5117574343446437,0.6057090086550189,inputs_capacity,
transformer,2,12,12,key,140207_2,small,0.45505040884017944,0.22316300868988037,0.7262747287750244,0.45273345708847046,1.1812336444854736,0.270935960591133,522,0.7950191570881227,0.587217390537262,0.07987388968467712,0.015457169152796268,0.05651666969060898,0.05703795701265335,0.2126162201166153,0.975547730922699,0.3687727749347687,0.4137212932109833,0.40973350405693054,0.41699692606925964,0.44407403469085693,0.4338287115097046,0.4480644762516022,0.46273165941238403,0.5181351900100708,0.543595016002655,0.5272194743156433,0.48324158787727356,0.6213549375534058,0.6906490325927734,0.6767483353614807,0.6828469038009644,0.7192697525024414,0.6925680637359619,0.7070343494415283,0.7241588234901428,0.802445650100708,0.8317328691482544,0.7966952919960022,0.7430172562599182,inputs_capacity,
routed,2,12,12,key,140207_2,small,0.3948543264890322,0.20240582126534615,0.6303511303606333,0.4527334481705591,0.9565595171175668,0.270935960591133,522,,,0.07987389214610685,0.014295003293088507,0.038590246955149156,0.03671222505258563,0.226501982482701,0.8376926980386752,0.29280769824968833,0.342916115182981,0.35648487266574636,0.36252770469149476,0.37858428512417197,0.4011046993691351,0.43750460724762974,0.4258565283320995,0.43546176812110987,0.46073562304211224,0.4076487342352847,0.4412376175958782,0.49184785539862824,0.5718065433012831,0.5895895344831117,0.5936732555573804,0.6126774367899979,0.6431215881926579,0.6929667281846518,0.6666584455584974,0.6741635880595188,0.7047022745281902,0.6150450146921488,0.6781216970598858,inputs_capacity,
transformer,0,8,12,key,140214_1,small,0.783567488193512,0.36263349652290344,1.2724097967147827,0.9492316246032715,1.9846093654632568,0.23636363636363636,726,0.78099173553719,0.7514649033546448,0.05120120570063591,0.01544437650591135,0.021751895546913147,0.0385131873190403,0.32404860854148865,1.7310007810592651,0.4958703815937042,0.6776079535484314,0.7798541188240051,0.7898657321929932,0.7992942333221436,0.8104820251464844,0.8209370374679565,0.8272100687026978,0.8323193192481995,0.8386024236679077,0.8497657179832458,0.8555189371109009,0.8387404084205627,1.137406826019287,1.3000304698944092,1.306549072265625,1.3119064569473267,1.3185489177703857,1.3253213167190552,1.3245081901550293,1.3213226795196533,1.319595217704773,1.3252923488616943,1.3524158000946045,inputs_capacity,
routed,0,8,12,key,140214_1,small,0.5311322640010646,0.2535396120653318,0.8610636903271941,0.9492316177026188,0.47515013368633513,0.23636363636363636,726,,,0.0512012079137393,0.014003867336017592,0.0349208749600826,0.06956705107175828,0.28037266314449893,1.1594888717923835,0.21329961684687573,0.41073008968143965,0.5296942642185263,0.5502443569688505,0.5849191128190453,0.5608918606179707,0.5479556625520696,0.5875020167109565,0.5759657542457488,0.5791989717846998,0.5771823719378923,0.5721632093078618,0.35811703812200707,0.6869796606685069,0.881564026069952,0.9087554217616427,0.9583385752693385,0.9099733502451472,0.8825305885684567,0.9388610008703416,0.913065776094789,0.9109302923772724,0.8996450768817337,0.904253133770882,inputs_capacity,
transformer,1,7,12,key,140214_1,small,0.6890190839767456,0.3074890375137329,1.1183640956878662,0.6837573051452637,1.94451105594635,0.23636363636363636,726,0.7947658402203857,0.7050139904022217,0.04835720360279083,0.01999451220035553,0.030742384493350983,0.05586425960063934,0.4004870653152466,1.4975489377975464,0.4907888174057007,0.6174970865249634,0.6874945163726807,0.6824846267700195,0.6912241578102112,0.7113105654716492,0.7204679846763611,0.7258847951889038,0.7237942814826965,0.7243540287017822,0.7331311106681824,0.7541428208351135,0.8300471901893616,1.0366957187652588,1.145963430404663,1.128674864768982,1.1339809894561768,1.1561002731323242,1.1612880229949951,1.1614789962768555,1.148582935333252,1.1394907236099243,1.1433542966842651,1.1917778253555298,inputs_capacity,
routed,1,7,12,key,140214_1,small,0.3960351323355317,0.1967065920621454,0.6406103640095461,0.6837573133961892,0.47515013368633513,0.23636363636363636,726,,,0.048357204724254074,0.018396456126301815,0.03535974125896677,0.0778982769083659,0.3204196249506748,0.8308519145281332,0.17777829483872018,0.3067029010937987,0.4032926986940564,0.43232173258267365,0.4227295017650483,0.4253679791043844,0.3960814950095532,0.40825723269593434,0.40242858217319144,0.40353081229535964,0.45338511186564684,0.4658328852399685,0.2979814466994662,0.5129168543147838,0.6707429771473474,0.7132484743591297,0.691026327945063,0.6866832471408221,0.6340482774531228,0.6496516307093857,0.6365367082327432,0.6335326393443668,0.7064687827398999,0.7355313550063461,inputs_capacity,
transformer,2,5,12,key,140214_1,small,0.7497246861457825,0.33944186568260193,1.2169878482818604,0.8034228682518005,2.0446510314941406,0.23636363636363636,726,0.8746556473829201,0.8794541954994202,0.05508055537939072,0.025579890236258507,0.0371602438390255,0.045745041221380234,0.3928220868110657,1.6395225524902344,0.49306994676589966,0.63636714220047,0.7393375039100647,0.7481078505516052,0.7644487619400024,0.7657011151313782,0.7668564319610596,0.7714830040931702,0.8083100318908691,0.8252714276313782,0.8256075978279114,0.833184540271759,0.8321123123168945,1.0688176155090332,1.232532262802124,1.2359907627105713,1.2541667222976685,1.2457304000854492,1.236738920211792,1.2342957258224487,1.2830510139465332,1.2980682849884033,1.2878220081329346,1.317071557044983,inputs_capacity,
routed,2,5,12,key,140214_1,small,0.4565071587096123,0.21949165261247416,0.739108679446106,0.8034228969694858,0.47515013368633513,0.23636363636363636,726,,,0.05508055652442744,0.021727005639226235,0.03828009223195436,0.07320215874874837,0.27212049849505016,0.9878672239212678,0.17468951363899435,0.27755669837175984,0.47415977998274,0.4704449827416578,0.48303288440440895,0.4300638702374405,0.4134643815793476,0.46242215587440516,0.5571894800079672,0.5853475438065943,0.4725790572573079,0.5605062831916139,0.2886811975670693,0.46370781382297693,0.7891686173723351,0.7745991494964678,0.7900155717623755,0.6972644799083714,0.6625753777636093,0.7364030247247936,0.8829397222888631,0.919876117233821,0.7366355359609158,0.885778966421958,inputs_capacity,
transformer,0,6,12,key,140214_2,small,0.556782603263855,0.2837398052215576,0.8691474795341492,0.8155518770217896,0.9850887060165405,0.29577464788732394,522,0.8869731800766284,0.8377017974853516,0.07108708471059799,0.023432500660419464,0.049626268446445465,0.06512145698070526,0.23876716196537018,1.1976747512817383,0.4509724974632263,0.5615545511245728,0.5008705854415894,0.5163425207138062,0.5395449995994568,0.5678101181983948,0.6042646765708923,0.6205571293830872,0.600597620010376,0.5870323777198792,0.5796594619750977,0.557915210723877,0.7418577671051025,0.9153424501419067,0.8071986436843872,0.8223687410354614,0.8512319326400757,0.8860327005386353,0.931115984916687,0.9459535479545593,0.9028427600860596,0.8717128038406372,0.8757509589195251,0.8566073775291443,inputs_capacity,
routed,0,6,12,key,140214_2,small,0.6162290873467989,0.31980153229811964,0.962486317120306,0.8155518102737627,1.2443536454467696,0.29577464788732394,522,,,0.0710870904721974,0.02273943451988102,0.04915693429434668,0.06410766051877885,0.2811963835642463,1.3229331305135543,0.4433464883054525,0.5844364655945067,0.5400796916167396,0.5184289556445878,0.5939791232646329,0.657087824369147,0.6886199284469697,0.6703567418844217,0.6535561172571569,0.6698773755404768,0.6762602050514648,0.7012786501822312,0.7292144867745189,0.9530615372577965,0.8706065125331125,0.82602160477339,0.9372349727398352,1.025659700119107,1.0621622705755673,1.022115205210995,0.9832053964627451,0.9956306026395736,1.0223837055243303,1.0782007439345271,inputs_capacity,
transformer,1,5,12,key,140214_2,small,0.5583657622337341,0.2889571487903595,0.8711609244346619,0.9527132511138916,0.6362199187278748,0.29577464788732394,522,0.8563218390804598,0.8942707180976868,0.09621299803256989,0.0321696512401104,0.05240597575902939,0.03320923075079918,0.2810560166835785,1.191622257232666,0.4601217210292816,0.5847339630126953,0.5314362049102783,0.5446494817733765,0.5530518889427185,0.548480212688446,0.5476821660995483,0.5625970363616943,0.5936393737792969,0.5891638398170471,0.6057461500167847,0.5894715785980225,0.7569957375526428,0.9530115723609924,0.856298565864563,0.8686102628707886,0.8722893595695496,0.8517957925796509,0.8431063294410706,0.8570827841758728,0.8929162621498108,0.8755640983581543,0.9135226011276245,0.9047554731369019,inputs_capacity,
routed,1,5,12,key,140214_2,small,0.6706960807652642,0.3567737024398058,1.0474641840849603,0.9527132885514387,1.2443536454467696,0.29577464788732394,522,,,0.09621299906978392,0.030875383619649477,0.050537561840678556,0.04186126904662672,0.3101562982379223,1.438874694142884,0.4495685564830205,0.6075297637741329,0.6138896107004748,0.6132637940604001,0.6642277627267225,0.6989132160163397,0.7192077103059467,0.7287180888827557,0.7319173862822298,0.7299003159027396,0.7428662789395787,0.7520445324655769,0.7395223733791404,0.9903913544523085,0.9903197458616875,0.9784210668519245,1.047952944006389,1.0879957370717177,1.1089096983234663,1.1113472101338988,1.1021642751402438,1.0858852448739245,1.1219430490544393,1.1560953142270582,inputs_capacity,
transformer,2,4,12,key,140214_2,small,0.5552123785018921,0.2952330410480499,0.8656456470489502,0.9231611490249634,0.7101971507072449,0.29577464788732394,522,0.8582375478927203,0.9363190531730652,0.0956806018948555,0.034901753067970276,0.06101352721452713,0.053255848586559296,0.29814645648002625,1.1795963048934937,0.4603038728237152,0.6023300290107727,0.546240508556366,0.5335197448730469,0.5320784449577332,0.5696315765380859,0.5665977001190186,0.5819562077522278,0.5914339423179626,0.5557780265808105,0.5668904781341553,0.5554085373878479,0.7572502493858337,0.9811009764671326,0.8783339858055115,0.8489529490470886,0.8375850319862366,0.8885201215744019,0.8704543709754944,0.8863937258720398,0.8900977373123169,0.8262031674385071,0.8536459803581238,0.8495380878448486,inputs_capacity,
routed,2,4,12,key,140214_2,small,0.6588732041881021,0.345466553447233,1.0286601549797216,0.9231611542063095,1.2443536454467696,0.29577464788732394,522,,,0.09568060065004973,0.034554760385963126,0.05776967624725635,0.046735462370455956,0.27926984397694393,1.4181203730057665,0.45450712472002913,0.6251852800770475,0.6117087552248026,0.5916046199800487,0.6232721239868042,0.7023232773259594,0.7241268979609388,0.7318414200309482,0.7161793498798169,0.6831332258754168,0.7033477629335074,0.7402205320763157,0.7478370036409991,1.019049348114486,0.9856257800969427,0.942496998743707,0.9826670477405591,1.0964679189766422,1.1149076378584364,1.1158232563214812,1.07882347811443,1.0164830549782802,1.0613003217255135,1.135959260764761,inputs_capacity,
transformer,0,6,12,key,140227_1,small,0.4275487959384918,0.16644038259983063,0.7206947803497314,0.3801880180835724,2.2783126831054688,0.07428571428571429,2538,0.9349881796690307,0.8144034743309021,0.12428758293390274,0.0060613988898694515,0.06529304385185242,0.04910758137702942,0.29042288661003113,0.9474970102310181,0.33728042244911194,0.4425306022167206,0.4514302611351013,0.4286966025829315,0.44132736325263977,0.4456196427345276,0.4536817967891693,0.4308248460292816,0.4316911995410919,0.40937280654907227,0.424957275390625,0.42169106006622314,0.5743709206581116,0.7535940408706665,0.7672417759895325,0.7260634899139404,0.7459863424301147,0.7523629665374756,0.7649425864219666,0.723008394241333,0.7229900360107422,0.6832113265991211,0.7083877921104431,0.7050838470458984,inputs_capacity,
routed,0,6,12,key,140227_1,small,0.31159667195763674,0.1472463409212953,0.520451092388662,0.38018802361125953,1.358341161131473,0.07428571428571429,2538,,,0.1242875810466317,0.006206717048360395,0.06567472046035214,0.04662206428464891,0.2698025556392342,0.6656783548938087,0.2706171120774543,0.33846605338896024,0.34223829157246194,0.3134755056370629,0.32272220180694644,0.3292998089851083,0.3214284650433004,0.2995413770188314,0.29794836702712035,0.30049529910713835,0.301345147855283,0.29250424843044087,0.45795999609283355,0.5722097942146404,0.5771900467459582,0.5257737412486497,0.540543318331622,0.5517747774966018,0.5376579958069269,0.49699148410651267,0.4934567202307553,0.49655099835371597,0.497224578551221,0.4828705091971309,inputs_capacity,
transformer,1,4,12,key,140227_1,small,0.4335010051727295,0.17312166094779968,0.7308905720710754,0.38993436098098755,2.301391839981079,0.07428571428571429,2538,0.9483845547675335,0.8027708530426025,0.12673187255859375,0.012122057378292084,0.06561602652072906,0.03966924920678139,0.31543728709220886,0.9551134705543518,0.3338390290737152,0.428110808134079,0.44139930605888367,0.43956831097602844,0.4592454135417938,0.4464741349220276,0.4334421455860138,0.45602425932884216,0.4394678473472595,0.4496915638446808,0.4378945827484131,0.42565423250198364,0.5684593915939331,0.7289099097251892,0.7503523230552673,0.7452108263969421,0.7775163054466248,0.7533299326896667,0.7296226024627686,0.765657901763916,0.7352898716926575,0.7516664862632751,0.7300434112548828,0.7127369046211243,inputs_capacity,
routed,1,4,12,key,140227_1,small,0.3155232847813835,0.15435138698032574,0.5270840785893449,0.3899343510954428,1.358341161131473,0.07428571428571429,2538,,,0.12673187305245628,0.01112827043419018,0.06637207402048706,0.040500600423861374,0.30295552323012376,0.6630271305553256,0.2690447743884412,0.32102388164471146,0.32970888644535873,0.3212395531257123,0.3293307356258409,0.3246936077377175,0.3174068794280741,0.31500432800535433,0.31108894933923775,0.3258003945767255,0.3140533393259303,0.3035263904750986,0.4550240126958455,0.54195600725388,0.5559455462234209,0.5396594931285614,0.5526485639965771,0.5429644422688622,0.5296488288868519,0.5230109741749014,0.514540828870268,0.5396708326815768,0.5185600868528656,0.5031925254653415,inputs_capacity,
transformer,2,4,12,key,140227_1,small,0.4314470887184143,0.16726180911064148,0.7271361947059631,0.34898388385772705,2.3663880825042725,0.07428571428571429,2538,0.970843183609141,0.8678509593009949,0.12827105820178986,0.010795895010232925,0.06642162799835205,0.04244435951113701,0.2955102026462555,0.9552983045578003,0.3331138789653778,0.4190840423107147,0.45294132828712463,0.44586479663848877,0.44006872177124023,0.45102617144584656,0.4484855830669403,0.44628986716270447,0.4415232539176941,0.4290374219417572,0.4263930916786194,0.43211856484413147,0.5674688816070557,0.7133730053901672,0.7698004245758057,0.7560011148452759,0.7443264126777649,0.7608276009559631,0.7547574043273926,0.748175323009491,0.7398238182067871,0.7163451313972473,0.7100292444229126,0.7229471802711487,inputs_capacity,
routed,2,4,12,key,140227_1,small,0.299974550643398,0.14425951658522146,0.49980636099808273,0.3489838910478333,1.358341161131473,0.07428571428571429,2538,,,0.12827106215244571,0.010727853076285524,0.06589200332842726,0.04347020963648353,0.2347037308743403,0.6474154092499436,0.26174722155572505,0.30584395319510543,0.32207075692475623,0.30497303569736744,0.3098147920053906,0.31526944083368824,0.3042330118978592,0.29358147694679987,0.296131955216964,0.2995586757018255,0.29327923924722915,0.2886188221661334,0.4426111042131279,0.5158660116384568,0.5418092679089652,0.511287697191145,0.5185834068592035,0.5263252855546087,0.5057877741338684,0.4845040350342372,0.49016132811873564,0.49432881074994356,0.48217648916615047,0.47617258300750526,inputs_capacity,
transformer,0,5,12,key,140313_1,small,0.5951825976371765,0.3185070753097534,0.9460145831108093,0.9559524655342102,0.7507652044296265,0.053974484789008834,2658,0.6937547027840482,0.7905338406562805,0.1659451723098755,0.03351283445954323,0.16047240793704987,0.13367320597171783,0.6801793575286865,1.0939984321594238,0.43276774883270264,0.5463108420372009,0.5866246819496155,0.6027028560638428,0.6068658828735352,0.6157709956169128,0.6178920269012451,0.619677722454071,0.6195948123931885,0.6212969422340393,0.626389741897583,0.6246725916862488,0.6925327181816101,0.8729424476623535,0.9377197027206421,0.9630632996559143,0.9668906331062317,0.979286789894104,0.9805264472961426,0.9823734760284424,0.9785647988319397,0.9801431894302368,0.9887703657150269,0.9876861572265625,inputs_capacity,
routed,0,5,12,key,140313_1,small,0.5977066238104376,0.319554844843272,0.9501563249201279,0.9559524971917976,0.842112441859041,0.053974484789008834,2658,,,0.1659451737851057,0.03337465052222589,0.1603732618168226,0.1339012488249424,0.6706568219125499,1.1041528619909902,0.43187671401554384,0.5452612490973494,0.5913622612684218,0.6084378781896493,0.6132899444244526,0.6195160858525343,0.6185529551644334,0.61639351567621,0.6203178325068095,0.6238401755179986,0.629983672308989,0.6309270203200409,0.6910399984073307,0.871216101661857,0.945380657932479,0.9724195430732783,0.9774925004426975,0.9853405660981904,0.9817453559613883,0.9774518372258008,0.9795936487136903,0.984185145997916,0.9945824247889439,0.9978564913310443,inputs_capacity,
transformer,1,15,12,key,140313_1,small,0.6680362224578857,0.38388848304748535,1.0651557445526123,1.046226978302002,1.3546388149261475,0.053974484789008834,2658,0.35703536493604215,0.3726698160171509,0.16584359109401703,0.030614320188760757,0.16601285338401794,0.13031931221485138,0.64453125,1.279356598854065,0.42575231194496155,0.5801697373390198,0.7161679267883301,0.6911633610725403,0.6815532445907593,0.6969267129898071,0.7045342326164246,0.7050314545631409,0.6994180679321289,0.70203697681427,0.6935213804244995,0.6706637740135193,0.6794574856758118,0.9287280440330505,1.1514172554016113,1.1082661151885986,1.0903154611587524,1.1127686500549316,1.1238881349563599,1.1219443082809448,1.107991099357605,1.1112568378448486,1.0940369367599487,1.062078833580017,inputs_capacity,
routed,1,15,12,key,140313_1,small,0.6504863165489705,0.37521185508247273,1.036237034446554,1.0462270254262227,0.842112441859041,0.053974484789008834,2658,,,0.1658435949871837,0.030478302587536824,0.16662615836667288,0.1343697451604489,0.6374904212351523,1.240906957716417,0.42580626057450277,0.5811104066115815,0.709813376914284,0.6871340574356412,0.679768322195687,0.6913031787545324,0.6854376276769055,0.672280689972712,0.6558693385149311,0.6586122701525101,0.6629159948767768,0.6510451368006401,0.6795757837884048,0.9300696470801231,1.1407011287203996,1.1014528821630867,1.0867436197991036,1.103186035057945,1.0927235839052638,1.0683614585034553,1.0368297433344762,1.0408142599127876,1.0444774725444672,1.0302106033755973,inputs_capacity,
transformer,2,10,12,key,140313_1,small,0.6827843189239502,0.39695510268211365,1.0889253616333008,1.053164005279541,1.5901005268096924,0.053974484789008834,2658,0.42287434161023324,0.49783891439437866,0.16625887155532837,0.029630158096551895,0.168857604265213,0.13417266309261322,0.683740496635437,1.2989771366119385,0.45168736577033997,0.6272150874137878,0.7180765867233276,0.6721881628036499,0.6894563436508179,0.7041722536087036,0.718047559261322,0.735844612121582,0.7073785066604614,0.6956176161766052,0.7047137022018433,0.7287253141403198,0.7243314385414124,1.0050098896026611,1.1554598808288574,1.0746381282806396,1.1033343076705933,1.1222654581069946,1.1458864212036133,1.1710965633392334,1.1209256649017334,1.1006438732147217,1.113242506980896,1.1565910577774048,inputs_capacity,
routed,2,10,12,key,140313_1,small,0.6546382799116897,0.3823650346316885,1.0428635564584736,1.053163918136182,0.842112441859041,0.053974484789008834,2658,,,0.16625888390033644,0.029394514622222718,0.16877968779838068,0.13444108945982455,0.6700134486263439,1.2383668479076797,0.4526890369950695,0.6235914955230745,0.6916051245974878,0.647924222583317,0.664645464205215,0.6735614190933243,0.6822381313869736,0.6981799425588026,0.6720616247870324,0.6586264417496788,0.6685680898770286,0.6912789545082219,0.7257172820470801,0.9993023343153588,1.112271791909356,1.0346930740081233,1.0626614588174363,1.0720814260093876,1.0875467591115513,1.1096167443302145,1.0631931998110902,1.0404554579271108,1.0547917278672232,1.0958876595218474,inputs_capacity,
transformer,0,5,12,key,140120_1,regularised,0.9831007122993469,0.4453193247318268,1.629685878753662,1.1644059419631958,3.560612678527832,0.11482254697286012,1326,0.6945701357466063,0.7532939910888672,0.1770205944776535,0.02907480113208294,0.0912383645772934,0.047570835798978806,1.0019773244857788,2.0356602668762207,0.6281429529190063,0.8523650169372559,0.9954652786254883,0.997559666633606,1.0081071853637695,1.023606300354004,1.0343894958496094,1.0365853309631348,1.0370988845825195,1.0362308025360107,1.0436420440673828,1.0482245683670044,1.0605052709579468,1.4368263483047485,1.673803448677063,1.6699445247650146,1.682599663734436,1.6996186971664429,1.7101877927780151,1.7061278820037842,1.6982568502426147,1.688770055770874,1.6939657926559448,1.71378755569458,inputs_capacity,
routed,0,5,12,key,140120_1,regularised,0.8794572351243091,0.4269846030989006,1.4563169840757253,1.1644060269908922,2.8316868886993256,0.11482254697286012,1326,,,0.17702060048310617,0.02897051264627097,0.09363123311688608,0.05886613001652575,1.0206577285286889,1.7586701974817434,0.6830731063807,0.8440275273360012,0.9007491171912881,0.8667252977437113,0.8634371258158305,0.8844246975121729,0.9384788563370089,0.981167245118463,0.950403393237244,0.9005145831170722,0.8610148231695716,0.8569930601809524,1.1548525267324472,1.422482122690003,1.5130108906463764,1.4487537119861837,1.4392687751891795,1.4662370904075912,1.550142577299688,1.6141533630379545,1.5551260096307638,1.465902733574028,1.3956139112872363,1.3986273768751853,inputs_capacity,
transformer,1,5,12,key,140120_1,regularised,0.9870851039886475,0.44460493326187134,1.6368731260299683,1.1651837825775146,3.587263822555542,0.11482254697286012,1326,0.7254901960784313,0.7601863145828247,0.1675441563129425,0.027246329933404922,0.08874969929456711,0.048095062375068665,0.9977765679359436,2.0484399795532227,0.6336175203323364,0.8657482266426086,1.0043201446533203,1.0112273693084717,1.0148118734359741,1.0180487632751465,1.0208760499954224,1.0336940288543701,1.0370475053787231,1.0443882942199707,1.051066517829895,1.056538462638855,1.0702327489852905,1.4600038528442383,1.6905959844589233,1.6948494911193848,1.6935325860977173,1.6908737421035767,1.6882041692733765,1.7011116743087769,1.6984813213348389,1.7032405138015747,1.7058205604553223,1.727903127670288,inputs_capacity,
routed,1,5,12,key,140120_1,regularised,0.8794009952019884,0.42482589518394676,1.456867492882458,1.1651837455518954,2.8316868886993256,0.11482254697286012,1326,,,0.16754414091437156,0.026975883861866567,0.09070608614190358,0.05722652100486922,1.016511996146299,1.7616971753501198,0.6840416665853317,0.8460395089739686,0.9035670114779429,0.8636336852127148,0.8593289987640054,0.8834407312457027,0.9374307248478756,0.9813988389532816,0.9531376329831587,0.901192600160703,0.8615874804973324,0.8553477464336682,1.1567948310994112,1.4262600880201948,1.5200025723815096,1.445766998101808,1.431978561346619,1.4653664313666321,1.5491095374273485,1.614270210589213,1.560007074629583,1.4682044360989595,1.3962245407128158,1.3964392885684895,inputs_capacity,
transformer,2,16,12,key,140120_1,regularised,0.9036242365837097,0.41631048917770386,1.4976410865783691,1.1783385276794434,2.9715213775634766,0.11482254697286012,1326,0.8001508295625943,0.7330003976821899,0.16410163044929504,0.018198436126112938,0.08958864212036133,0.05480945482850075,0.9840012788772583,1.8415058851242065,0.6144951581954956,0.8108580708503723,0.8976550102233887,0.8917701840400696,0.9003954529762268,0.931714653968811,0.9419682621955872,0.9709343910217285,0.9582095742225647,0.9629124402999878,0.969006359577179,0.9570313692092896,1.037892460823059,1.3670659065246582,1.5101044178009033,1.4935473203659058,1.5011706352233887,1.5466766357421875,1.5560907125473022,1.5972249507904053,1.5685287714004517,1.5695643424987793,1.5724178552627563,1.564773678779602,inputs_capacity,
routed,2,16,12,key,140120_1,regularised,0.8848583729731022,0.4162676413235477,1.466203156620609,1.178338570583608,2.8316868886993256,0.11482254697286012,1326,,,0.1641016325589545,0.01774048573395108,0.09031713476226264,0.060182529986260315,1.003816819717213,1.782849199418733,0.6867439737560076,0.8563756209242069,0.9045609753893972,0.8668801711058128,0.8637983824244816,0.8985026427418599,0.9498700922936653,0.9963370474282885,0.9475772037676308,0.9005844564873634,0.8630680265079527,0.8598873473703923,1.1618611555113036,1.4447169508229019,1.5220320774950096,1.4515615833196636,1.4392462163166848,1.4907883644697681,1.5689604311357048,1.6391556810807237,1.5508910344750633,1.4672331032473378,1.3993454409942796,1.4047480052158272,inputs_capacity,
transformer,0,19,12,key,140206_1,regularised,0.7807872295379639,0.39215776324272156,1.2490878105163574,1.2630540132522583,1.210706353187561,0.270935960591133,522,0.657088122605364,0.5272276997566223,0.08066671341657639,0.035442642867565155,0.055845096707344055,0.0960327610373497,0.48823481798171997,1.7417030334472656,0.6361570954322815,0.7763753533363342,0.7546680569648743,0.7656394243240356,0.7751883268356323,0.7964954376220703,0.7952008247375488,0.8159164190292358,0.8076878190040588,0.8209486603736877,0.8137841820716858,0.8286332488059998,1.0779956579208374,1.3009026050567627,1.2509210109710693,1.2530280351638794,1.2572009563446045,1.2781307697296143,1.2618961334228516,1.279211163520813,1.2521268129348755,1.2580012083053589,1.2316534519195557,1.2755284309387207,inputs_capacity,
routed,0,19,12,key,140206_1,regularised,0.7060442098948155,0.3548141692460725,1.128202342338076,1.263054044634553,0.6364876591873064,0.270935960591133,522,,,0.0806667112367499,0.03355072929090126,0.07370972087504583,0.10521356300080349,0.5442512011697087,1.5366773681384844,0.5431028754561867,0.6751950001243691,0.6779446784514735,0.683115503446979,0.6944855215119143,0.7228615584976967,0.7243958107645478,0.7531130421555562,0.7438526145719232,0.778436861510183,0.7514107539997678,0.7396205832815624,0.9188764756061091,1.128145761068059,1.1191708949110573,1.114603685977946,1.1240855007290769,1.1585982643295507,1.149059509048218,1.1811330501853576,1.1535637868993807,1.1928972605538282,1.1371031348309744,1.1381720937016104,inputs_capacity,
transformer,1,16,12,key,140206_1,regularised,0.7601863741874695,0.390017032623291,1.2171435356140137,0.9750014543533325,1.7058137655258179,0.270935960591133,522,0.5421455938697318,0.5268310904502869,0.05400211364030838,0.04408213868737221,0.05044349282979965,0.06742171943187714,0.485933393239975,1.6939411163330078,0.6110665798187256,0.7696904540061951,0.7257217764854431,0.7398413419723511,0.7455636858940125,0.752544641494751,0.7609963417053223,0.7739435434341431,0.788865327835083,0.8081878423690796,0.8253600597381592,0.8396291136741638,1.0357396602630615,1.2913477420806885,1.2043365240097046,1.214835286140442,1.210644245147705,1.2083784341812134,1.2085167169570923,1.2146885395050049,1.2231563329696655,1.237723708152771,1.2487409114837646,1.2933199405670166,inputs_capacity,
routed,1,16,12,key,140206_1,regularised,0.5612694798289858,0.31794746180857114,0.8960073571750784,0.9750014367915047,0.6364876591873064,0.270935960591133,522,,,0.05400211619953807,0.04224152417859392,0.06766310114667959,0.10026248101696902,0.5415325653737215,1.170807101440263,0.4693701882527536,0.5744660614173004,0.5393855868440935,0.5295860957504097,0.530180706191109,0.5420009015675555,0.5627604473449334,0.570283630056438,0.5859062478781322,0.6100007841130972,0.6203595099406316,0.6158290981912036,0.7934833565304793,0.9589054898104923,0.8888730523480459,0.8642535298203203,0.856663126168411,0.8669133964704836,0.8921945162151222,0.8939873681222268,0.9075365287051851,0.933116317541529,0.9377839482927748,0.9481896716850263,inputs_capacity,
transformer,2,30,12,key,140206_1,regularised,0.9781975150108337,0.45898693799972534,1.5664434432983398,1.7857390642166138,0.6896427273750305,0.270935960591133,522,0.7183908045977011,0.8397117853164673,0.07161112874746323,0.0357125848531723,0.050899721682071686,0.09799465537071228,0.631718099117279,2.178039073944092,0.6540201902389526,0.8359798789024353,0.9797530174255371,1.0620282888412476,1.069564700126648,1.0942662954330444,1.0810691118240356,1.086606740951538,1.0175786018371582,0.9479023814201355,0.9173614978790283,0.9284533262252808,1.1089038848876953,1.4026858806610107,1.6264631748199463,1.7442742586135864,1.7380012273788452,1.7575675249099731,1.715795636177063,1.7057294845581055,1.5780255794525146,1.4527008533477783,1.3883527517318726,1.429901123046875,inputs_capacity,
routed,2,30,12,key,140206_1,regularised,0.9747057839823929,0.4618838294815864,1.5603354356411903,1.7857390487654599,0.6364876591873064,0.270935960591133,522,,,0.07161112673888428,0.033652762342954036,0.0700807001374407,0.10629758314996418,0.6714591211733694,2.1553990778926573,0.5914523394929836,0.8053312305825007,0.9808054424769758,1.0661276916446094,1.06888024337653,1.093070529668398,1.0834480431227362,1.0901570333974329,1.0238166240423219,0.9604836666213228,0.9235438943206475,0.9268043860307795,1.0014231346709446,1.3482365224402564,1.6260517410148236,1.750106384474295,1.735996263044792,1.7557090704332223,1.7194671191970115,1.7120234785499269,1.588393810749331,1.4721123887704142,1.3977242661407105,1.427358143029462,inputs_capacity,
transformer,0,30,12,key,140207_2,regularised,0.2979866862297058,0.15264935791492462,0.47422030568122864,0.41674739122390747,0.6022266149520874,0.270935960591133,522,0.603448275862069,0.3723147511482239,0.08198894560337067,0.00743452413007617,0.02961687184870243,0.040432631969451904,0.16794238984584808,0.6307857632637024,0.3137587010860443,0.3144027590751648,0.3155222535133362,0.32058510184288025,0.3073931634426117,0.30143123865127563,0.28463834524154663,0.2657337784767151,0.25668883323669434,0.26256510615348816,0.26710692048072815,0.34163591265678406,0.5278786420822144,0.5229955315589905,0.5210736989974976,0.5240336060523987,0.4969572126865387,0.4815397560596466,0.44944262504577637,0.4135856628417969,0.3954046070575714,0.39908796548843384,0.40130406618118286,0.5240982174873352,inputs_capacity,
routed,0,30,12,key,140207_2,regularised,0.38344005148079613,0.18338545567932976,0.6119891665631488,0.41674741345322347,0.9565595171175668,0.270935960591133,522,,,0.08198894406165454,0.007917644008559717,0.032351654526090026,0.040740876982208594,0.17554739557246885,0.8227220844456551,0.2792373669181806,0.3350374882665154,0.3609552218153521,0.37425434811521396,0.3948584227121325,0.41724014258839554,0.4236773437368006,0.41204025412294115,0.41976741800415757,0.411797815806435,0.3620214394106223,0.40808621874833956,0.4686590706506332,0.5579918898984508,0.5971815253878758,0.6127431629781507,0.6396295503970959,0.6685434853279258,0.6714772765440966,0.6452234315564923,0.6498038832733967,0.6291489346102443,0.545925403742609,0.6268968640269227,inputs_capacity,
transformer,1,13,12,key,140207_2,regularised,0.34134945273399353,0.17257052659988403,0.5440316796302795,0.3248484134674072,0.8991317749023438,0.270935960591133,522,0.9597701149425287,0.8300585150718689,0.0831943154335022,0.009684616699814796,0.03306499868631363,0.04097392037510872,0.22880138456821442,0.714329183101654,0.3573268949985504,0.36768487095832825,0.31836917996406555,0.3268214464187622,0.3194485306739807,0.3469896614551544,0.3394797444343567,0.33969035744667053,0.3430878818035126,0.3287944495677948,0.33906078338623047,0.3654353618621826,0.6013628244400024,0.6129446625709534,0.5259255766868591,0.53472900390625,0.5169075727462769,0.5560782551765442,0.5368006825447083,0.5305017828941345,0.5296929478645325,0.5012383460998535,0.5107170343399048,0.560532808303833,inputs_capacity,
routed,1,13,12,key,140207_2,regularised,0.35739620712328013,0.17942581889921844,0.5699505512577038,0.32484841610584403,0.9565595171175668,0.270935960591133,522,,,0.08319431007077853,0.009662348058811445,0.03941489460817845,0.03028582048590946,0.24170392024004328,0.7477947981044585,0.2707504825898968,0.29291596330273945,0.29361758744332117,0.31721613401809423,0.3350691402921796,0.36852479877266486,0.39636385695181514,0.39793469194211273,0.40993586540715254,0.41710171988395894,0.35965060487434375,0.42788928364502865,0.4539747022539556,0.4866149393640755,0.48482552703808235,0.5190448600810079,0.5421965457687679,0.5903700027495992,0.6274955950089823,0.6221825204708636,0.6341945817884316,0.6370127181445601,0.5420662355496954,0.657167627272664,inputs_capacity,
transformer,2,65,12,key,140207_2,regularised,0.2812448740005493,0.15349319577217102,0.44672366976737976,0.4680851399898529,0.3833760619163513,0.270935960591133,522,0.5708812260536399,0.31854382157325745,0.08440516889095306,0.009273190051317215,0.03251353278756142,0.04547722265124321,0.19724680483341217,0.5838489532470703,0.2408851981163025,0.3137058913707733,0.30020973086357117,0.298181414604187,0.2910099923610687,0.2869013845920563,0.27599284052848816,0.26656585931777954,0.26653584837913513,0.260850191116333,0.2667336165904999,0.2944682240486145,0.4019796550273895,0.5218647122383118,0.4960293173789978,0.4868706166744232,0.4695259928703308,0.456936240196228,0.43487638235092163,0.4153446555137634,0.41001468896865845,0.3954584300518036,0.4000118374824524,0.45001864433288574,inputs_capacity,
routed,2,65,12,key,140207_2,regularised,0.4000254349365149,0.20389777562615102,0.6384737171009164,0.4680851411758827,0.9565595171175668,0.270935960591133,522,,,0.0844051709400986,0.009895245497072932,0.037370219057924495,0.03968503317969166,0.21467550450341188,0.8518745896757672,0.28788946235171975,0.37316715847925713,0.38874206836147324,0.398619686884246,0.40561092896146783,0.42239715634211844,0.44038523474034863,0.4322315138249048,0.43863067911506043,0.4365949327029501,0.363254459569473,0.4063451685030539,0.48330920635587343,0.6228130408195521,0.643849814857339,0.6529310804065525,0.6566255071725707,0.6764489064917762,0.6975753579594344,0.6767953169577466,0.6792677650629305,0.6672941766768999,0.5472730941681714,0.623480808289873,inputs_capacity,
transformer,0,13,12,key,140214_1,regularised,0.6533487439155579,0.282550185918808,1.0609431266784668,0.6186849474906921,1.8776342868804932,0.23636363636363636,726,0.8471074380165289,0.7395111322402954,0.04002675786614418,0.013354466296732426,0.022293563932180405,0.03318719193339348,0.3555847406387329,1.4263794422149658,0.482949435710907,0.5810539126396179,0.6350563168525696,0.6273816227912903,0.6475346684455872,0.6640558838844299,0.6703391671180725,0.6837608814239502,0.6915842890739441,0.6944922804832458,0.7155702710151672,0.7459884881973267,0.8164766430854797,0.9761141538619995,1.0586509704589844,1.0378520488739014,1.0627102851867676,1.0807329416275024,1.0820034742355347,1.0947345495224,1.097686767578125,1.0927592515945435,1.1161646842956543,1.1789888143539429,inputs_capacity,
routed,0,13,12,key,140214_1,regularised,0.3633438063324721,0.179359499854145,0.5879295529274219,0.6186849400572163,0.47515013368633513,0.23636363636363636,726,,,0.04002675887629196,0.012438638341128922,0.03496422232444348,0.06911266024482612,0.2986193315653135,0.7609163408640383,0.1763050452184022,0.28739175830831604,0.3241170432391192,0.35260542342097245,0.359796127083045,0.3824371471818412,0.39544228317205216,0.41085453503105235,0.40440428771335146,0.3887878284151145,0.4166922642801795,0.42114395478281164,0.29483284785298774,0.4811491524296032,0.5382251298412534,0.5809762644062937,0.5873090801149139,0.619063413254203,0.6350090374988384,0.6549915795680936,0.6397652905726321,0.6105014992651593,0.6495173551307121,0.6649609307699547,inputs_capacity,
transformer,1,9,12,key,140214_1,regularised,0.7812111377716064,0.2958925664424896,1.2687994241714478,0.5111961960792542,2.442671298980713,0.23636363636363636,726,0.9159779614325069,0.9050666093826294,0.03867309167981148,0.021222958341240883,0.022314677014946938,0.029204964637756348,0.3867482841014862,1.7141468524932861,0.5012157559394836,0.6831052303314209,0.807218611240387,0.7919538617134094,0.8015782237052917,0.8009709119796753,0.8161388039588928,0.8103923797607422,0.8140885829925537,0.8293254971504211,0.8494235277175903,0.8443689942359924,0.84791100025177,1.1474543809890747,1.3461167812347412,1.3100898265838623,1.3157322406768799,1.3040906190872192,1.3178538084030151,1.2974584102630615,1.2921580076217651,1.3048335313796997,1.325127124786377,1.33474862575531,inputs_capacity,
routed,1,9,12,key,140214_1,regularised,0.31127220733698,0.15210029293543434,0.5029094285538827,0.51119618564169,0.47515013368633513,0.23636363636363636,726,,,0.03867309125915681,0.020374437802109922,0.035525920497704463,0.06723453991593462,0.282091221270649,0.6407896375591258,0.17756226800866884,0.21408716815633433,0.3202459911339971,0.34413791832649887,0.30977975969982835,0.31150548632205094,0.31570624531559216,0.34748429545746634,0.34658882523220963,0.3331714445261014,0.34635800030623826,0.3376954739959292,0.2976267875516541,0.3562703392590815,0.5317165579103702,0.5663511924133858,0.5046773919724825,0.5031959241682181,0.5058070291623646,0.5528376494502677,0.5476061079495111,0.5220996480032465,0.5397244634319732,0.5331529137826551,inputs_capacity,
transformer,2,9,12,key,140214_1,regularised,0.8047381639480591,0.3204787075519562,1.3069334030151367,0.5931883454322815,2.467721939086914,0.23636363636363636,726,0.8994490358126722,0.9263055324554443,0.0399380698800087,0.007966515608131886,0.027327831834554672,0.04174799099564552,0.4207984507083893,1.7609267234802246,0.49865275621414185,0.6863068342208862,0.8134168386459351,0.8126710057258606,0.8194165825843811,0.8241097331047058,0.8364734053611755,0.8539696335792542,0.8583332300186157,0.8694452047348022,0.8772833347320557,0.8759009838104248,0.8433980345726013,1.1529111862182617,1.3562068939208984,1.3445037603378296,1.3447868824005127,1.3415570259094238,1.350292682647705,1.366857647895813,1.3622487783432007,1.3683743476867676,1.3686414957046509,1.384671688079834,inputs_capacity,
routed,2,9,12,key,140214_1,regularised,0.35084130033509897,0.1711770103234678,0.5675084379226965,0.5931883393034064,0.47515013368633513,0.23636363636363636,726,,,0.03993806933111827,0.007489333983367621,0.03523799671156648,0.0703989817549782,0.27678893545854255,0.7384852901304007,0.1874630297961124,0.22969241554785116,0.33777614058286554,0.383241522979916,0.38234410186853535,0.40081968613543145,0.4004750877823102,0.38024715145024257,0.3805347430746023,0.35249266862847173,0.353147702258612,0.37116942832583266,0.3139712452700285,0.3833256344293149,0.5604193153253041,0.6319452855743983,0.6243702789025704,0.6492831306491755,0.6435325812440218,0.6053053411155782,0.6014686257749208,0.5535406529193946,0.5504151965220221,0.5862817835402087,inputs_capacity,
transformer,0,9,12,key,140214_2,regularised,0.6485035419464111,0.3189120292663574,1.0134046077728271,1.1156178712844849,0.7133442759513855,0.29577464788732394,522,0.8486590038314177,0.9017322659492493,0.06831586360931396,0.01788175292313099,0.06275709718465805,0.028358126059174538,0.2467651516199112,1.402229905128479,0.4699513018131256,0.6381679773330688,0.6473608613014221,0.6623052358627319,0.6544229388237,0.6623751521110535,0.6633914113044739,0.66581130027771,0.6818879842758179,0.6854507923126221,0.6875449419021606,0.6663568019866943,0.7736469507217407,1.0405595302581787,1.044729471206665,1.0573230981826782,1.0328857898712158,1.0338889360427856,1.023041844367981,1.0155500173568726,1.026907205581665,1.0199017524719238,1.0396301746368408,1.024379849433899,inputs_capacity,
routed,0,9,12,key,140214_2,regularised,0.7389176406080095,0.3701389280814408,1.1551897390037213,1.1156178624994633,1.2443536454467696,0.29577464788732394,522,,,0.0683158609464589,0.01724753426759882,0.05836179534210207,0.037386771829702174,0.22750875942589843,1.6067158395269163,0.45996503957864726,0.6587834779254026,0.6954220237397026,0.7064875185641817,0.7344738948386627,0.7708518196732869,0.8012738654003768,0.7989461512140514,0.8062407096927724,0.8028443226549952,0.8069735373561048,0.8184629659572573,0.7572512743321255,1.0744177249602587,1.1224933874248864,1.1281350482914112,1.1596827158735714,1.2036122623842347,1.2367212280810236,1.2190502071428269,1.2149220991613165,1.1951810737849107,1.2207800744251347,1.2592650964650918,inputs_capacity,
transformer,1,10,12,key,140214_2,regularised,0.6968533992767334,0.33425864577293396,1.0891410112380981,1.20452880859375,0.7457084655761719,0.29577464788732394,522,0.8620689655172413,0.8620448708534241,0.08343538641929626,0.02112276665866375,0.04938370734453201,0.02548849582672119,0.19302648305892944,1.5176564455032349,0.46947479248046875,0.6511768102645874,0.7132899761199951,0.7108671069145203,0.7133408784866333,0.7238792777061462,0.7172300219535828,0.7256050705909729,0.7236332893371582,0.7398363947868347,0.7400227189064026,0.7302672266960144,0.7720582485198975,1.0616230964660645,1.1509652137756348,1.134952187538147,1.12680184841156,1.12982177734375,1.1070456504821777,1.1065406799316406,1.0903677940368652,1.100846767425537,1.1184622049331665,1.1238441467285156,inputs_capacity,
routed,1,10,12,key,140214_2,regularised,0.7780377058724398,0.3885773057666862,1.2164438063671847,1.2045288458465002,1.2443536454467696,0.29577464788732394,522,,,0.0834353849829538,0.020968415319897418,0.04329866749789769,0.03500157147007315,0.22508098528090834,1.6938456587973545,0.46237710518555586,0.6737303133543799,0.763390346915821,0.7481353658015715,0.7852416792988234,0.8249185055847401,0.8530446694615796,0.8489614548024524,0.8254696130176352,0.837612684206568,0.8361556145032435,0.8594727611714453,0.7604924398343349,1.098592931872567,1.232130760649419,1.1950760925281663,1.2404928555704637,1.2879010705350664,1.3171927485131463,1.295071793427139,1.2442611090479396,1.2468411477077521,1.2643450143320374,1.3232000961382497,inputs_capacity,
transformer,2,11,12,key,140214_2,regularised,0.6196097135543823,0.31495726108551025,0.9683369994163513,1.0048439502716064,0.8753086924552917,0.29577464788732394,522,0.8984674329501916,0.9283204078674316,0.07398767024278641,0.01697617769241333,0.04409538209438324,0.033011339604854584,0.2664457857608795,1.3342732191085815,0.4681701958179474,0.6375747323036194,0.6337663531303406,0.643154501914978,0.6356537938117981,0.6446701884269714,0.649226725101471,0.6299851536750793,0.6208750605583191,0.61592036485672,0.6232497096061707,0.6252536773681641,0.770474374294281,1.038506269454956,1.0228729248046875,1.0272495746612549,1.0041104555130005,1.0061380863189697,1.001900553703308,0.9594008326530457,0.9351361393928528,0.9169777631759644,0.9427017569541931,0.9620800018310547,inputs_capacity,
routed,2,11,12,key,140214_2,regularised,0.6916317699700475,0.35210941993085487,1.0812245397060911,1.00484392798064,1.2443536454467696,0.29577464788732394,522,,,0.07398766998314574,0.0166409081519201,0.04200895803452927,0.039783755058130865,0.2705516882352507,1.4948092066418541,0.4593125868252975,0.6566993639881505,0.6590627586469143,0.6546570850107467,0.6914890118579579,0.7421230068927559,0.7653781628085963,0.7489888271643793,0.7243128194282483,0.7164307236721851,0.7245283792051436,0.752532507068648,0.7559318404343485,1.0703133732729262,1.0638124433146752,1.0456165172895195,1.0920447357598697,1.1584904991436693,1.1815698981626526,1.1415202262585276,1.091510566117759,1.0669757641341604,1.0962829794822182,1.158483913647282,inputs_capacity,
transformer,0,12,12,key,140227_1,regularised,0.44426578283309937,0.2112177610397339,0.7499101758003235,0.5710703730583191,1.8725188970565796,0.07428571428571429,2538,0.8817966903073287,0.7659592628479004,0.12284565716981888,0.005147675517946482,0.06430750340223312,0.03523781895637512,0.33519378304481506,0.976586103439331,0.3454941511154175,0.44239553809165955,0.4479268491268158,0.4580325782299042,0.4518894553184509,0.44689813256263733,0.4553946554660797,0.4545929431915283,0.46200403571128845,0.4602093994617462,0.4541560411453247,0.4426887631416321,0.5887863636016846,0.7545282244682312,0.7623843550682068,0.7773914933204651,0.7651049494743347,0.7549258470535278,0.7677761912345886,0.7639865875244141,0.7746025919914246,0.7699437737464905,0.7580328583717346,0.7421483993530273,inputs_capacity,
routed,0,12,12,key,140227_1,regularised,0.3935167992538272,0.20279719587490835,0.6625399057254419,0.5710704046153239,1.358341161131473,0.07428571428571429,2538,,,0.12284565075608003,0.004869998172035449,0.06493506470171101,0.03681868228984763,0.3394063526664632,0.8488355400371181,0.29548956753271904,0.3825577789145986,0.41094319562698195,0.41944232200702103,0.41101980008154376,0.41632479699130664,0.4134776711407779,0.3945471016400263,0.40543023742524575,0.3998693671716134,0.3844875292592615,0.3739145213482115,0.5013889701780532,0.6503459908524301,0.6981102316797273,0.7105632408949569,0.6945021721079127,0.7023279632784797,0.6958209327466366,0.6610799447002369,0.6778501614868503,0.6670319206878623,0.6394819273350831,0.6245802939032181,inputs_capacity,
transformer,1,12,12,key,140227_1,regularised,0.4332798421382904,0.19570931792259216,0.7311076521873474,0.4960252046585083,2.032090425491333,0.07428571428571429,2538,0.9089834515366431,0.7692944407463074,0.12263978272676468,0.003228469518944621,0.06340882182121277,0.034331273287534714,0.35410404205322266,0.9435679316520691,0.33950260281562805,0.4444975256919861,0.4728316068649292,0.4604920446872711,0.44412946701049805,0.42167359590530396,0.4347653388977051,0.43793806433677673,0.4366758167743683,0.42871806025505066,0.4329431354999542,0.4327273368835449,0.5787565112113953,0.7580081820487976,0.8051426410675049,0.7816523313522339,0.7520529627799988,0.7112675905227661,0.7315824627876282,0.7356474995613098,0.7321099042892456,0.7168560028076172,0.7223181128501892,0.7251520752906799,inputs_capacity,
routed,1,12,12,key,140227_1,regularised,0.3595019349345297,0.183559300126439,0.6040095633370217,0.49602520392915483,1.358341161131473,0.07428571428571429,2538,,,0.12263978873218537,0.003736574018832805,0.06390657702934345,0.03442569919431396,0.3543442783565292,0.7569072847009648,0.2811793404236278,0.362340824373881,0.397040989367805,0.3818105062667844,0.3753646472656686,0.3632984061130336,0.36297278617704765,0.3600000124153937,0.36142799540628706,0.36093201522582186,0.3510329910141002,0.3448455548521715,0.47693142086716617,0.6149544435975096,0.6736178003043505,0.6453185438400605,0.6332384294732297,0.6107058713219529,0.6081239066815542,0.6020837031768376,0.6033349925599106,0.6011305431767507,0.5827971661750779,0.5747460042893782,inputs_capacity,
transformer,2,13,12,key,140227_1,regularised,0.4579005539417267,0.21425917744636536,0.7733879685401917,0.5646361708641052,2.0196094512939453,0.07428571428571429,2538,0.8849487785657998,0.7439053654670715,0.12242929637432098,0.003975708037614822,0.06446681916713715,0.033759381622076035,0.3623822331428528,1.0020439624786377,0.3402692973613739,0.47546303272247314,0.4851008355617523,0.4655131995677948,0.46627748012542725,0.47149530053138733,0.4736197292804718,0.46811607480049133,0.4697018563747406,0.4622628390789032,0.4615074694156647,0.43951576948165894,0.5801215767860413,0.8119843006134033,0.8262717723846436,0.7904534339904785,0.7901378273963928,0.7972153425216675,0.7989755868911743,0.7876047492027283,0.7884432673454285,0.7735938429832458,0.770193874835968,0.7358855605125427,inputs_capacity,
routed,2,13,12,key,140227_1,regularised,0.3905094204288858,0.20159785313016987,0.6574150664507104,0.5646361794267468,1.358341161131473,0.07428571428571429,2538,,,0.12242929378987605,0.004621166834240396,0.06534280317100757,0.03497285400003531,0.35802010893460734,0.834616499587302,0.28345744131048795,0.40488062422794446,0.42885878190149407,0.4077875515708152,0.4152341897944373,0.41730150132936683,0.40531332770033185,0.38627716897532727,0.38964965848445565,0.386213764668631,0.3787600041869742,0.36184829502162524,0.48087458712116204,0.6892572495106122,0.7287315124122755,0.6904759022012585,0.7020543883125596,0.7040025832723271,0.6817948531552434,0.6474449634164522,0.6516595940261628,0.643887234012499,0.6293157465104371,0.6028699158771622,inputs_capacity,
transformer,0,7,12,key,140313_1,regularised,0.5969396829605103,0.32112300395965576,0.9476920366287231,0.9590544700622559,0.7199913263320923,0.053974484789008834,2658,0.6057185854025583,0.8955616354942322,0.16629302501678467,0.02974560111761093,0.17638958990573883,0.133151113986969,0.6776659488677979,1.0975477695465088,0.43668198585510254,0.5549452900886536,0.592832624912262,0.606744647026062,0.6089341640472412,0.6142703294754028,0.6138448119163513,0.6198159456253052,0.6209709048271179,0.6225650310516357,0.6272093057632446,0.6242135167121887,0.6994665265083313,0.8866487145423889,0.9472307562828064,0.96877521276474,0.9691861271858215,0.9764951467514038,0.9746347069740295,0.9788533449172974,0.9788033962249756,0.982228696346283,0.9860091209411621,0.9854727387428284,inputs_capacity,
routed,0,7,12,key,140313_1,regularised,0.6002457927180171,0.3218495236826122,0.9531089675833572,0.9590544630394321,0.842112441859041,0.053974484789008834,2658,,,0.1662930240583218,0.029627427134799895,0.17669837927524884,0.1329306067130349,0.6717754764800598,1.1079931871182518,0.43563370805152146,0.5530015460025602,0.5982366802230862,0.6132196713508103,0.6152582434980748,0.6192812726781982,0.6160471679689724,0.6196732427886773,0.6222304613441169,0.6256934517188073,0.6322656460526331,0.6307154060403641,0.6976148725318749,0.8833438949271194,0.9557653501718698,0.9795247676421158,0.9796732667856385,0.9849865145688321,0.9783328738938575,0.978387997552862,0.9810071534198626,0.987291688573719,0.9942192707370786,0.9960612340826945,inputs_capacity,
transformer,1,10,12,key,140313_1,regularised,0.6058343648910522,0.33458706736564636,0.9622787237167358,0.9708964824676514,0.7962308526039124,0.053974484789008834,2658,0.547027840481565,0.8754078149795532,0.16400565207004547,0.029737265780568123,0.18016821146011353,0.13024483621120453,0.6761148571968079,1.1195504665374756,0.43740367889404297,0.551335871219635,0.6046503782272339,0.613207221031189,0.6180132627487183,0.626709520816803,0.6380940079689026,0.627352774143219,0.6311302185058594,0.6292037963867188,0.6358962059020996,0.6337029337882996,0.7006127238273621,0.8795133829116821,0.9670686721801758,0.9791557192802429,0.9857461452484131,0.9982079267501831,1.0090279579162598,0.9922581315040588,0.9966164827346802,0.9932406544685364,0.9999510049819946,1.00190269947052,inputs_capacity,
routed,1,10,12,key,140313_1,regularised,0.6072242842106087,0.335923222109147,0.9643845817828244,0.9708964615957308,0.842112441859041,0.053974484789008834,2658,,,0.16400564990053887,0.029595949746226508,0.18066627546354264,0.1335731724905224,0.6648524471433048,1.127311166041057,0.4354990790465856,0.5502743523180024,0.6087669496483361,0.6172293922110627,0.622049485447434,0.6301077633971928,0.6372670194752045,0.624865500719649,0.6293997912371573,0.6297626585903573,0.6383385677880192,0.6387737571938444,0.6974471850254167,0.8773954722279343,0.9735069435159448,0.9856297157617887,0.992518186581922,1.0037910336129041,1.0071684103513596,0.9879070007289182,0.9933127814974266,0.9940430777065087,1.0039159641513609,1.0101490175557584,inputs_capacity,
transformer,2,11,12,key,140313_1,regularised,0.5988404750823975,0.3388282060623169,0.9509521722793579,0.9573819041252136,0.8302099704742432,0.053974484789008834,2658,0.5428893905191874,0.8405748605728149,0.16631121933460236,0.029118835926055908,0.17481088638305664,0.13313856720924377,0.6867096424102783,1.098410964012146,0.4356907904148102,0.5536795258522034,0.6010740995407104,0.6045888662338257,0.6109949350357056,0.6175059676170349,0.6199596524238586,0.622451663017273,0.61799156665802,0.6234351396560669,0.6279421448707581,0.6296237111091614,0.6977851390838623,0.8855834603309631,0.9615073204040527,0.9625386595726013,0.9717551469802856,0.9814676642417908,0.9832994341850281,0.9858114123344421,0.9773969650268555,0.9820441007614136,0.9868353605270386,0.9953640103340149,inputs_capacity,
routed,2,11,12,key,140313_1,regularised,0.5991806356692272,0.3401279484155438,0.951516854686212,0.9573818854279146,0.842112441859041,0.053974484789008834,2658,,,0.1663112187112567,0.02898405875743806,0.17494356840027683,0.1327814683821411,0.6748350826748285,1.1043648446138363,0.43587551467275254,0.5537884789275762,0.6030115204526557,0.607113676106683,0.6132227253261567,0.6185011096529934,0.6176928129914467,0.6177757632402817,0.6153971978518522,0.6226354780577826,0.6304736079300202,0.6334740162347849,0.6979750782797974,0.8855762345578492,0.9647241531392703,0.9665995459002446,0.9753073521234267,0.9831991436365377,0.9796830209996422,0.978303349571988,0.9733153067615914,0.9808189484638526,0.990947286904931,1.0016262746545799,inputs_capacity,
transformer,0,7,12,key,140120_1,small_regularised,0.9869829416275024,0.4464581608772278,1.6362768411636353,1.1659266948699951,3.583031415939331,0.11482254697286012,1326,0.7383107088989442,0.7569488286972046,0.1753983199596405,0.02795475162565708,0.09012232720851898,0.04873941093683243,0.9965844750404358,2.0480570793151855,0.6263195872306824,0.8564541935920715,1.0005028247833252,1.0113030672073364,1.0181987285614014,1.0246186256408691,1.0274535417556763,1.030255913734436,1.0389409065246582,1.0499107837677002,1.0521401166915894,1.0503188371658325,1.0578850507736206,1.4443795680999756,1.6833728551864624,1.6935218572616577,1.6972370147705078,1.7007278203964233,1.6979435682296753,1.695348858833313,1.7023807764053345,1.7120758295059204,1.7076184749603271,1.7184380292892456,inputs_capacity,
routed,0,7,12,key,140120_1,small_regularised,0.8799779337255269,0.42661817880430875,1.4573935432167857,1.1659267006326774,2.8316868886993256,0.11482254697286012,1326,,,0.17539831658262603,0.027635506874739948,0.09117393938725861,0.0568698903322965,1.0155299386956862,1.7630339058145945,0.6824708589350259,0.8451010949693718,0.9038416235524418,0.8636631315696941,0.8633526354603254,0.8849222409083114,0.9400457478060038,0.9852470721843077,0.9528932919893136,0.8996137773434804,0.8591378030737287,0.8558172192753222,1.1542081519147624,1.4249528325736311,1.5194778999859841,1.4441841007284273,1.4366796309505998,1.4665561898065422,1.5521802871449697,1.6207055261528716,1.560498263365093,1.465375130441286,1.3922733951274064,1.3981650117437374,inputs_capacity,
transformer,1,7,12,key,140120_1,small_regularised,0.9966633915901184,0.4473670721054077,1.652336597442627,1.1701654195785522,3.6361708641052246,0.11482254697286012,1326,0.7413273001508296,0.7399729490280151,0.17922469973564148,0.021788764744997025,0.08933930844068527,0.04687019810080528,1.0054686069488525,2.0685513019561768,0.6324555277824402,0.8696157932281494,1.0133676528930664,1.0174822807312012,1.0216037034988403,1.0335513353347778,1.0382139682769775,1.042275071144104,1.0495471954345703,1.0583909749984741,1.0630918741226196,1.0631358623504639,1.068435788154602,1.4664303064346313,1.704994797706604,1.7045211791992188,1.7048262357711792,1.7154067754745483,1.7152798175811768,1.714543104171753,1.7187602519989014,1.7258309125900269,1.7259047031402588,1.7387562990188599,inputs_capacity,
routed,1,7,12,key,140120_1,small_regularised,0.8818708201772768,0.42696558198539547,1.4603975961736846,1.1701654863797517,2.8316868886993256,0.11482254697286012,1326,,,0.17922469933063798,0.021289194057925148,0.09085145117764633,0.05747032667622358,1.0260357086755492,1.7622794807497837,0.6839111708493631,0.8472306860742941,0.9047506013527835,0.8677083234580167,0.8664673576739869,0.8895464605298479,0.9407294206920745,0.9832048027790463,0.9520418812046888,0.9025909897001484,0.8627649826653364,0.8587173699896321,1.1567036981345222,1.4281719006699687,1.520840973960443,1.4516260943254462,1.4438977168211207,1.473923766378373,1.5525621518584427,1.6165392022139538,1.5578750176869192,1.4701303926649683,1.3987044596361526,1.4019870179400007,inputs_capacity,
transformer,2,27,12,key,140120_1,small_regularised,0.8821555376052856,0.43745654821395874,1.4614557027816772,1.199767827987671,2.7394416332244873,0.11482254697286012,1326,0.7285067873303167,0.6467064023017883,0.1678514927625656,0.0171526912599802,0.08518858999013901,0.07264875620603561,1.0610806941986084,1.74517023563385,0.5991629958152771,0.7718884348869324,0.869833767414093,0.8722573518753052,0.8755844831466675,0.9003279805183411,0.928789496421814,0.9505253434181213,0.9560700058937073,0.9548743963241577,0.9337026476860046,0.9339974522590637,1.011211633682251,1.3000260591506958,1.462632656097412,1.4602071046829224,1.4589482545852661,1.4938689470291138,1.53439462184906,1.562973976135254,1.5652885437011719,1.556073546409607,1.5141711235046387,1.5262110233306885,inputs_capacity,
routed,2,27,12,key,140120_1,small_regularised,0.8942065194348294,0.4454512883471055,1.4815064222185819,1.1997678310362694,2.8316868886993256,0.11482254697286012,1326,,,0.167851493836276,0.016324089692347766,0.08485575612780562,0.07835213588541881,1.081364134062571,1.7659662448549458,0.6816914527711929,0.8478053304041874,0.9128413490397204,0.8747408832946157,0.8732774711628964,0.9019568097650549,0.9540750570298822,1.0033950206879587,0.9698699368244666,0.9204503136762691,0.8776768128927388,0.8878697584152201,1.1529191096382339,1.4296420106841574,1.5355864473644003,1.46441543608695,1.454937498479978,1.4961431762263107,1.5761621298652115,1.6504349216851057,1.5879275602397076,1.499511664049488,1.4225968615563078,1.4501938833316128,inputs_capacity,
transformer,0,20,12,key,140206_1,small_regularised,0.6605110168457031,0.34654539823532104,1.0571638345718384,0.8669544458389282,1.4499753713607788,0.270935960591133,522,0.6590038314176245,0.6478444337844849,0.05606202036142349,0.0342087522149086,0.048167236149311066,0.06843443214893341,0.45639392733573914,1.4598239660263062,0.5953177213668823,0.7024009823799133,0.6147993206977844,0.614717960357666,0.6254712343215942,0.6452964544296265,0.649699866771698,0.6582295298576355,0.6804847717285156,0.6947878003120422,0.7186439037322998,0.7403780221939087,1.0090656280517578,1.1783493757247925,1.019347071647644,1.008264183998108,1.0139057636260986,1.0361249446868896,1.0310988426208496,1.032236099243164,1.0554755926132202,1.064221978187561,1.0876350402832031,1.140038251876831,inputs_capacity,
routed,0,20,12,key,140206_1,small_regularised,0.5084647070576588,0.29457527522856736,0.8110070970386887,0.8669544787895015,0.6364876591873064,0.270935960591133,522,,,0.056062019593527294,0.03169120050586152,0.06859143500872297,0.10064338275695285,0.5203781717398438,1.0435556284589012,0.47270250288057597,0.5424031636242763,0.46479987969665887,0.45992811336260825,0.45932701074762616,0.471166497347631,0.4961160803811116,0.501686722530388,0.5195478927224012,0.5590207682895151,0.5827309172548206,0.579782069600142,0.7989984877767519,0.9046823351001038,0.7632464580225792,0.7482337156832343,0.7396314355448367,0.7532223061916173,0.785536799975573,0.7858207299016498,0.804752227824393,0.8554176287243311,0.881578605959132,0.8922769583784996,inputs_capacity,
transformer,1,30,12,key,140206_1,small_regularised,0.779485821723938,0.37852105498313904,1.2471286058425903,1.396741509437561,0.7006582617759705,0.270935960591133,522,0.6992337164750958,0.8705242276191711,0.06148708239197731,0.03284010663628578,0.05786728113889694,0.10571268945932388,0.511268675327301,1.7313368320465088,0.6280131340026855,0.7245795726776123,0.7110570669174194,0.7043812870979309,0.7282874584197998,0.7507588863372803,0.8002206683158875,0.8555414080619812,0.8658991456031799,0.8710233569145203,0.853627622127533,0.8826001286506653,1.0620957612991333,1.2117547988891602,1.177970051765442,1.1550387144088745,1.1820740699768066,1.2048975229263306,1.2707257270812988,1.3421944379806519,1.3432631492614746,1.33383047580719,1.2916885614395142,1.3585606813430786,inputs_capacity,
routed,1,30,12,key,140206_1,small_regularised,0.7739113401132793,0.37862368980746863,1.237773015127811,1.3967414873077797,0.6364876591873064,0.270935960591133,522,,,0.06148708724676031,0.030965260053202413,0.07337026554442827,0.1071092627729426,0.5653787683430721,1.6980680390872687,0.5832888134066115,0.703163304858288,0.7068789172941781,0.7041266582341762,0.7282459233845877,0.7496105971694985,0.8016200769189559,0.856515564297802,0.8707404486463844,0.8814101000278248,0.8529542263012309,0.8642374809337912,0.9860388002659004,1.1753439163834032,1.1683732421223023,1.1525669256433566,1.180484387938843,1.2024560160665017,1.2729186306230937,1.3442950625130319,1.3513290442408892,1.3503423542549486,1.2906676377507886,1.3302276579229468,inputs_capacity,
transformer,2,18,12,key,140206_1,small_regularised,0.7178024053573608,0.3518289625644684,1.149247407913208,0.8368490934371948,1.7292636632919312,0.270935960591133,522,0.6187739463601533,0.6076116561889648,0.04507534205913544,0.04135587811470032,0.04962071031332016,0.06847716122865677,0.47333016991615295,1.594730257987976,0.6032475233078003,0.7382018566131592,0.6778357625007629,0.6892674565315247,0.6910249590873718,0.7100967764854431,0.720539927482605,0.7222098112106323,0.7349973917007446,0.75564044713974,0.7835692167282104,0.8058663606643677,1.0222084522247314,1.238221526145935,1.1245356798171997,1.1314740180969238,1.121355414390564,1.140427827835083,1.1442079544067383,1.1339720487594604,1.1397995948791504,1.1578034162521362,1.1860934495925903,1.2408071756362915,inputs_capacity,
routed,2,18,12,key,140206_1,small_regularised,0.493868788885475,0.278812773894662,0.787614205410271,0.8368490855185848,0.6364876591873064,0.270935960591133,522,,,0.045075341071273804,0.03967183718802373,0.06792109175748351,0.10054127032437415,0.531110369764544,0.9986755065108924,0.45373869943249495,0.5214919084447399,0.44751823299915694,0.44034248659360525,0.43948962402399067,0.45165303863522804,0.47139502924004145,0.48839257356755095,0.5192357635187705,0.554344646558733,0.5702265206625796,0.5753117627727771,0.7666192423119701,0.8689078874268513,0.7338212781276507,0.7161545477119061,0.707475328859454,0.7218758182326057,0.7466748901724133,0.7652525896006931,0.8042562581459382,0.8487723257574554,0.8626849304702902,0.8850507333790848,inputs_capacity,
transformer,0,38,12,key,140207_2,small_regularised,0.4660274386405945,0.2195734679698944,0.7445353865623474,0.4166872203350067,1.2564932107925415,0.270935960591133,522,0.6609195402298851,0.46244168281555176,0.07744934409856796,0.011296823620796204,0.043696824461221695,0.05477476865053177,0.2313336282968521,0.9974302053451538,0.35499027371406555,0.3880850076675415,0.35374078154563904,0.3852185010910034,0.39656862616539,0.44139936566352844,0.49092790484428406,0.5698562860488892,0.5898130536079407,0.5911107659339905,0.5167041420936584,0.48540234565734863,0.5983544588088989,0.647782564163208,0.5854724049568176,0.6294017434120178,0.6412176489830017,0.7071825861930847,0.7784820199012756,0.8931372165679932,0.9136529564857483,0.9048961400985718,0.781076192855835,0.7462553977966309,inputs_capacity,
routed,0,38,12,key,140207_2,small_regularised,0.38335054862625817,0.19578379728762862,0.6119592783121454,0.41668720930572306,0.9565595171175668,0.270935960591133,522,,,0.07744934144113425,0.010426894496932662,0.03864786809225157,0.036985855128243504,0.24343561867538163,0.8073305841980792,0.2780611930299816,0.33809464213908413,0.35692620561567695,0.37856547529612605,0.38788465247866377,0.4047756702921553,0.42829536808606106,0.41946079537860925,0.42515257383914884,0.4184802874540134,0.35548736154295163,0.4057145571978938,0.46683808962011764,0.5631773700117161,0.5907698801911724,0.6194863145217383,0.628303472916585,0.6489568845459689,0.6789534893759114,0.6568679497259396,0.6583170549090919,0.6398199064208686,0.5361900574400692,0.6230936061239745,inputs_capacity,
transformer,1,16,12,key,140207_2,small_regularised,0.4635460078716278,0.2011757344007492,0.7409899830818176,0.3155197203159332,1.3261470794677734,0.270935960591133,522,0.921455938697318,0.9174076914787292,0.08077988773584366,0.010395986959338188,0.03204167261719704,0.040576908737421036,0.16900350153446198,1.0034524202346802,0.39141133427619934,0.4714984893798828,0.45771732926368713,0.4497798681259155,0.4457942545413971,0.4418615698814392,0.45732995867729187,0.44536399841308594,0.47727862000465393,0.5129354000091553,0.5137017369270325,0.5083794593811035,0.6603794693946838,0.7885913252830505,0.7589005827903748,0.738118588924408,0.7229348421096802,0.7089498043060303,0.7251556515693665,0.6980792880058289,0.7388628125190735,0.784963071346283,0.7762723565101624,0.7814040184020996,inputs_capacity,
routed,1,16,12,key,140207_2,small_regularised,0.3550558585115583,0.16932664975156617,0.5661169010336933,0.3155197141842188,0.9565595171175668,0.270935960591133,522,,,0.08077988765667539,0.010921202621582462,0.04000687034323702,0.038312433914526656,0.17286255392548366,0.7590222464282989,0.27512143650638154,0.2957163991872517,0.2992858473105984,0.32227315599757705,0.34354709059233884,0.3681096984142229,0.39129258387379895,0.3933734175656481,0.40143409852065465,0.40624391800362925,0.3517118769638215,0.4143107669081408,0.4614900090372871,0.49150870093646687,0.49386022256285556,0.5272386807134807,0.5554600336813864,0.5897431360262549,0.6195454945640547,0.6155214196970032,0.6203641925310769,0.6205138476895975,0.5300853069435676,0.6359647029015124,inputs_capacity,
transformer,2,51,12,key,140207_2,small_regularised,0.4617874026298523,0.22515970468521118,0.7379852533340454,0.5120280385017395,1.1422207355499268,0.270935960591133,522,0.5862068965517241,0.4424169361591339,0.07931903749704361,0.00992659106850624,0.036856748163700104,0.047389425337314606,0.19027191400527954,0.9959129691123962,0.3632810711860657,0.4354792535305023,0.44405412673950195,0.43957385420799255,0.4219735562801361,0.42898690700531006,0.46554481983184814,0.49563196301460266,0.5367003679275513,0.5323280096054077,0.49813538789749146,0.4872196614742279,0.6121148467063904,0.727768063545227,0.735968828201294,0.7206571698188782,0.6835728883743286,0.6873328685760498,0.7378965616226196,0.7765359282493591,0.8318164348602295,0.8147892951965332,0.7528876662254333,0.7491868734359741,inputs_capacity,
routed,2,51,12,key,140207_2,small_regularised,0.4147855883188523,0.21007466283434814,0.6626075292144722,0.5120280142337683,0.9565595171175668,0.270935960591133,522,,,0.07931903242477939,0.010107108356284991,0.033557806471247134,0.03795330959007912,0.2072621115688718,0.8873906995445288,0.29707957657629713,0.3885205821401097,0.4178416317458698,0.4205805000987247,0.4233415743787906,0.42978419474851554,0.44001576314916474,0.4419512000483818,0.44840759616600917,0.4509656971478698,0.3877798755552629,0.42709320009064494,0.49907519143659756,0.648556821646061,0.6921663043780217,0.6898957260500208,0.6864954736034121,0.6894113996310185,0.6974208784708599,0.6920992708716678,0.6945687865997002,0.6896987058834609,0.5852811875167965,0.6562902344105006,inputs_capacity,
transformer,0,17,12,key,140214_1,small_regularised,0.795307457447052,0.3501781225204468,1.291679859161377,0.8179481625556946,2.21297550201416,0.23636363636363636,726,0.8319559228650137,0.8078716397285461,0.03821628913283348,0.009074807167053223,0.025701815262436867,0.03745915740728378,0.40333542227745056,1.7430599927902222,0.5006933808326721,0.6837751269340515,0.8019036054611206,0.8089920878410339,0.8150514960289001,0.8235835433006287,0.8332538604736328,0.8390592932701111,0.8423883318901062,0.8460499048233032,0.8592918515205383,0.8614504337310791,0.8469455242156982,1.148173213005066,1.3372324705123901,1.3382481336593628,1.3376176357269287,1.3407951593399048,1.345375657081604,1.3434816598892212,1.3371943235397339,1.3315342664718628,1.3405624628067017,1.3618024587631226,inputs_capacity,
routed,0,17,12,key,140214_1,small_regularised,0.4634061352135239,0.21895844588349278,0.7511763835839866,0.8179481924876413,0.47515013368633513,0.23636363636363636,726,,,0.038216290793655655,0.0076018005858204864,0.035612114694727914,0.06623807178421326,0.2775192637237353,1.003756553276276,0.19102777792461365,0.3731908889278733,0.4977178010959951,0.5249056123848819,0.5029237392614995,0.4833543977969687,0.4752623590252297,0.4934279400144194,0.4975560855356315,0.4666795604974461,0.49048260996736753,0.488713707821941,0.3207551182644777,0.6253726381296536,0.8286356683402105,0.8669521370865737,0.8233429216953972,0.7845517314640417,0.7648962922357795,0.7878067797964582,0.7883331421109275,0.7337315562816712,0.7648861364713879,0.7722477190513243,inputs_capacity,
transformer,1,24,12,key,140214_1,small_regularised,0.6422567963600159,0.2690873444080353,1.042948603630066,0.5953752994537354,1.8592385053634644,0.23636363636363636,726,0.8457300275482094,0.6437197327613831,0.04203718155622482,0.005279561039060354,0.024981271475553513,0.025999272242188454,0.3348751664161682,1.4054418802261353,0.47060051560401917,0.5767201781272888,0.6351434588432312,0.6226695775985718,0.6268749237060547,0.6560152173042297,0.6651567816734314,0.6618534922599792,0.6713834404945374,0.688989520072937,0.7056016325950623,0.7248844504356384,0.7957800030708313,0.9686161279678345,1.0588953495025635,1.0300532579421997,1.0287787914276123,1.0676125288009644,1.0736098289489746,1.0595581531524658,1.0657529830932617,1.0842504501342773,1.1005622148513794,1.1457674503326416,inputs_capacity,
routed,1,24,12,key,140214_1,small_regularised,0.3518554629732801,0.1682717260718533,0.5692545737553785,0.5953752896429141,0.47515013368633513,0.23636363636363636,726,,,0.04203718143160455,0.005184164881563229,0.03507083168629245,0.06699539734202996,0.29109302230092626,0.7360445022544689,0.18481147008340224,0.26586780752698097,0.33400482281763133,0.36011942358425164,0.36932105811673066,0.3493115442450339,0.3505433805417643,0.3543329276854937,0.37090206715315693,0.38675418688911295,0.4309648367502959,0.42928136758535357,0.3097462278894418,0.4443175353247351,0.5545046626609738,0.5933872184917163,0.6032128033296582,0.5649807120354909,0.5621895123480717,0.563978710641419,0.5865620706894951,0.6076453456742257,0.6717417862364832,0.6781193708425944,inputs_capacity,
transformer,2,15,12,key,140214_1,small_regularised,0.7708855867385864,0.3398326337337494,1.25176203250885,0.7793972492218018,2.1602463722229004,0.23636363636363636,726,0.8884297520661157,0.8837630748748779,0.04108143970370293,0.002498806454241276,0.036354951560497284,0.0441969633102417,0.4210328161716461,1.6825854778289795,0.49952757358551025,0.6544189453125,0.7657151222229004,0.7730674147605896,0.7850040197372437,0.7899658679962158,0.7977845668792725,0.8132537007331848,0.8275981545448303,0.8357594609260559,0.8467714190483093,0.839695155620575,0.8439074754714966,1.0990034341812134,1.2766480445861816,1.278243899345398,1.2878398895263672,1.2854831218719482,1.2879652976989746,1.3020496368408203,1.31378173828125,1.3152308464050293,1.3210300207138062,1.327204704284668,inputs_capacity,
routed,2,15,12,key,140214_1,small_regularised,0.4438520119000362,0.20994699598289654,0.7191952980570547,0.7793972606636157,0.47515013368633513,0.23636363636363636,726,,,0.0410814396131844,0.0022354074432338754,0.038122821403360305,0.0669931036211026,0.27735960044829217,0.9580213351640844,0.18134719688349513,0.2957026600676767,0.42224858733005205,0.45916836991103044,0.5012729055386524,0.4766315084284475,0.4480113422196515,0.49220422634394234,0.5139659643246679,0.4661472924873206,0.49084787500886795,0.4955290189856748,0.3018118357692956,0.49490381827008356,0.7024920058922972,0.7579423587849853,0.8205580162209658,0.7732543257745006,0.7206861714191992,0.7858683968934327,0.8144721408286016,0.732740055076807,0.7654702079126411,0.7827035816555047,inputs_capacity,
transformer,0,15,12,key,140214_2,small_regularised,0.5502893328666687,0.28131863474845886,0.8598620295524597,0.9042274951934814,0.7436519265174866,0.29577464788732394,522,0.8773946360153256,0.8199636936187744,0.06496920436620712,0.027857927605509758,0.042285993695259094,0.02720354124903679,0.25999704003334045,1.1800284385681152,0.4589042663574219,0.5782968997955322,0.5072039365768433,0.5273118019104004,0.5423223376274109,0.5728380084037781,0.5632213950157166,0.5773784518241882,0.5812480449676514,0.5785027146339417,0.5717430710792542,0.5504922866821289,0.7548871040344238,0.9428315758705139,0.8182362914085388,0.8413451313972473,0.8561241626739502,0.8941342234611511,0.868949830532074,0.8806543350219727,0.8758059740066528,0.8600744009017944,0.8643757104873657,0.8468793034553528,inputs_capacity,
routed,0,15,12,key,140214_2,small_regularised,0.6504015393741447,0.336240789112189,1.016747803998777,0.9042274823163676,1.2443536454467696,0.29577464788732394,522,,,0.06496921338908429,0.02752908744924888,0.042536469451112585,0.03594299364589696,0.28410453447977435,1.4001296006933797,0.45097232834387113,0.6029869267085997,0.5672488096114742,0.5765945718301703,0.6388314830306034,0.696996900119201,0.7178448362794453,0.7229962583795555,0.7106738310482724,0.7046263354152298,0.6960116934720876,0.7194763906323209,0.7419006773059967,0.9833707353785899,0.9155450579836684,0.9201286543929135,1.0084243587232344,1.0881951469924696,1.1081086899228605,1.103164708822675,1.0713789892895942,1.0485021256869524,1.0528843929286509,1.1076508300039585,inputs_capacity,
transformer,1,14,12,key,140214_2,small_regularised,0.6001023054122925,0.29880470037460327,0.9373533129692078,1.0550928115844727,0.5657599568367004,0.29577464788732394,522,0.8563218390804598,0.8537490367889404,0.08555308729410172,0.01918718032538891,0.0483868271112442,0.02686273492872715,0.25623443722724915,1.2919070720672607,0.46218615770339966,0.6079486608505249,0.5942549705505371,0.5925622582435608,0.5916271805763245,0.6107348799705505,0.61290043592453,0.6333314776420593,0.6417852640151978,0.6227216720581055,0.6159544587135315,0.6213086247444153,0.7604706287384033,0.9911578893661499,0.9583683609962463,0.9452782869338989,0.9334601759910583,0.9530552625656128,0.9457071423530579,0.9656990170478821,0.966630220413208,0.9262778162956238,0.9295849800109863,0.954193651676178,inputs_capacity,
routed,1,14,12,key,140214_2,small_regularised,0.7130385938095476,0.3646344241059219,1.114423866129241,1.0550928243298747,1.2443536454467696,0.29577464788732394,522,,,0.08555308413187705,0.019070440210746737,0.04702188177834786,0.03665499715565427,0.2637164242062402,1.543297848380981,0.4500435812054014,0.6268747977346356,0.671988693141065,0.6600386595556468,0.7045331445812992,0.7557563618770398,0.7864210078662952,0.7942960051326566,0.7832225388634676,0.7656805122425724,0.7593504768422772,0.7896939168372274,0.7406327161024222,1.0222303739842415,1.084181397579313,1.053296782946372,1.1118521419369,1.179907770703434,1.2142271207787099,1.2117571981100643,1.180437831539682,1.1397662411430591,1.1474139357460038,1.214399707198985,inputs_capacity,
transformer,2,13,12,key,140214_2,small_regularised,0.5047948956489563,0.26511794328689575,0.7882474064826965,0.8066335916519165,0.7426410913467407,0.29577464788732394,522,0.9616858237547893,0.9297055602073669,0.06885945051908493,0.017806848511099815,0.050578523427248,0.030352529138326645,0.3014446794986725,1.0663321018218994,0.4585280120372772,0.5723779797554016,0.49534696340560913,0.4794132709503174,0.4907001554965973,0.5189070105552673,0.5303261876106262,0.525089681148529,0.5129396319389343,0.5044334530830383,0.4909020960330963,0.4634436368942261,0.754338264465332,0.9330756664276123,0.7986454963684082,0.764797031879425,0.7733898758888245,0.8091612458229065,0.8181229829788208,0.8002220392227173,0.77238529920578,0.7499426007270813,0.7406535148620605,0.7118353843688965,inputs_capacity,
routed,2,13,12,key,140214_2,small_regularised,0.6124809588417811,0.3122712342845727,0.9571791187923628,0.8066335791848844,1.2443536454467696,0.29577464788732394,522,,,0.0688594543894508,0.017407766009372837,0.046694881997519117,0.03817392775515758,0.27423963394360024,1.316744346423823,0.4510589536186792,0.5954184255132101,0.5549702959346312,0.5272522404278378,0.58806449184168,0.6561816031882284,0.6961088155010224,0.6859584072276157,0.6462675673936272,0.6420185576023982,0.639906555122131,0.6665316899612025,0.7420287042585288,0.9707258644481879,0.8953222131858062,0.8415099279538921,0.9278531112909432,1.0242378066256042,1.0746686921832889,1.0461788972507302,0.9739575463285925,0.955476612331167,0.9670141027177949,1.0255414665827265,inputs_capacity,
transformer,0,17,12,key,140227_1,small_regularised,0.44044235348701477,0.18107302486896515,0.7433329820632935,0.42198118567466736,2.2845325469970703,0.07428571428571429,2538,0.9389282899921197,0.806585967540741,0.1201777309179306,0.003300087759271264,0.06241662800312042,0.04968445003032684,0.3327517807483673,0.967872142791748,0.3319908082485199,0.4526432752609253,0.46876776218414307,0.44675353169441223,0.45809847116470337,0.44760385155677795,0.44401785731315613,0.44603103399276733,0.4391278028488159,0.4484521746635437,0.4427962601184845,0.4458358585834503,0.5654080510139465,0.7724713087081909,0.7981942296028137,0.7583847045898438,0.7757575511932373,0.7554588913917542,0.7476868033409119,0.7493539452552795,0.7358182072639465,0.7501749992370605,0.7387614846229553,0.7476029396057129,inputs_capacity,
routed,0,17,12,key,140227_1,small_regularised,0.32804526046735927,0.16231509999852836,0.54945799139274,0.42198118502263415,1.358341161131473,0.07428571428571429,2538,,,0.12017773884761586,0.004101503521520851,0.06322619912149822,0.05087004017477101,0.3169330672485776,0.690726608837579,0.26990211180974766,0.3494191232268545,0.3612091035448677,0.32946041806582116,0.34328658985800514,0.33938417099594403,0.33177069233245005,0.32015122129762774,0.3149648887463143,0.33210411056497413,0.32180626877085705,0.3137874353752609,0.45674172572847965,0.5928173238298658,0.6114357473408538,0.5549774529290564,0.5772244436552884,0.5686122831290059,0.5543464174334066,0.5329611684661635,0.5228117573092483,0.551346708108512,0.532398116154056,0.5214600893667447,inputs_capacity,
transformer,1,11,12,key,140227_1,small_regularised,0.4282000958919525,0.16233530640602112,0.7220404148101807,0.3483145534992218,2.346529006958008,0.07428571428571429,2538,0.9676910953506698,0.8320326209068298,0.12470735609531403,0.0035566785372793674,0.0646526962518692,0.039524853229522705,0.29489079117774963,0.9482119679450989,0.32677438855171204,0.4228975772857666,0.43526747822761536,0.43870264291763306,0.43591976165771484,0.4338929355144501,0.4368232488632202,0.43746545910835266,0.43924957513809204,0.4422391355037689,0.4415202736854553,0.4375545084476471,0.5564818382263184,0.7203521132469177,0.7394434213638306,0.7435194253921509,0.7369266152381897,0.732110857963562,0.7356114983558655,0.7345382571220398,0.7358598113059998,0.7394567131996155,0.7366762161254883,0.7331140637397766,inputs_capacity,
routed,1,11,12,key,140227_1,small_regularised,0.2993696066841967,0.1417119938943927,0.49937395674100926,0.34831456432814434,1.358341161131473,0.07428571428571429,2538,,,0.12470734697774243,0.004234275304506107,0.06539389312391086,0.04069829147247648,0.26807479150336144,0.6354113495272609,0.26141249400128375,0.3093404567732328,0.31877067742000764,0.30340458141664783,0.3039863704667678,0.30849622482241384,0.3002768450086262,0.29275324272166625,0.29487388824759075,0.30486584418660057,0.29885598265308444,0.29180513527028035,0.4420864843007616,0.522118009238782,0.5363962045792506,0.5081265054263931,0.5080067625718754,0.5153435240113375,0.5002306342374723,0.4853296888724886,0.4878632160149985,0.5043672657089439,0.49313204114526926,0.4830212520311661,inputs_capacity,
transformer,2,18,12,key,140227_1,small_regularised,0.4960644841194153,0.23320068418979645,0.8387703895568848,0.6358877420425415,2.1051864624023438,0.07428571428571429,2538,0.8652482269503546,0.7772813439369202,0.12413366138935089,0.009436175227165222,0.06434667110443115,0.03200177103281021,0.3540557026863098,1.0983418226242065,0.34709998965263367,0.48186567425727844,0.5205350518226624,0.5321927070617676,0.5268613696098328,0.530906617641449,0.508101224899292,0.49435001611709595,0.4996544420719147,0.49066710472106934,0.493950754404068,0.5021945834159851,0.5918001532554626,0.822839081287384,0.8871405720710754,0.9054797887802124,0.8942273259162903,0.8987652659416199,0.8576346635818481,0.8321521282196045,0.8391903638839722,0.8218797445297241,0.8257145881652832,0.8434250354766846,inputs_capacity,
routed,2,18,12,key,140227_1,small_regularised,0.4240997878417005,0.21753197968035942,0.7151079938593184,0.6358877495958806,1.358341161131473,0.07428571428571429,2538,,,0.12413366393894247,0.008273590856172987,0.06521134701685206,0.03341105419421049,0.3378308466479621,0.9256624243644097,0.2904682050111108,0.4052088345657091,0.44951522175353315,0.46058164555418535,0.4620266071830425,0.4747338530914575,0.44014882629040797,0.4157435561835004,0.4235325899547683,0.4147902215113014,0.4096523943221445,0.4147422280410025,0.4928231318556117,0.6895833068848383,0.764133206073302,0.781830299682965,0.782601239288777,0.802316625274663,0.7411083949052774,0.6976277323808053,0.7092431106802134,0.6926152780397267,0.6825022466887444,0.694217730282817,inputs_capacity,
transformer,0,11,12,key,140313_1,small_regularised,0.6024097204208374,0.32210615277290344,0.9572219252586365,0.9688270092010498,0.7242273688316345,0.053974484789008834,2658,0.6301730624529721,0.872559130191803,0.16507472097873688,0.031162947416305542,0.17077286541461945,0.13265836238861084,0.6809782385826111,1.1100897789001465,0.4372544288635254,0.5556693077087402,0.5968913435935974,0.616131067276001,0.6175242066383362,0.6219894289970398,0.6228594183921814,0.6244977116584778,0.6261681914329529,0.6288359761238098,0.6305478811264038,0.6287584900856018,0.7002533674240112,0.8886356949806213,0.9547230005264282,0.9841437339782715,0.9839045405387878,0.9896448254585266,0.9877498745918274,0.9899614453315735,0.9901034832000732,0.9916548132896423,0.9922205805778503,0.9923223257064819,inputs_capacity,
routed,0,11,12,key,140313_1,small_regularised,0.6055889802066738,0.32251768765634276,0.9624137074298045,0.9688270231348727,0.842112441859041,0.053974484789008834,2658,,,0.16507471378232774,0.031050655945188386,0.17129668481808966,0.13234384408629235,0.6751582341920441,1.1201505228672257,0.4361449322026558,0.5534829056076855,0.6018242937262703,0.6219813200453798,0.6231495991745388,0.62702874768309,0.6252144576316754,0.6249596077382275,0.6274833039151129,0.6315456115120383,0.6357628068730381,0.6351844941631577,0.6984774825355792,0.8850033645182874,0.9627356800585668,0.9936493120106745,0.9931330100782555,0.99791085597636,0.9916282006509699,0.9907342972444478,0.992169071893062,0.9960647972814404,1.0006801727371917,1.0027906109209783,inputs_capacity,
transformer,1,34,12,key,140313_1,small_regularised,0.7190548777580261,0.4155151844024658,1.1488512754440308,1.1194801330566406,1.5772091150283813,0.053974484789008834,2658,0.33220466516177577,0.4485015869140625,0.1626308113336563,0.03116902895271778,0.16230344772338867,0.13367344439029694,0.6817630529403687,1.3845486640930176,0.43328431248664856,0.6001984477043152,0.7478744387626648,0.7474315762519836,0.7535646557807922,0.7741255760192871,0.7506656646728516,0.7436075210571289,0.7507178783416748,0.7647519707679749,0.7589246034622192,0.7376126050949097,0.6939398646354675,0.9624952673912048,1.2040349245071411,1.201043725013733,1.2085598707199097,1.239766001701355,1.19760000705719,1.1827194690704346,1.192229151725769,1.2125966548919678,1.2015215158462524,1.1715859174728394,inputs_capacity,
routed,1,34,12,key,140313_1,small_regularised,0.6930035883412156,0.4011749817384207,1.106286231730259,1.1194801451537888,0.842112441859041,0.053974484789008834,2658,,,0.16263081709865007,0.03105468779616736,0.1625592292807126,0.133703882004504,0.6646068868337925,1.3304444572162504,0.43433516124395083,0.5987198253897128,0.7298870063186718,0.727794408205746,0.7328331206063432,0.7475893603153365,0.718345996880923,0.7067288302133203,0.7109062759696851,0.7239217719666319,0.7225070088486424,0.7077729085309268,0.6955856546414976,0.960067670600501,1.1745642397385982,1.1687783083502759,1.1744079013498834,1.1964492698409113,1.1449136285929848,1.1225245483424746,1.1276438068569512,1.146663977351346,1.1427695472006045,1.1232578679360417,inputs_capacity,
transformer,2,26,12,key,140313_1,small_regularised,0.7079738974571228,0.41283273696899414,1.1299151182174683,1.1158661842346191,1.3526674509048462,0.053974484789008834,2658,0.40293453724604966,0.5097566246986389,0.16441580653190613,0.03156457841396332,0.17482687532901764,0.13075561821460724,0.6883416175842285,1.3555057048797607,0.44979172945022583,0.6120695471763611,0.7323857545852661,0.7279255390167236,0.7313744425773621,0.7449115514755249,0.7440158128738403,0.7500912547111511,0.7304706573486328,0.7392104268074036,0.7489124536514282,0.7328802943229675,0.7214477062225342,0.9819695949554443,1.1770724058151245,1.1661784648895264,1.170322060585022,1.1908584833145142,1.1861778497695923,1.19314444065094,1.1592494249343872,1.1720316410064697,1.184552788734436,1.1627849340438843,inputs_capacity,
routed,2,26,12,key,140313_1,small_regularised,0.6914789453715586,0.402803068285507,1.102826671986559,1.115866120669655,0.842112441859041,0.053974484789008834,2658,,,0.16441580372261602,0.03144861099292285,0.1756723826722399,0.13251818814353178,0.674027729874177,1.3222314904846284,0.4505336514111143,0.6112187587406152,0.7188245866543599,0.7142587466289777,0.7148699716023971,0.7263374393766588,0.7212365303288578,0.7265479344527341,0.7083460503625548,0.7179773208366469,0.7279522613202573,0.7150308764062167,0.7225004377355835,0.9803502993459353,1.1544964782492777,1.1433902922255783,1.143107965516651,1.1605090288176771,1.1487976476276514,1.1545800495964587,1.1233847631865588,1.1376412985363513,1.1507119074404244,1.1338483820268495,inputs_capacity,
transformer,0,14,3,key,140120_1,,0.9597105383872986,0.4756465256214142,1.5905848741531372,1.5683919191360474,1.7522629499435425,0.11482254697286012,1326,0.6251885369532428,0.5427160263061523,0.17053495347499847,0.019299015402793884,0.08847904205322266,0.08379095047712326,1.0505338907241821,1.953150749206543,0.7587127685546875,1.0058362483978271,0.9887208938598633,0.9183210730552673,0.9231451749801636,0.9361603856086731,0.9782364964485168,0.9861045479774475,1.0092790126800537,0.9698277711868286,1.0001522302627563,1.0271458625793457,1.2837077379226685,1.6989169120788574,1.6640268564224243,1.5382533073425293,1.5397415161132812,1.5540533065795898,1.617181420326233,1.6217540502548218,1.6526312828063965,1.5802901983261108,1.6191656589508057,1.6780312061309814,target_lookback,linear
routed,0,14,3,key,140120_1,,1.0304886715498562,0.5066354353461533,1.7088291870876242,1.5683918813494822,2.5432579059187543,0.11482254697286012,1326,,,0.1705349532803175,0.018178149188014834,0.08738234694687824,0.08244746760925163,1.0723858725927184,2.1247539100806967,0.7766346075428247,1.0424545142388673,1.0305687734567963,0.9814638079969834,0.9997183593405831,1.0282704156367555,1.0615939814991358,1.081935526009779,1.1112482734977789,1.0754689934131445,1.0659759324614961,1.0901570891646455,1.314475863661603,1.7613387189455978,1.7350507696373665,1.6448567032120747,1.66837266946634,1.708137141299565,1.7557314640321975,1.7805452410733649,1.8207286562670129,1.7536130140191577,1.7268751095040495,1.7818472000140602,target_lookback,linear
persistence,-1,0,3,key,140120_1,,0.9819528460502625,0.4451623857021332,1.6282511949539185,1.162688136100769,3.5592241287231445,0.11482254697286012,1326,,,0.176591694355011,0.027495136484503746,0.07332804054021835,0.04756961762905121,0.9918652772903442,2.037937641143799,0.6285778880119324,0.8626123070716858,1.0031880140304565,1.0076169967651367,1.0121049880981445,1.016638159751892,1.0212410688400269,1.0259027481079102,1.0306334495544434,1.035408854484558,1.0402344465255737,1.0450993776321411,1.061637282371521,1.455055594444275,1.688321828842163,1.688321828842163,1.688321828842163,1.688321828842163,1.688321828842163,1.688321828842163,1.688321828842163,1.688321828842163,1.688321828842163,1.7097035646438599,target_lookback,linear
climatology,-1,0,3,key,140120_1,,2.3468957513762674,1.1373379293321972,3.900727893321012,3.94286008638234,3.5592237372270774,0.11482254697286012,1326,,,0.24581078478568558,0.011249233764870532,0.04926924296284713,0.09117119705882397,0.6972915813942576,5.337029552175854,2.2906174919846527,2.3005550519262172,2.310602571977549,2.3208038355604166,2.331141431490701,2.3416117605387097,2.352227998642484,2.3629880916490267,2.3738992424509266,2.3849536579460064,2.3961566302612853,2.4075064999638194,3.896667025483457,3.896667025483457,3.896667025483457,3.896667025483457,3.896667025483457,3.896667025483457,3.896667025483457,3.896667025483457,3.896667025483457,3.896667025483457,3.896667025483457,3.946253301025286,target_lookback,linear
ridge,-1,0,3,key,140120_1,,0.9127464780445703,0.4575094691795884,1.512578675842015,1.321227723221403,2.5432579059187543,0.11482254697286012,1326,,,0.16891845432526123,0.010201234690958755,0.09043285572684871,0.05999107199038117,1.012782047311869,1.850633963809205,0.7978958550862157,0.8521621317063983,0.8704074206409536,0.9020209146912606,0.9076947917200582,0.8797990859678486,0.8721532333610006,0.9269574836440466,0.9815646567492119,1.024595363883614,0.983814345038701,0.948798151675958,1.3512758180789308,1.4380918775531988,1.4648147719121143,1.5121148017002632,1.514345465916225,1.460183994615006,1.4406932155931207,1.5243644920442914,1.6067473386421507,1.6683639118796687,1.5942256668723567,1.549197116389277,target_lookback,linear
transformer,1,8,3,key,140120_1,,0.891058087348938,0.41737571358680725,1.4765619039535522,1.214056372642517,2.761373519897461,0.11482254697286012,1326,0.7601809954751131,0.7033454179763794,0.16373732686042786,0.026582904160022736,0.08930236846208572,0.05904915928840637,1.0359830856323242,1.782523512840271,0.6076539158821106,0.7749282121658325,0.850295901298523,0.841059148311615,0.8521431088447571,0.8948871493339539,0.9491265416145325,0.9814879894256592,0.9912356734275818,0.9783955812454224,0.9543396830558777,0.9718849062919617,1.0245583057403564,1.3049520254135132,1.4293040037155151,1.408522367477417,1.4195908308029175,1.4852372407913208,1.5684396028518677,1.614902138710022,1.6238714456558228,1.5949536561965942,1.548348307609558,1.5889207124710083,target_lookback,linear
routed,1,8,3,key,140120_1,,0.8636544202045627,0.4148044470317026,1.43086782701962,1.2140563236954907,2.5432579059187543,0.11482254697286012,1326,,,0.1637373299012385,0.02608463408707139,0.0877161026899161,0.05624643299345865,1.057366582028044,1.6983942738006574,0.6018019430068597,0.7476467081290368,0.7999562427499128,0.8077634827975751,0.8531286107108216,0.887418285809103,0.9028476268256511,0.9630612096137497,0.9714852608816521,0.9626617489538511,0.9071019158558017,0.9159279317095577,1.0148318800335763,1.258672529743386,1.3444682142154605,1.3526483504716063,1.4215078882504095,1.47266555814711,1.4911603983558588,1.5844031148758906,1.5912368572155826,1.569087485931617,1.4711788556290901,1.496751040505549,target_lookback,linear
transformer,2,10,3,key,140120_1,,0.9842042326927185,0.48406127095222473,1.63164484500885,1.46410071849823,2.5808472633361816,0.11482254697286012,1326,0.6380090497737556,0.6399019956588745,0.1719205528497696,0.03212462738156319,0.08849519491195679,0.06321103870868683,1.0321900844573975,2.025017738342285,0.7560713887214661,1.0021909475326538,1.0247125625610352,1.0067386627197266,1.0078142881393433,1.0067481994628906,0.9988132119178772,0.9896396398544312,1.0210322141647339,1.0102207660675049,0.9943106770515442,0.9712737202644348,1.2800332307815552,1.6927343606948853,1.7252123355865479,1.6866670846939087,1.6793955564498901,1.670971393585205,1.6501522064208984,1.6276215314865112,1.6729315519332886,1.6472952365875244,1.6125222444534302,1.5879055261611938,target_lookback,linear
routed,2,10,3,key,140120_1,,0.9800406256855901,0.48598880613229245,1.6248535190883715,1.4641006870385291,2.5432579059187543,0.11482254697286012,1326,,,0.17192054619477956,0.03079792620102801,0.08495260774471246,0.05887738417476144,1.0526018396046188,2.0050749278312443,0.740714826626032,0.971751732191582,0.9817873705057525,0.9713307568601691,0.9964781130679013,1.0115286852419045,0.9995613018023425,1.0135783607233682,1.0409042658185734,1.035351475270072,0.9987096850696797,0.9795338810242723,1.2539120861192206,1.6409912280366354,1.652714615566373,1.6271903027181047,1.6612881509164923,1.6793907844634681,1.6514207145993605,1.6673586476638247,1.7055582422945703,1.6884366437784877,1.619710202515518,1.60150789332705,target_lookback,linear
transformer,0,7,3,key,140206_1,,0.8086309432983398,0.39085304737091064,1.2944040298461914,1.4227486848831177,0.8585312366485596,0.270935960591133,522,0.5919540229885057,0.5298640727996826,0.07464330643415451,0.04786391928792,0.05450355261564255,0.06889853626489639,0.4983040690422058,1.8072595596313477,0.6574031114578247,0.7603404521942139,0.7472089529037476,0.7909060120582581,0.7984867691993713,0.8443375825881958,0.8183107972145081,0.845609188079834,0.8569541573524475,0.8887802958488464,0.8690894842147827,0.8481590151786804,1.1148096323013306,1.2760634422302246,1.238598346710205,1.2986971139907837,1.2952693700790405,1.3560506105422974,1.2991446256637573,1.3281735181808472,1.329053282737732,1.3614901304244995,1.3126558065414429,1.3053981065750122,target_lookback,linear
routed,0,7,3,key,140206_1,,0.787912967143111,0.3752377948386108,1.2603235097910395,1.4227486930543145,0.6447644681080827,0.270935960591133,522,,,0.074643307145836,0.04713353440348826,0.06801782803914178,0.09289019303421885,0.5244271890812823,1.7470831677192868,0.6417434327563002,0.7563620600689258,0.7462977614263739,0.7912079678097164,0.772063162919349,0.8237313499168649,0.7896381814628353,0.824558694148579,0.8266039010736689,0.8605748031312812,0.8360825000899134,0.8029716639503801,1.0874721611019207,1.2678565601750198,1.2359246627850573,1.297784282136245,1.2501338698165136,1.321625212402967,1.2524427266548142,1.2941597411869128,1.281685412747909,1.3187246291576202,1.2625159263985304,1.2356638265509687,target_lookback,linear
persistence,-1,0,3,key,140206_1,,0.8583722114562988,0.40919268131256104,1.3749645948410034,0.9642476439476013,2.1156158447265625,0.270935960591133,522,,,0.027968034148216248,0.05361480638384819,0.04978800565004349,0.06728704273700714,0.5078630447387695,1.9261877536773682,0.6255089640617371,0.8391647338867188,0.840667724609375,0.8497231006622314,0.8591010570526123,0.8686992526054382,0.878660261631012,0.8890320062637329,0.8997799754142761,0.9107316732406616,0.9220943450927734,0.9300126433372498,1.0602160692214966,1.4081981182098389,1.3958966732025146,1.3958966732025146,1.3958966732025146,1.3958966732025146,1.3958966732025146,1.3958966732025146,1.3958966732025146,1.3958966732025146,1.3958966732025146,1.4324803352355957,target_lookback,linear
climatology,-1,0,3,key,140206_1,,1.2033521550920792,0.6347547917568718,1.9264997725868906,1.8513031650617775,2.1156155964187855,0.270935960591133,522,,,0.1097301585902595,0.028114119389798523,0.0604878138206492,0.13165159725950348,0.5683022027507306,2.7364380888531215,1.1343151615812916,1.1460184422191066,1.158060595011711,1.1705564314720143,1.1834827621834352,1.1967763953904877,1.2105528597091595,1.2248598594409394,1.2396864084077648,1.2549227530946552,1.270735881956144,1.2843496051737102,1.922145767802541,1.922145767802541,1.922145767802541,1.922145767802541,1.922145767802541,1.922145767802541,1.922145767802541,1.922145767802541,1.922145767802541,1.922145767802541,1.922145767802541,1.976676265309587,target_lookback,linear
ridge,-1,0,3,key,140206_1,,0.5984144656212979,0.31449915894748603,0.9548833239658362,1.0469749600162896,0.6447644681080827,0.270935960591133,522,,,0.09967998911703435,0.036504937926562835,0.06821417440443264,0.08997533855592814,0.6279859173635948,1.2200522680795638,0.4959534122660599,0.5163698296195786,0.42752640708725065,0.43900759732411937,0.4796479135701463,0.54647119237005,0.6570588948410782,0.7179806572359894,0.7251530356203674,0.7516945954666832,0.720660466015244,0.6588880807104276,0.8390332218227894,0.8622333738540766,0.7018098842636084,0.715079032434626,0.7741085601300574,0.874553050056695,1.041875299669458,1.1251511614753873,1.122026815325738,1.1482021706137278,1.086685744904454,1.0114945216239526,target_lookback,linear
transformer,1,4,3,key,140206_1,,0.7281996607780457,0.36306032538414,1.1653388738632202,0.8314664959907532,1.7753829956054688,0.270935960591133,522,0.6551724137931034,0.6354945302009583,0.06597254425287247,0.05004512518644333,0.052122753113508224,0.07091524451971054,0.48369884490966797,1.615816354751587,0.6092002987861633,0.7605317831039429,0.7177306413650513,0.7403342127799988,0.7318907380104065,0.7282145619392395,0.7268832921981812,0.7138096690177917,0.7285904288291931,0.7193226218223572,0.7984339594841003,0.7703295946121216,1.0326604843139648,1.2760239839553833,1.1910368204116821,1.216356635093689,1.1892117261886597,1.1691243648529053,1.154031753540039,1.1203477382659912,1.1265274286270142,1.0985385179519653,1.2081859111785889,1.184257984161377,target_lookback,linear
routed,1,4,3,key,140206_1,,0.4926155896470102,0.2779668252909369,0.7852786112632971,0.8314665482619417,0.6447644681080827,0.270935960591133,522,,,0.06597254661976269,0.04822908893514052,0.06514098269154793,0.09262892353653987,0.4943746234449678,1.0156638646136489,0.511889497247136,0.6074099613835452,0.4999199476476876,0.501413342965279,0.4735456744627458,0.4765462261494693,0.476060422709935,0.4681943616345902,0.4506991537658814,0.44116161345490784,0.47868275649994535,0.4792732582729606,0.8666217573334376,1.016738390367743,0.8256871899059617,0.8193405228424541,0.7646291338481183,0.7612930771392291,0.7533848205888517,0.7325406206525108,0.692425404850734,0.6693690786753461,0.723110165300624,0.733940107817443,target_lookback,linear
transformer,2,6,3,key,140206_1,,0.7489938139915466,0.39216649532318115,1.1985666751861572,1.142348289489746,1.338167667388916,0.270935960591133,522,0.5038314176245211,0.5249438285827637,0.0688721165060997,0.04004653915762901,0.05777827650308609,0.07866685837507248,0.45130887627601624,1.6765179634094238,0.6396068930625916,0.7715017199516296,0.7256677746772766,0.726625919342041,0.7336768507957458,0.7544972896575928,0.76429283618927,0.772252082824707,0.770467221736908,0.7740901708602905,0.7749577760696411,0.7950388193130493,1.0843943357467651,1.2945011854171753,1.204703688621521,1.1921387910842896,1.189855933189392,1.2116472721099854,1.2132139205932617,1.2103747129440308,1.1931170225143433,1.1859920024871826,1.1714767217636108,1.2226279973983765,target_lookback,linear
routed,2,6,3,key,140206_1,,0.645475750205181,0.34038464494359333,1.031519749730599,1.1423483125269227,0.6447644681080827,0.270935960591133,522,,,0.0688721172288347,0.038239802853834014,0.06799314098210991,0.09290513532454897,0.4813491538521959,1.4112904775427992,0.5948477876806516,0.707261496224019,0.6182106988127286,0.6221674681090751,0.6139436075824533,0.6474821352488145,0.657575816248786,0.6459638002456208,0.6469457041283416,0.6481835837952494,0.6561824902790204,0.6898287664610576,1.0077096225612894,1.1852465504547005,1.0236399962537694,1.0176889720231743,0.9929442695029533,1.0373780150231284,1.043119348010709,1.0120425490163854,1.0008512227984672,0.9928679808532279,0.9911579824117461,1.0600894110043846,target_lookback,linear
transformer,0,23,3,key,140207_2,,0.5378313064575195,0.2588660418987274,0.8597398996353149,0.579115629196167,1.3511781692504883,0.270935960591133,522,0.657088122605364,0.3931775689125061,0.08082584291696548,0.007914610207080841,0.040207698941230774,0.06707651913166046,0.22357530891895294,1.1598984003067017,0.3584107458591461,0.4427856504917145,0.49193260073661804,0.5266804695129395,0.5563701391220093,0.5819880962371826,0.5957092046737671,0.5897413492202759,0.6166450381278992,0.5907354354858398,0.55708909034729,0.5332010388374329,0.6020251512527466,0.7401058673858643,0.8159307241439819,0.8637124300003052,0.9017360806465149,0.9326480031013489,0.9452596306800842,0.9250748753547668,0.9560137987136841,0.903120219707489,0.8419977426528931,0.8205083608627319,target_lookback,linear
routed,0,23,3,key,140207_2,,0.4836108179670629,0.23752441791104842,0.7729204917871622,0.579115582714429,1.1412748579760958,0.270935960591133,522,,,0.08082584578832032,0.008958899594372802,0.038731583751004155,0.05116660614440165,0.20360758326182715,1.0423225092196915,0.3599467544674793,0.46066544085719857,0.4519549526012965,0.45377373776521784,0.4696264035664555,0.46799965661401366,0.49860950145871485,0.5291666117514193,0.5593044596960421,0.5639766562564853,0.4962162184904952,0.495076988309002,0.6058953558488758,0.7704037728577354,0.7489712922752022,0.744073288344042,0.7610059797098585,0.7502177544695446,0.7909527984057009,0.8295632412653715,0.866835325020299,0.8622559344948744,0.74957759404208,0.7616619302596709,target_lookback,linear
persistence,-1,0,3,key,140207_2,,0.6482312679290771,0.268417626619339,1.037318229675293,0.32888513803482056,1.9184532165527344,0.270935960591133,522,,,0.08945600688457489,0.006719331722706556,0.02602871134877205,0.06052960082888603,0.3473946750164032,1.384333610534668,0.4113166630268097,0.5584543943405151,0.6468055248260498,0.6537943482398987,0.6610184907913208,0.6684873104095459,0.6761639714241028,0.6841567754745483,0.6923887133598328,0.7007958292961121,0.70952969789505,0.7105193734169006,0.6942504048347473,0.934819757938385,1.0732965469360352,1.0732965469360352,1.0732965469360352,1.0732965469360352,1.0732965469360352,1.0732965469360352,1.0732965469360352,1.0732965469360352,1.0732965469360352,1.0935431718826294,target_lookback,linear
climatology,-1,0,3,key,140207_2,,1.2105053456292918,0.6981724743512233,1.9396609048966047,1.9474832676022664,1.9184532547738347,0.270935960591133,522,,,0.08396632386480336,0.005755358633951806,0.03952543883236873,0.08447548786708506,0.816446480654266,2.546635720391538,1.141052449411627,1.1527977408819274,1.1649607274225737,1.1775530856582237,1.1905649540916439,1.2040177860974928,1.2179088271491634,1.2323171781525488,1.247220954239606,1.2626071107575898,1.2785843560211796,1.2907190144099874,1.935470970347458,1.935470970347458,1.935470970347458,1.935470970347458,1.935470970347458,1.935470970347458,1.935470970347458,1.935470970347458,1.935470970347458,1.935470970347458,1.935470970347458,1.9879761295256468,target_lookback,linear
ridge,-1,0,3,key,140207_2,,0.4535720358586186,0.2145901373628994,0.725273371210869,0.48730089771201746,1.1412748579760958,0.270935960591133,522,,,0.06804411274492012,0.011124165595564275,0.04078684957725079,0.037672845146795204,0.20267792736549387,0.9760080945776921,0.32756300490496837,0.4518928259297469,0.4717255204005464,0.4811686823971989,0.43624662772538114,0.39787447247185487,0.43390658237143165,0.4863346813908984,0.5187084391629271,0.5251189345382014,0.4485566660188425,0.4517254249576944,0.5516924935535491,0.756425018231632,0.7823472895166519,0.7898400720348794,0.7079554401295227,0.6380109770305057,0.6877312507236664,0.7623585070273367,0.8040580641688955,0.8041510700258221,0.677746818982575,0.6944743396105688,target_lookback,linear
transformer,1,28,3,key,140207_2,,0.45921245217323303,0.23425038158893585,0.7336280941963196,0.49226969480514526,1.1551616191864014,0.270935960591133,522,0.5689655172413793,0.35215675830841064,0.08066660910844803,0.009624166414141655,0.03528768941760063,0.055855702608823776,0.2646847069263458,0.9746849536895752,0.31059953570365906,0.4064621031284332,0.4549037218093872,0.4583422839641571,0.49430176615715027,0.5093464851379395,0.4899566173553467,0.4698696434497833,0.48742425441741943,0.4642082750797272,0.48486068844795227,0.4728465974330902,0.5214934945106506,0.6769309639930725,0.7533408403396606,0.7515605092048645,0.8016722202301025,0.8171679377555847,0.7775627970695496,0.7365188598632812,0.7535926699638367,0.7100734710693359,0.7329390048980713,0.7270402312278748,target_lookback,linear
routed,1,28,3,key,140207_2,,0.45549311335444786,0.23095735164086298,0.7277156047212158,0.4922696586836569,1.1412748579760958,0.270935960591133,522,,,0.08066660985050124,0.01075692963652521,0.0414825956235194,0.045861246270584875,0.25855837326186043,0.9677758444866249,0.3291128591736233,0.40929601087247386,0.40757733739541857,0.393297582845142,0.45467495315066325,0.45784161181656463,0.47937299552456986,0.49737957261733895,0.5330801244230521,0.541218294685287,0.47970314121516716,0.48367783600469644,0.5535625788340548,0.6823491240227859,0.674768878030124,0.6440384588053722,0.7365296662128044,0.7343365510581242,0.7601773836358725,0.7796235682297747,0.8253347021332508,0.8285728571407026,0.7251116261322142,0.7437696469821493,target_lookback,linear
transformer,2,24,3,key,140207_2,,0.42520231008529663,0.2173270732164383,0.6785832643508911,0.4653472304344177,1.0568164587020874,0.270935960591133,522,0.578544061302682,0.3630756437778473,0.08723744004964828,0.010926258750259876,0.040050942450761795,0.05030960962176323,0.21418288350105286,0.9083889126777649,0.26994550228118896,0.35116955637931824,0.40796706080436707,0.4347464442253113,0.46024802327156067,0.44992223381996155,0.4478640556335449,0.46543005108833313,0.4563004672527313,0.4563843607902527,0.4347098767757416,0.45793482661247253,0.45255526900291443,0.5851249694824219,0.6759039163589478,0.711772084236145,0.7462211847305298,0.7214735746383667,0.709808349609375,0.7293028235435486,0.7056344151496887,0.6949955224990845,0.6555241942405701,0.7023221254348755,target_lookback,linear
routed,2,24,3,key,140207_2,,0.4474826770122587,0.22406989327210894,0.714684370338341,0.46534725851529873,1.1412748579760958,0.270935960591133,522,,,0.08723743732586392,0.011694661438275456,0.03791014056649907,0.04278979556016471,0.2173080396186285,0.9583980973330081,0.3203275058878967,0.40777868808003265,0.4037065124092277,0.40178072317501756,0.40939507776449285,0.4081803551841707,0.45580618307210213,0.5027698377793307,0.5419857077725965,0.546339320830819,0.4810210616242911,0.48666654664360387,0.5391039110633238,0.6811306269855579,0.6686925172464104,0.6588986672741932,0.6632331130403235,0.6543376861505545,0.7226547093583682,0.7881439036961484,0.8391809306053815,0.8341460165606629,0.7259492344367549,0.7468024985800852,target_lookback,linear
transformer,0,5,3,key,140214_1,,0.5541828870773315,0.22209322452545166,0.899543046951294,0.38029131293296814,1.7193620204925537,0.23636363636363636,726,0.8195592286501377,0.6781221628189087,0.0462731309235096,0.01794985681772232,0.02346614934504032,0.032629139721393585,0.32377898693084717,1.2041327953338623,0.4382879436016083,0.4951068162918091,0.5800727009773254,0.5966573357582092,0.5714659690856934,0.5585540533065796,0.5889354944229126,0.5558046698570251,0.5673589110374451,0.573842465877533,0.5363067984580994,0.5804555416107178,0.7415210008621216,0.8313181400299072,0.9672196507453918,0.9864864945411682,0.9373205304145813,0.9080994725227356,0.9497472643852234,0.8895041346549988,0.9003859162330627,0.9021770358085632,0.8363106846809387,0.9172986149787903,target_lookback,linear
routed,0,5,3,key,140214_1,,0.2356285995834843,0.12007361412159107,0.3803417822960457,0.3802913278757019,0.38050474316196414,0.23636363636363636,726,,,0.046273129436085116,0.011042006219686595,0.02418546169536341,0.04675181058755177,0.282490837053085,0.4512907726928768,0.2356030515642593,0.23691098720633824,0.2062841814844089,0.21746705386450219,0.23924912509070248,0.22353087959766152,0.2627305350073626,0.25127312721546496,0.23229967266225204,0.21771025401908542,0.2395883665732735,0.26229132262329297,0.39721186375736284,0.3963324828565237,0.3429116373492901,0.35778986320763073,0.3897964963693534,0.3591032936873649,0.42139520002371744,0.3996244722662773,0.36566152213043296,0.3387479208793701,0.37265814644636996,0.41365074086184644,target_lookback,linear
persistence,-1,0,3,key,140214_1,,0.8672388792037964,0.3090488314628601,1.4084042310714722,0.41894206404685974,2.797342300415039,0.23636363636363636,726,,,0.03878471255302429,0.002299494808539748,0.03900054842233658,0.04353095218539238,0.4605136513710022,1.8961018323898315,0.5104096531867981,0.7174776792526245,0.8808343410491943,0.887796938419342,0.8949273824691772,0.9022326469421387,0.9096400737762451,0.9172343015670776,0.9250588417053223,0.933049738407135,0.9412545561790466,0.9399836659431458,0.8634366393089294,1.2049274444580078,1.46846342086792,1.46846342086792,1.46846342086792,1.46846342086792,1.46846342086792,1.46846342086792,1.46846342086792,1.46846342086792,1.46846342086792,1.4859861135482788,target_lookback,linear
climatology,-1,0,3,key,140214_1,,1.4550602327698048,0.8250578004168081,2.361418863935828,2.2091251147661937,2.7973425486638517,0.23636363636363636,726,,,0.12944249238890973,0.008073520898929196,0.08539567227556215,0.09357232950383844,0.9144443679822917,3.144592940041164,1.3938288503702032,1.4044069740796647,1.4152328558263323,1.426420272632277,1.4378772758701648,1.449615019142487,1.461595362228072,1.4738785778748853,1.4864996783640068,1.4994274730658084,1.5127005068821784,1.520318565178993,2.35791888670204,2.35791888670204,2.35791888670204,2.35791888670204,2.35791888670204,2.35791888670204,2.35791888670204,2.35791888670204,2.35791888670204,2.35791888670204,2.35791888670204,2.4013019718141533,target_lookback,linear
ridge,-1,0,3,key,140214_1,,0.2865895608197153,0.14121845932681296,0.46365002442780145,0.4865141756110447,0.38050474316196414,0.23636363636363636,726,,,0.05038621102791916,0.005189223402556144,0.02069276682593904,0.04342292368188876,0.2819421875233544,0.581567248523561,0.2392901324829773,0.21748156215531633,0.21451357748368524,0.21905910936970005,0.2435045477605409,0.29313498599408033,0.2673934559296998,0.24767597915086179,0.271920196785274,0.34524346509088255,0.39788733013992966,0.4270830310697429,0.403013299693505,0.36421890464962886,0.3560545314413243,0.35987600390637137,0.3962910966800364,0.4747411610936701,0.42871711051792905,0.39360986508137813,0.4292831591586774,0.542032480854251,0.620130826152394,0.6744850323983766,target_lookback,linear
transformer,1,3,3,key,140214_1,,0.7600829601287842,0.33235374093055725,1.234062910079956,0.7182950973510742,2.1854467391967773,0.23636363636363636,726,0.8925619834710744,0.8936445713043213,0.04415294528007507,0.018978074193000793,0.035992804914712906,0.047095850110054016,0.4094775915145874,1.660061001777649,0.5015892386436462,0.6635040640830994,0.762323796749115,0.7752937078475952,0.7794189453125,0.7773512005805969,0.779160737991333,0.8161641955375671,0.8019707202911377,0.8116508722305298,0.80748450756073,0.8260359764099121,0.8483074307441711,1.1141098737716675,1.2702785730361938,1.2825539112091064,1.2784855365753174,1.2656702995300293,1.2563139200210571,1.3066902160644531,1.2728568315505981,1.2773444652557373,1.2596017122268677,1.304896354675293,target_lookback,linear
routed,1,3,3,key,140214_1,,0.4038470702619264,0.19179054741567497,0.6543838360121275,0.718295122585638,0.38050474316196414,0.23636363636363636,726,,,0.044152944655716175,0.018906361833872926,0.032446043424222686,0.052416969452383465,0.2738989944604186,0.8657539263335956,0.23636695675529945,0.3210091211181832,0.41160996436779285,0.37689330175115104,0.4016965259713773,0.447309568497861,0.4244294103310008,0.41064468566980106,0.44703556244037596,0.4462829150003433,0.4334407075266753,0.4631189444482612,0.3982282244448566,0.5371530776597243,0.6848669908185737,0.6227677684664352,0.6578546577955132,0.7273878042289789,0.6814188221762449,0.655728171997226,0.7080987355005882,0.7014384916952191,0.6756235093022617,0.730146410396985,target_lookback,linear
transformer,2,2,3,key,140214_1,,0.778630256652832,0.30244752764701843,1.2640488147735596,0.5025991797447205,2.4380099773406982,0.23636363636363636,726,0.9049586776859504,0.8253676295280457,0.040946513414382935,0.020457902923226357,0.04330762103199959,0.054457101970911026,0.38162538409233093,1.7084790468215942,0.49688825011253357,0.685000479221344,0.7913121581077576,0.7874059081077576,0.7970856428146362,0.8021156191825867,0.8073061108589172,0.8094322085380554,0.8277323246002197,0.8317576050758362,0.8404695987701416,0.8430425524711609,0.8408481478691101,1.1505911350250244,1.319297194480896,1.3025416135787964,1.3070392608642578,1.3035919666290283,1.3023029565811157,1.2952409982681274,1.3130756616592407,1.3089412450790405,1.3111368417739868,1.3325144052505493,target_lookback,linear
routed,2,2,3,key,140214_1,,0.2948917277978762,0.1459093127739019,0.4765718569178741,0.502599202241624,0.38050474316196414,0.23636363636363636,726,,,0.04094651395766846,0.019270311357685917,0.03341058680406479,0.05750439691001263,0.27228184677969997,0.6052215052293317,0.24132204763774484,0.22685748183164767,0.2445122028547375,0.2753519995943036,0.2787026634271174,0.27008005655395145,0.3204934990535438,0.33504129465721705,0.33263111805757495,0.3401425240296498,0.31666915682687885,0.34806333130567735,0.4068207388708698,0.37880771979446176,0.4061051253112288,0.4540937512748156,0.4543831459073866,0.4340128325546024,0.5138139320046293,0.5334185964699282,0.5241624610467841,0.5342788465804204,0.49328928969380514,0.5492386048839282,target_lookback,linear
transformer,0,30,3,key,140214_2,,0.5451584458351135,0.2753194272518158,0.8498159050941467,0.637165904045105,1.2145204544067383,0.29577464788732394,522,0.46934865900383144,0.3081296682357788,0.10955113917589188,0.015666663646697998,0.05449574440717697,0.043783657252788544,0.23302607238292694,1.1711193323135376,0.38618752360343933,0.5161262154579163,0.5007845759391785,0.5425937175750732,0.5814059972763062,0.6176623702049255,0.6215103268623352,0.6121025085449219,0.5980153679847717,0.5281368494033813,0.5039305686950684,0.5038230419158936,0.633173406124115,0.8408462405204773,0.8050348162651062,0.8625569939613342,0.9155233502388,0.9612658023834229,0.9561260938644409,0.9327290058135986,0.8995168805122375,0.783890962600708,0.7601050734519958,0.772325336933136,target_lookback,linear
routed,0,30,3,key,140214_2,,0.48097994577328806,0.24624832571060784,0.748931070158675,0.6371659144457081,0.9642347069224062,0.29577464788732394,522,,,0.10955114244739128,0.014572883142707225,0.053151379720914466,0.04260896919667361,0.2488782505324761,1.0227390602323279,0.38231954160226134,0.47986694750502357,0.4023794940892268,0.4018027909582731,0.42732454711630563,0.42517882874173607,0.4520611594698867,0.44407470176475444,0.49462545763263455,0.6034508981295356,0.6387057922825621,0.6017650722781017,0.6268509090870877,0.7815662970868189,0.6450327521890311,0.6359522969080733,0.6707901895239002,0.658837886363398,0.6925053536902612,0.6750163946668704,0.7428011897483422,0.8965895373964031,0.9649102187485742,0.9239371883479908,target_lookback,linear
persistence,-1,0,3,key,140214_2,,0.6243318319320679,0.32415324449539185,0.9757938385009766,1.0764923095703125,0.678322434425354,0.29577464788732394,522,,,0.070655956864357,0.00935399904847145,0.04254981502890587,0.0417429655790329,0.40366631746292114,1.311288595199585,0.47237852215766907,0.6202549338340759,0.6111087799072266,0.6177008748054504,0.6245223879814148,0.6315692663192749,0.638870894908905,0.6464317440986633,0.6541441679000854,0.6621376276016235,0.6616405844688416,0.6611169576644897,0.7775528430938721,1.0112438201904297,0.9857755303382874,0.9857755303382874,0.9857755303382874,0.9857755303382874,0.9857755303382874,0.9857755303382874,0.9857755303382874,0.9857755303382874,1.0008076429367065,1.0174534320831299,target_lookback,linear
climatology,-1,0,3,key,140214_2,,0.5898892241521795,0.3697754700001107,0.9201399873802397,1.0044913366584713,0.6783224079478486,0.29577464788732394,522,,,0.09941625477773752,0.010472143223256257,0.028409474877419787,0.0858740640671327,0.6941952541397867,1.0960274550779403,0.5581013201995186,0.5638040773323315,0.569756828247983,0.5759007959340879,0.5822601117629533,0.5888287155737043,0.5956362098321892,0.6026854041414529,0.6098585929360745,0.6172922582885012,0.6155652243927888,0.6137420438300768,0.9172481288754145,0.9172481288754145,0.9172481288754145,0.9172481288754145,0.9172481288754145,0.9172481288754145,0.9172481288754145,0.9172481288754145,0.9172481288754145,0.9172481288754145,0.9292661977486325,0.9426033867300955,target_lookback,linear
ridge,-1,0,3,key,140214_2,,0.5210092663797157,0.25992009627017637,0.8125409964566208,0.739609408604359,0.9642347069224062,0.29577464788732394,522,,,0.09404777432965424,0.018775357432046655,0.05642460257839277,0.037624076954749626,0.2010001714818712,1.1237559346371786,0.36494833289711476,0.4548186451572131,0.4533619853271543,0.47635155493555975,0.5005901986782099,0.5077966442479814,0.5027104781068314,0.49724528868348705,0.5276664210793931,0.6299733137310315,0.6811918557173408,0.6465011852167943,0.5983920714991777,0.7387442921300199,0.7292438496753525,0.7575372011275822,0.7876759670889298,0.7901516994328488,0.773278920489011,0.756387519658183,0.7935598597249338,0.9370857214450609,1.0297118389225857,0.9944439688308221,target_lookback,linear
transformer,1,4,3,key,140214_2,,0.5319157242774963,0.281202107667923,0.8302256464958191,0.7672287225723267,0.9637846946716309,0.29577464788732394,522,0.9329501915708812,1.0209121704101562,0.06912606209516525,0.03249577805399895,0.058617040514945984,0.04389113560318947,0.26581063866615295,1.136094331741333,0.43806278705596924,0.5682645440101624,0.5498570203781128,0.5508456826210022,0.5420364141464233,0.5424752235412598,0.5365854501724243,0.5267585515975952,0.5252139568328857,0.5189664363861084,0.537670373916626,0.5394659042358398,0.7191173434257507,0.9248563647270203,0.8845154047012329,0.878598153591156,0.8552001714706421,0.8467666506767273,0.8281567692756653,0.8008567094802856,0.7905824780464172,0.7714329361915588,0.8116737604141235,0.829545795917511,target_lookback,linear
routed,1,4,3,key,140214_2,,0.5317987677883814,0.2716341269092753,0.8303801476360824,0.7672287076230679,0.9642347069224062,0.29577464788732394,522,,,0.06912606338813795,0.024743591429586487,0.05288941526143951,0.03885581342892094,0.2640588353866734,1.1367139171710763,0.43605864387952836,0.5508765950932506,0.44025356649550623,0.43809870419931596,0.47192450696194505,0.47008807295221283,0.50228396282821,0.4971270992089075,0.542741286831527,0.6531577686273304,0.7023569527353516,0.6579578158518614,0.7159025235132506,0.8966768124323621,0.7073686374327066,0.6987912526293265,0.7450933250309287,0.7338144034145166,0.7747815257757308,0.7562527044099296,0.8172106625281759,0.9719257966032607,1.0617483701928139,1.0124836433626965,target_lookback,linear
transformer,2,2,3,key,140214_2,,0.5476967692375183,0.2970331907272339,0.8529410362243652,0.9360916018486023,0.6109990477561951,0.29577464788732394,522,0.7777777777777778,0.9112366437911987,0.12003711611032486,0.028136245906352997,0.0647699162364006,0.04022553935647011,0.35151442885398865,1.1465940475463867,0.463407039642334,0.595439612865448,0.5534511208534241,0.5542893409729004,0.5163625478744507,0.5962395668029785,0.5482031106948853,0.5599547028541565,0.5406501889228821,0.5367018580436707,0.5454464554786682,0.5542541146278381,0.7624292373657227,0.9693694114685059,0.8894899487495422,0.8821715116500854,0.8146767616271973,0.924898624420166,0.8435626029968262,0.8482229709625244,0.8116700053215027,0.7974662184715271,0.8219609260559082,0.8454684019088745,target_lookback,linear
routed,2,2,3,key,140214_2,,0.6058973786685781,0.3133989179231195,0.944502972810746,0.9360916246855688,0.9642347069224062,0.29577464788732394,522,,,0.12003712157690093,0.027462735673252688,0.06249491475902919,0.04406773821355979,0.2776236638181408,1.2978665721324556,0.4540636908819972,0.5962238682757262,0.5832415557475584,0.5703031266434385,0.5190829925229623,0.5884754777221174,0.5454425549101458,0.5885987938655989,0.6187747283345221,0.7168030921109103,0.7578548518933893,0.7283952344186728,0.746914099441093,0.9707187050037807,0.9377366508216561,0.9080845272703386,0.818756677579306,0.9130308683506935,0.8394887371619154,0.8921472218033314,0.9301027232538747,1.066600399213298,1.1448603669972575,1.1159308152667855,target_lookback,linear
transformer,0,8,3,key,140227_1,,0.47810661792755127,0.2432900220155716,0.8077231645584106,0.7480571866035461,1.3450597524642944,0.07428571428571429,2538,0.7852639873916469,0.5963006019592285,0.12619440257549286,0.01142645999789238,0.05728840455412865,0.0496041364967823,0.2910570800304413,1.0705716609954834,0.33989834785461426,0.4053896367549896,0.451327919960022,0.4695577919483185,0.44625014066696167,0.4760252833366394,0.4750116169452667,0.515411376953125,0.5296121835708618,0.5142210721969604,0.5428200364112854,0.5403072237968445,0.5765926241874695,0.6902401447296143,0.7664615511894226,0.7969725131988525,0.7545035481452942,0.8052756190299988,0.8022361993789673,0.8689610958099365,0.890892505645752,0.8591161966323853,0.9086958765983582,0.9088121652603149,target_lookback,linear
routed,0,8,3,key,140227_1,,0.4734093677309458,0.24126773000126847,0.7997612949289464,0.7480572094949847,1.279412701379992,0.07428571428571429,2538,,,0.12619439941689914,0.011414650496988114,0.05597171849798596,0.04719390415990934,0.2764379369991104,1.0627369157905393,0.3032357315372185,0.3798785361477233,0.4365451020729958,0.450658080793447,0.45478443738401536,0.4847022312677718,0.4845334990710286,0.511112333955086,0.5265410316230419,0.5159287212818465,0.5424201686028786,0.5431721584991234,0.5128837062107122,0.6457511346005436,0.7409572654941173,0.7649444948684939,0.7693138213812679,0.820156907791097,0.8185457731186455,0.8616527491265121,0.8856701532228336,0.8620880362084609,0.9080185344386599,0.913685267695833,target_lookback,linear
persistence,-1,0,3,key,140227_1,,0.4558243155479431,0.1576305776834488,0.7699966430664062,0.34824687242507935,2.5436182022094727,0.07428571428571429,2538,,,0.12620475888252258,0.0025716684758663177,0.05438363179564476,0.029122650623321533,0.29435640573501587,1.0164440870285034,0.32270583510398865,0.4090821444988251,0.4671911895275116,0.4682811498641968,0.4693787693977356,0.47048404812812805,0.4715486764907837,0.47263097763061523,0.4737602770328522,0.47488176822662354,0.4760010838508606,0.47426292300224304,0.5494502186775208,0.6968451142311096,0.7954176664352417,0.7954176664352417,0.7954176664352417,0.7954176664352417,0.7954176664352417,0.7954176664352417,0.7954176664352417,0.7954176664352417,0.7954176664352417,0.7959924340248108,target_lookback,linear
climatology,-1,0,3,key,140227_1,,1.1881458267963159,0.6460265669661087,2.019619938444685,1.9715435552481004,2.543618188263567,0.07428571428571429,2538,,,0.1500912385573354,0.009631326845964731,0.05628593938677133,0.08842607502568538,0.730067897609936,2.676295101776399,1.173162264124041,1.1758415819955612,1.178539647293141,1.1812898985511775,1.1840594954348282,1.1868486246763228,1.1896383401286141,1.1924519320681173,1.1953012739937048,1.1981648154871638,1.2010450013254224,1.2028133535282128,2.0186271384317163,2.0186271384317163,2.0186271384317163,2.0186271384317163,2.0186271384317163,2.0186271384317163,2.0186271384317163,2.0186271384317163,2.0186271384317163,2.0186271384317163,2.0186271384317163,2.0306595227578845,target_lookback,linear
ridge,-1,0,3,key,140227_1,,1.0017255148635256,0.49324162106441793,1.7026794557645961,1.7321681863919052,1.279412701379992,0.07428571428571429,2538,,,0.13289483122676618,0.009249293132432437,0.05742503697830744,0.0499015305707502,0.6849906056877663,2.2388175708548936,0.450659573335865,0.7698378760683982,0.9108245035683605,0.9747421537185281,0.9723863231997719,0.8978598568459265,1.1453310837687722,1.2240433842394438,1.1807075267061462,1.1338363217304477,1.0914642720999603,1.0425484308911603,0.7725793747095503,1.3203456307390389,1.5593568123056727,1.6652879420496631,1.6568767674257288,1.5255263029890747,1.943985698456479,2.07385706218763,1.9954901416427508,1.91062898469792,1.8342269434754837,1.7600722036429652,target_lookback,linear
transformer,1,27,3,key,140227_1,,0.46437275409698486,0.2436089664697647,0.784394383430481,0.7524689435958862,1.1075646877288818,0.07428571428571429,2538,0.7868400315208826,0.46739083528518677,0.12234640121459961,0.008405381813645363,0.05741637572646141,0.05209294334053993,0.3145953416824341,1.0316407680511475,0.3557201027870178,0.4235290586948395,0.46126553416252136,0.45485615730285645,0.4520778954029083,0.457229882478714,0.44501733779907227,0.4807609021663666,0.5022872090339661,0.5208869576454163,0.5212150812149048,0.4801914095878601,0.6068522334098816,0.7219541668891907,0.7842567563056946,0.7719547152519226,0.7652443647384644,0.7722253799438477,0.7502241134643555,0.8090736269950867,0.84356689453125,0.8737321496009827,0.8714657425880432,0.8058966398239136,target_lookback,linear
routed,1,27,3,key,140227_1,,0.4754593377812603,0.2476564783397947,0.803583414433591,0.7524689567685192,1.279412701379992,0.07428571428571429,2538,,,0.12234639963070144,0.007898188168088564,0.056537785965844176,0.04693629912435908,0.31716080757360454,1.058227319512936,0.34808364748211734,0.41639491783511634,0.43535544004851184,0.4547182461518872,0.4824605468017751,0.4911574254720813,0.47446948550469253,0.49927248544007397,0.5151331429015413,0.5337454586483996,0.5329555129259571,0.49717596983307716,0.5937448931851006,0.7096427923027112,0.7398310652757686,0.7718747685323505,0.8177713021835394,0.8305249950862089,0.801063977935236,0.8409930260813661,0.8655570580794509,0.8956536506305002,0.8913739085358587,0.8348439050820043,target_lookback,linear
transformer,2,36,3,key,140227_1,,0.5133329033851624,0.28435200452804565,0.8670868873596191,0.8479074835777283,1.0778368711471558,0.07428571428571429,2538,0.6371158392434988,0.4226455092430115,0.12371785193681717,0.007849344052374363,0.06462735682725906,0.08430704474449158,0.41936349868774414,1.1192587614059448,0.38127651810646057,0.49446535110473633,0.488907128572464,0.5174403786659241,0.5359325408935547,0.5032151341438293,0.48886561393737793,0.5234054327011108,0.5478155612945557,0.5554965138435364,0.5295569896697998,0.5744165182113647,0.6515800952911377,0.8443564772605896,0.8319363594055176,0.8796970844268799,0.906812310218811,0.8484949469566345,0.8200287818908691,0.8791705369949341,0.920991063117981,0.9314435124397278,0.8857508897781372,0.9659574031829834,target_lookback,linear
routed,2,36,3,key,140227_1,,0.524890587244616,0.2868686747786933,0.8872078062453805,0.8479075072581922,1.279412701379992,0.07428571428571429,2538,,,0.12371785056886984,0.006746078867784375,0.06418317944370955,0.07684761516018626,0.4045919048474283,1.1529614173354148,0.3826458650112709,0.4952212833960659,0.4775660857662955,0.514555584029133,0.5476504909056771,0.5224184263782049,0.5079617181595059,0.542782321643749,0.5647594132551935,0.5719443629863663,0.5480981130340001,0.5987945768192209,0.6541852819892829,0.8462121054853504,0.8126990719147144,0.8749383769557166,0.9275005334583848,0.8820967980887182,0.8536166815668669,0.9124960126931823,0.9499186798709688,0.9594884589097165,0.9171765895657376,1.0074240452333874,target_lookback,linear
transformer,0,4,3,key,140313_1,,0.5699917674064636,0.3284004330635071,0.9035404324531555,0.8983696103096008,0.9897947311401367,0.053974484789008834,2658,0.6200150489089541,0.79530268907547,0.16526997089385986,0.03350474312901497,0.17459668219089508,0.13352125883102417,0.6828005313873291,1.0300096273422241,0.4305259585380554,0.5492600798606873,0.5731349587440491,0.5601498484611511,0.5560674667358398,0.5734589099884033,0.5784519910812378,0.6096813082695007,0.6021769642829895,0.597551703453064,0.5971240401268005,0.5962800979614258,0.6860539317131042,0.8776740431785583,0.9157321453094482,0.888411819934845,0.8832998871803284,0.9034681916236877,0.9128145575523376,0.9666877388954163,0.9498437643051147,0.9432034492492676,0.9404118061065674,0.9424688220024109,target_lookback,linear
routed,0,4,3,key,140313_1,,0.5650686204112882,0.3248446247105597,0.8952981749983328,0.8983696046421318,0.8396421240575335,0.053974484789008834,2658,,,0.1652699721138471,0.03337158464432455,0.17556321145431952,0.13480633466877734,0.6711829111568016,1.0230954632717808,0.4304104551547799,0.5507777652779999,0.5757483171091953,0.5635888647398027,0.5579868904296077,0.5682811363111516,0.5689852251182791,0.5951162598587397,0.5917908449992252,0.5887406412220965,0.5866176819233309,0.5886256959979893,0.6861446060643868,0.8798649868697653,0.9198896319394989,0.8936515147455772,0.8864737563657514,0.8942641982698548,0.8965561217243729,0.9433626705434074,0.93258898403969,0.9290441066958481,0.9233764413939024,0.9300135319058425,target_lookback,linear
persistence,-1,0,3,key,140313_1,,0.6068935394287109,0.3214929699897766,0.9650312662124634,0.9782726764678955,0.6930167078971863,0.053974484789008834,2658,,,0.162364661693573,0.02985091134905815,0.16848184168338776,0.13129417598247528,0.6771740913391113,1.1231215000152588,0.4373002052307129,0.5599676966667175,0.6044710874557495,0.6215142607688904,0.622671365737915,0.6271300911903381,0.6285441517829895,0.6299619078636169,0.6310096979141235,0.6321589350700378,0.6332306265830994,0.6319422721862793,0.7005906701087952,0.8957314491271973,0.967439591884613,0.9933301210403442,0.9929437637329102,0.9979682564735413,0.9979682564735413,0.9979682564735413,0.9979682564735413,0.9979682564735413,0.9979682564735413,0.9994158744812012,target_lookback,linear
climatology,-1,0,3,key,140313_1,,0.9897422109638707,0.609027933579434,1.5844519597795175,1.6205924333890023,0.6930166468061926,0.053974484789008834,2658,,,0.16712669245661566,0.019003067526542385,0.14062442305244374,0.28130307394102966,1.867158557880814,1.3524271468124631,0.9780392592662667,0.9801678886739107,0.9823212443619784,0.9845113926392182,0.9867163083888401,0.9889341374216746,0.9911669664071118,0.9934112673223713,0.9954302118029748,0.9975228734326026,0.99957582903342,1.00014558494876,1.58390815262181,1.58390815262181,1.58390815262181,1.58390815262181,1.58390815262181,1.58390815262181,1.58390815262181,1.58390815262181,1.58390815262181,1.58390815262181,1.58390815262181,1.590492498177216,target_lookback,linear
ridge,-1,0,3,key,140313_1,,0.9269573486983901,0.5323942525905556,1.4871354046420688,1.5157597532664406,0.8396421240575335,0.053974484789008834,2658,,,0.16560605029517786,0.028041340488566293,0.16668039815403038,0.13299561651947653,0.993129242815298,1.7513468573849438,0.45411583272765116,0.591560203959133,0.6828992833735836,0.8250862978797743,1.0178580837619666,1.0792373473951917,1.1137768380098367,1.1180252572631706,1.0036289643453538,0.9910112541808863,0.9827549305872437,1.0035535017604524,0.728806036560885,0.949097038915193,1.098439427886374,1.3289720166104733,1.63991208029894,1.7356967627904232,1.7874273368981257,1.7896759263165878,1.6007365512426657,1.5765622243240465,1.5598586742207126,1.5991852549980097,target_lookback,linear
transformer,1,5,3,key,140313_1,,0.6434968113899231,0.377346932888031,1.024147629737854,1.019161581993103,1.1079021692276,0.053974484789008834,2658,0.5300978179082017,0.8375862240791321,0.16397728025913239,0.035076580941677094,0.17730841040611267,0.1320725828409195,0.6878013610839844,1.2045679092407227,0.44137465953826904,0.5674097537994385,0.7083005309104919,0.6615908741950989,0.6558958888053894,0.6653557419776917,0.6953748464584351,0.6359046697616577,0.6313663721084595,0.6509411334991455,0.6837298274040222,0.6857763528823853,0.7065598964691162,0.9085448980331421,1.1383426189422607,1.0596282482147217,1.0472482442855835,1.0608347654342651,1.1052268743515015,1.0053962469100952,0.9987027645111084,1.0251009464263916,1.0777690410614014,1.086507797241211,target_lookback,linear
routed,1,5,3,key,140313_1,,0.6351629108072583,0.37124946038163475,1.0102868085163372,1.0191615448957287,0.8396421240575335,0.053974484789008834,2658,,,0.16397728185431631,0.03499021518957526,0.17805013020669705,0.13564485911819085,0.6744754314195806,1.189861390146118,0.4403590974812256,0.5673533167285838,0.7028258662893341,0.6581989427251586,0.6532822873360945,0.65701631810654,0.6783250771019613,0.6231239783759994,0.6208587333081704,0.639596805853746,0.6691562288681547,0.675277117228011,0.7051611889133256,0.9082543925423489,1.1290336906973897,1.053512387605746,1.042708534025363,1.047247845071506,1.0768394067772682,0.9840765557848868,0.9810859339775266,1.0066398478775946,1.054159167816406,1.0694641325180174,target_lookback,linear
transformer,2,4,3,key,140313_1,,0.5807304382324219,0.3186980187892914,0.9207624793052673,0.9302378296852112,0.7351167798042297,0.053974484789008834,2658,0.653875094055681,0.7445375323295593,0.16501855850219727,0.03220235928893089,0.1800529807806015,0.13386261463165283,0.6708813905715942,1.0609174966812134,0.4298649728298187,0.5415157675743103,0.5819618105888367,0.5883388519287109,0.5888001918792725,0.6092715263366699,0.6063170433044434,0.6062543988227844,0.6037548184394836,0.6012129783630371,0.598013162612915,0.5947034358978271,0.6876732110977173,0.8653008341789246,0.9279100298881531,0.9375609755516052,0.9364044070243835,0.9653462767601013,0.9599636197090149,0.9604000449180603,0.9505011439323425,0.9434105753898621,0.9412768483161926,0.9382026195526123,target_lookback,linear
routed,2,4,3,key,140313_1,,0.5836672111828665,0.3192084673550719,0.9255743651013537,0.9302377982168725,0.8396421240575335,0.053974484789008834,2658,,,0.16501855078730954,0.032116393582563074,0.1800429806783663,0.13434958063112096,0.66482862588337,1.0706448134048498,0.4281651681490412,0.5399539831827401,0.5892762021886498,0.594244260360933,0.5975694344758703,0.615197861410422,0.6087465589891516,0.6059906540279568,0.6043170176258785,0.6011026343299503,0.597338590594877,0.6018697685291092,0.6848216649460107,0.8628465230810751,0.9399874112188,0.9473820077289952,0.9508955886996034,0.9745885299622727,0.9633627145864967,0.9605739784096098,0.951383712421809,0.9434263730241236,0.9401826605505134,0.9498812039260456,target_lookback,linear
transformer,0,6,6,key,140120_1,,0.8953853249549866,0.42623987793922424,1.4840524196624756,1.2432479858398438,2.6954267024993896,0.11482254697286012,1326,0.782051282051282,0.7266061305999756,0.15934211015701294,0.023790329694747925,0.08776850253343582,0.060852788388729095,1.0209676027297974,1.8020446300506592,0.6140398979187012,0.8011207580566406,0.8900579810142517,0.8935139775276184,0.9267451763153076,0.9275822043418884,0.941731333732605,0.933977484703064,0.9511668086051941,0.9381004571914673,0.9493305087089539,0.9424707293510437,1.0360829830169678,1.3500391244888306,1.4974071979522705,1.4964778423309326,1.5462485551834106,1.5397515296936035,1.5566809177398682,1.5372246503829956,1.5577234029769897,1.529227614402771,1.5393402576446533,1.5403919219970703,target_lookback,linear
routed,0,6,6,key,140120_1,,0.883585896976206,0.42993071758671497,1.4642252986206712,1.2432480172556544,2.599274598774789,0.11482254697286012,1326,,,0.15934210924311668,0.023293191318693954,0.08839394090031644,0.0678046606910478,1.0447725892794417,1.7583959547205632,0.6072421799487286,0.794259223283078,0.9234049630133968,0.911327468924037,0.9071667190736048,0.8882548884992033,0.9247536502781799,0.9478868928789504,0.9622160727357086,0.9265573166907008,0.8866597623603285,0.8833094794256041,1.02439346025839,1.338275353212314,1.5541096798566387,1.5263705603353797,1.513076877156805,1.473368505350126,1.5281801746252228,1.5599933504593673,1.5758225023998536,1.5104626695047156,1.4368897321899305,1.4429124804398987,target_lookback,linear
persistence,-1,0,6,key,140120_1,,0.9819528460502625,0.4451623857021332,1.6282511949539185,1.162688136100769,3.5592241287231445,0.11482254697286012,1326,,,0.176591694355011,0.027495136484503746,0.07332804054021835,0.04756961762905121,0.9918652772903442,2.037937641143799,0.6285778880119324,0.8626123070716858,1.0031880140304565,1.0076169967651367,1.0121049880981445,1.016638159751892,1.0212410688400269,1.0259027481079102,1.0306334495544434,1.035408854484558,1.0402344465255737,1.0450993776321411,1.061637282371521,1.455055594444275,1.688321828842163,1.688321828842163,1.688321828842163,1.688321828842163,1.688321828842163,1.688321828842163,1.688321828842163,1.688321828842163,1.688321828842163,1.7097035646438599,target_lookback,linear
climatology,-1,0,6,key,140120_1,,2.3468957513762674,1.1373379293321972,3.900727893321012,3.94286008638234,3.5592237372270774,0.11482254697286012,1326,,,0.24581078478568558,0.011249233764870532,0.04926924296284713,0.09117119705882397,0.6972915813942576,5.337029552175854,2.2906174919846527,2.3005550519262172,2.310602571977549,2.3208038355604166,2.331141431490701,2.3416117605387097,2.352227998642484,2.3629880916490267,2.3738992424509266,2.3849536579460064,2.3961566302612853,2.4075064999638194,3.896667025483457,3.896667025483457,3.896667025483457,3.896667025483457,3.896667025483457,3.896667025483457,3.896667025483457,3.896667025483457,3.896667025483457,3.896667025483457,3.896667025483457,3.946253301025286,target_lookback,linear
ridge,-1,0,6,key,140120_1,,0.9464004710368289,0.4806304342684106,1.5684309655561555,1.379376220364946,2.599274598774789,0.11482254697286012,1326,,,0.17485576577807246,0.00855574128521631,0.08924437692564223,0.06715313972778858,1.0299585552975414,1.9288159840388817,0.8291356142108378,0.9650588850029367,1.0108137493681824,0.9288235453471211,0.9199524426420886,0.9104341543707885,0.9239098041498175,1.0054659188693036,1.0317110148374886,1.0303659962278282,0.9187101186023846,0.8615613615346966,1.4057030347465957,1.6303620270358594,1.702690979580203,1.5568448428246375,1.5346711907757937,1.5115119871248643,1.5253564860370963,1.6524577549996877,1.6882162929125146,1.6781261097848086,1.48768258422587,1.4049768603234523,target_lookback,linear
transformer,1,11,6,key,140120_1,,0.9360344409942627,0.47008058428764343,1.5510386228561401,1.4356759786605835,2.2498724460601807,0.11482254697286012,1326,0.6659125188536953,0.6434680819511414,0.17304864525794983,0.025136347860097885,0.08743990212678909,0.07571609318256378,1.1014471054077148,1.865462064743042,0.7093605399131775,0.9184193015098572,0.9565606713294983,0.9267106056213379,0.9345676302909851,0.9344363212585449,0.9797530770301819,0.9843078255653381,0.9611020088195801,0.9770211577415466,0.9464787840843201,0.98688143491745,1.199924111366272,1.5496653318405151,1.6071642637252808,1.5513697862625122,1.558752417564392,1.5508005619049072,1.6186819076538086,1.619606614112854,1.5729830265045166,1.5920906066894531,1.5345358848571777,1.6126809120178223,target_lookback,linear
routed,1,11,6,key,140120_1,,0.9728122644667657,0.48642161661116706,1.612533629064548,1.4356760203712953,2.599274598774789,0.11482254697286012,1326,,,0.17304865614282636,0.023252974694326665,0.08546293402345154,0.07590070620246765,1.1219643452813843,1.95157474817817,0.7078122697447158,0.9556337119763035,1.0330328996836375,0.9896802295611403,0.9709547144950168,0.9568062829715889,1.0113055268992588,1.039837576193676,1.0227260647425411,1.0139979877095926,0.9664875751262793,0.9751378849977272,1.1972537115553956,1.613183869127985,1.7373425649032224,1.6579182913660089,1.619819778172267,1.5883046001898076,1.6711038567919965,1.7114960800586816,1.6744621266892268,1.6527886448240907,1.567237163978375,1.5933317298504281,target_lookback,linear
transformer,2,7,6,key,140120_1,,0.9813203811645508,0.4562366008758545,1.6271491050720215,1.365515947341919,2.9468092918395996,0.11482254697286012,1326,0.7330316742081447,0.7004278302192688,0.16465966403484344,0.023839354515075684,0.09172042459249496,0.06343919783830643,1.012166976928711,2.027244806289673,0.6724950671195984,0.9017667174339294,0.9516672492027283,0.9354755878448486,0.9832918047904968,1.0158144235610962,1.0614346265792847,1.0714186429977417,1.0456182956695557,1.0337730646133423,1.0405582189559937,1.0222723484039307,1.1367582082748413,1.5217270851135254,1.6009801626205444,1.5668528079986572,1.6399728059768677,1.6859370470046997,1.7545291185379028,1.76409113407135,1.712153673171997,1.6862661838531494,1.6897549629211426,1.6722853183746338,target_lookback,linear
routed,2,7,6,key,140120_1,,0.9396984735299758,0.45130448174734505,1.5576581866839971,1.365515893183393,2.599274598774789,0.11482254697286012,1326,,,0.16465966854029235,0.023255533876742094,0.08994441847276886,0.06676009489091142,1.036785136437923,1.9088241389744585,0.6676428308406405,0.8957905154320619,0.9738232564603407,0.9403462033866049,0.9427242727079368,0.944009284449327,1.0001746881877231,1.0251870597658168,1.0021155870251361,0.9708267307983577,0.9523303449992512,0.9278246487281436,1.1283545606353136,1.5115242404703197,1.6387805220189764,1.5754204468784372,1.5720093616699629,1.5655448118618172,1.6525444535453147,1.6874704975558548,1.6403363759214995,1.5829434741914066,1.5457446075498333,1.5167936534329587,target_lookback,linear
transformer,0,11,6,key,140206_1,,0.9464807510375977,0.4266025722026825,1.515433430671692,1.7414610385894775,0.5618104338645935,0.270935960591133,522,0.5555555555555556,0.7284044027328491,0.07186092436313629,0.05428188666701317,0.05776364356279373,0.08452785015106201,0.5375889539718628,2.1293437480926514,0.6246435642242432,0.7446185946464539,0.8525270819664001,0.990263044834137,1.086178183555603,1.0667587518692017,1.0672348737716675,1.0272736549377441,0.9649947285652161,0.9669984579086304,0.9526205062866211,0.962247371673584,1.0552082061767578,1.2494869232177734,1.4143435955047607,1.6260008811950684,1.7650569677352905,1.7147891521453857,1.6947075128555298,1.6125215291976929,1.4963908195495605,1.482019305229187,1.4414738416671753,1.4804619550704956,target_lookback,linear
routed,0,11,6,key,140206_1,,0.9505432822017649,0.44271222316027325,1.5211137333207392,1.741460959774944,0.6158687920222571,0.270935960591133,522,,,0.071860918455303,0.0536815484880993,0.07091453481077387,0.1125136494461351,0.5825198097659636,2.1247316515124237,0.570254863332441,0.726469537327416,0.8517322043775691,0.9985684589163967,1.0964498516815895,1.0765806058575653,1.088719806282065,1.0550213896664633,0.9792813356375198,0.9701224751506343,0.94815136916936,0.9675586381699899,0.9627227085977151,1.2157579854494855,1.4105324177791103,1.6369080170751005,1.7795799477797098,1.7297340893321922,1.7288493455520915,1.656389923364783,1.5195012056039683,1.4869230777976012,1.434698093782157,1.488660792407574,target_lookback,linear
persistence,-1,0,6,key,140206_1,,0.8583722114562988,0.40919268131256104,1.3749645948410034,0.9642476439476013,2.1156158447265625,0.270935960591133,522,,,0.027968034148216248,0.05361480638384819,0.04978800565004349,0.06728704273700714,0.5078630447387695,1.9261877536773682,0.6255089640617371,0.8391647338867188,0.840667724609375,0.8497231006622314,0.8591010570526123,0.8686992526054382,0.878660261631012,0.8890320062637329,0.8997799754142761,0.9107316732406616,0.9220943450927734,0.9300126433372498,1.0602160692214966,1.4081981182098389,1.3958966732025146,1.3958966732025146,1.3958966732025146,1.3958966732025146,1.3958966732025146,1.3958966732025146,1.3958966732025146,1.3958966732025146,1.3958966732025146,1.4324803352355957,target_lookback,linear
climatology,-1,0,6,key,140206_1,,1.2033521550920792,0.6347547917568718,1.9264997725868906,1.8513031650617775,2.1156155964187855,0.270935960591133,522,,,0.1097301585902595,0.028114119389798523,0.0604878138206492,0.13165159725950348,0.5683022027507306,2.7364380888531215,1.1343151615812916,1.1460184422191066,1.158060595011711,1.1705564314720143,1.1834827621834352,1.1967763953904877,1.2105528597091595,1.2248598594409394,1.2396864084077648,1.2549227530946552,1.270735881956144,1.2843496051737102,1.922145767802541,1.922145767802541,1.922145767802541,1.922145767802541,1.922145767802541,1.922145767802541,1.922145767802541,1.922145767802541,1.922145767802541,1.922145767802541,1.922145767802541,1.976676265309587,target_lookback,linear
ridge,-1,0,6,key,140206_1,,0.6079668918164338,0.3219541517117402,0.9700079200589051,1.0722060763881054,0.6158687920222571,0.270935960591133,522,,,0.08650825181861498,0.03548313244897912,0.06817478251413409,0.11186961077203958,0.6339683793657607,1.2416421298380307,0.48595916540491074,0.4906929362946047,0.4673721083883231,0.508045783062578,0.5967853604161392,0.6734632726262914,0.7421347900946701,0.7636819191434251,0.7009465757880806,0.6623051310299689,0.6055153287899808,0.5507037532717802,0.8209088041847268,0.8167753187698281,0.7672165723962439,0.8271319265857753,0.9648548610190455,1.0795195728265967,1.1773361216896845,1.1968353692575429,1.0846291408264632,1.0119794543994927,0.9136294948207602,0.8448408678061361,target_lookback,linear
transformer,1,6,6,key,140206_1,,0.7453247308731079,0.39005616307258606,1.1929072141647339,1.0056912899017334,1.5907984972000122,0.270935960591133,522,0.5134099616858238,0.5626811385154724,0.08027272671461105,0.03667053207755089,0.05220400542020798,0.061250194907188416,0.47659265995025635,1.660103440284729,0.615615963935852,0.7617418766021729,0.7137449383735657,0.7336356043815613,0.7379636168479919,0.7382668256759644,0.7477466464042664,0.7598861455917358,0.767328143119812,0.7847994565963745,0.7932019829750061,0.8071219325065613,1.0435751676559448,1.2782180309295654,1.1846674680709839,1.2051103115081787,1.1962248086929321,1.1856091022491455,1.1839543581008911,1.1921454668045044,1.1905720233917236,1.202869176864624,1.1986279487609863,1.2426559925079346,target_lookback,linear
routed,1,6,6,key,140206_1,,0.5745873062616461,0.32602114379267516,0.9165974051958022,1.0056913137901848,0.6158687920222571,0.270935960591133,522,,,0.08027272996729913,0.03480806683469736,0.0668403424621288,0.10841071833128169,0.5284198444391617,1.210514986518651,0.5163030647259264,0.6038260428201336,0.5343551092609707,0.5423676587684247,0.5587545058077559,0.568439024666984,0.6044889632199082,0.6199745838050369,0.5995827610804308,0.5796501291190452,0.5820312595582917,0.5918395100906663,0.8735725105128177,1.0088566651132413,0.8796742551675579,0.8840691663253301,0.8994681012549539,0.9098530694500833,0.9538854435790403,0.9724292041246759,0.9297030112281823,0.8880855114992904,0.8777679012089431,0.9104455903678303,target_lookback,linear
transformer,2,7,6,key,140206_1,,0.751299262046814,0.3851345181465149,1.2018063068389893,1.186574935913086,1.2418650388717651,0.270935960591133,522,0.5823754789272031,0.6271585822105408,0.06837241351604462,0.04754936322569847,0.06862509250640869,0.08321715146303177,0.5362027287483215,1.653395414352417,0.6314237713813782,0.7763236165046692,0.753460705280304,0.7499917149543762,0.7773277163505554,0.8049458861351013,0.773974597454071,0.7616957426071167,0.7574602961540222,0.724478542804718,0.7230478525161743,0.7760970592498779,1.0689098834991455,1.3019404411315918,1.2479913234710693,1.2302377223968506,1.2612760066986084,1.2904303073883057,1.2280713319778442,1.1942710876464844,1.173444390296936,1.109990119934082,1.0928318500518799,1.1953070163726807,target_lookback,linear
routed,2,7,6,key,140206_1,,0.6653899123153822,0.34152426561139787,1.0626653642099904,1.1865750109912143,0.6158687920222571,0.270935960591133,522,,,0.0683724180675038,0.04624357957629091,0.07413735181337641,0.1114035892225552,0.5730659659507723,1.4219265684595777,0.5478183722294437,0.6710362778986952,0.6425449082806427,0.6473712877531171,0.692836271038544,0.7360527881793228,0.717677824619478,0.7121477315987363,0.6955331689014976,0.6125667996105337,0.6025913890747046,0.6923986821552405,0.925928399164275,1.1217859221824509,1.0601870556222484,1.0572514613196624,1.1207215042415102,1.1797279830992278,1.1385940647825166,1.1158641291476612,1.0767773923215787,0.938318791946752,0.909919027007916,1.0662297264667508,target_lookback,linear
transformer,0,77,6,key,140207_2,,0.4843161106109619,0.2501278519630432,0.7737157344818115,0.5989922881126404,1.1153631210327148,0.270935960591133,522,0.4444444444444444,0.267722487449646,0.07943949103355408,0.00833469070494175,0.037606120109558105,0.06776252388954163,0.2503868341445923,1.034440279006958,0.38708195090293884,0.5050594210624695,0.5136464238166809,0.5498325824737549,0.5271282196044922,0.5233213901519775,0.47210466861724854,0.48372188210487366,0.48118457198143005,0.4659205377101898,0.4371267259120941,0.42781686782836914,0.6526994109153748,0.8445323705673218,0.8511351943016052,0.9022743701934814,0.8551626801490784,0.8389701843261719,0.7474159598350525,0.7576417922973633,0.7448417544364929,0.7120104432106018,0.6591405272483826,0.6572736501693726,target_lookback,linear
routed,0,77,6,key,140207_2,,0.464372480489838,0.24044564303512264,0.7421041338866398,0.5989922522385183,1.0330422014009313,0.270935960591133,522,,,0.07943949332523403,0.008786762507664261,0.03857878756979405,0.047466921277269924,0.24401426697513706,0.9913481435539937,0.3944701644089891,0.4829511350201108,0.41871752000671764,0.4213020366971761,0.4248306733947308,0.4374852822548101,0.45965837451860153,0.47371471287345335,0.5524942800947907,0.56072182498845,0.47380034613845373,0.4712742180225672,0.6652776659273766,0.8075676137921007,0.6933031385159784,0.6905009902406388,0.6888213874239716,0.7012757941732338,0.7289327844995735,0.7425798824502096,0.8561851454199914,0.8584190698987593,0.7149166385060429,0.724434192306046,target_lookback,linear
persistence,-1,0,6,key,140207_2,,0.6482312679290771,0.268417626619339,1.037318229675293,0.32888513803482056,1.9184532165527344,0.270935960591133,522,,,0.08945600688457489,0.006719331722706556,0.02602871134877205,0.06052960082888603,0.3473946750164032,1.384333610534668,0.4113166630268097,0.5584543943405151,0.6468055248260498,0.6537943482398987,0.6610184907913208,0.6684873104095459,0.6761639714241028,0.6841567754745483,0.6923887133598328,0.7007958292961121,0.70952969789505,0.7105193734169006,0.6942504048347473,0.934819757938385,1.0732965469360352,1.0732965469360352,1.0732965469360352,1.0732965469360352,1.0732965469360352,1.0732965469360352,1.0732965469360352,1.0732965469360352,1.0732965469360352,1.0935431718826294,target_lookback,linear
climatology,-1,0,6,key,140207_2,,1.2105053456292918,0.6981724743512233,1.9396609048966047,1.9474832676022664,1.9184532547738347,0.270935960591133,522,,,0.08396632386480336,0.005755358633951806,0.03952543883236873,0.08447548786708506,0.816446480654266,2.546635720391538,1.141052449411627,1.1527977408819274,1.1649607274225737,1.1775530856582237,1.1905649540916439,1.2040177860974928,1.2179088271491634,1.2323171781525488,1.247220954239606,1.2626071107575898,1.2785843560211796,1.2907190144099874,1.935470970347458,1.935470970347458,1.935470970347458,1.935470970347458,1.935470970347458,1.935470970347458,1.935470970347458,1.935470970347458,1.935470970347458,1.935470970347458,1.935470970347458,1.9879761295256468,target_lookback,linear
ridge,-1,0,6,key,140207_2,,0.4189557975978484,0.2067761151039186,0.6692157930972543,0.4665776378444954,1.0330422014009313,0.270935960591133,522,,,0.07697545521893066,0.009736756047451505,0.04483543406469791,0.032483564783362194,0.2309441679800644,0.891558456832594,0.3594683529779317,0.45074353237605025,0.43696357222534826,0.4328182920269331,0.41724050628329395,0.4023648124810314,0.40817770464731795,0.3989692101507681,0.4502444426530253,0.4563875658791977,0.39123564257228427,0.4144947634123017,0.606162246747936,0.7540392428616525,0.7244536688511297,0.7093079949546585,0.6761469933555451,0.6447291659806424,0.6465248813226696,0.624283536795104,0.6971900205925485,0.6979886125412866,0.5904015918921749,0.6366523954295793,target_lookback,linear
transformer,1,70,6,key,140207_2,,0.4880582392215729,0.24582459032535553,0.7798636555671692,0.5683415532112122,1.1728460788726807,0.270935960591133,522,0.4731800766283525,0.2967652678489685,0.08427391201257706,0.010081005282700062,0.0382990762591362,0.05480225011706352,0.2501303255558014,1.0431360006332397,0.3701918125152588,0.5264678597450256,0.5783578753471375,0.5997133851051331,0.5747131109237671,0.5033937692642212,0.44263240694999695,0.4384765326976776,0.443986177444458,0.43978285789489746,0.4402296841144562,0.40283870697021484,0.6238329410552979,0.8814029693603516,0.9594081044197083,0.9848483800888062,0.9320581555366516,0.8071849942207336,0.7010247707366943,0.686490535736084,0.6867812275886536,0.6717311143875122,0.6637428998947144,0.6181330680847168,target_lookback,linear
routed,1,70,6,key,140207_2,,0.4535752681910951,0.2359787531608561,0.7243155149285014,0.5683415981607409,1.0330422014009313,0.270935960591133,522,,,0.0842739159153785,0.00919955043589996,0.043227052526767194,0.051441571149195356,0.25028612831948344,0.9648900966774736,0.3663692799029802,0.44829043660995155,0.4089367582186523,0.426875041888161,0.4366265341846744,0.4573340883040016,0.47011180271404834,0.476134561608246,0.534067377402378,0.5136849949748582,0.4540018439028078,0.45397686443858803,0.6173190228120029,0.749660513378647,0.676784233102341,0.6998520458164578,0.7067303322468923,0.7327800363410301,0.7446437209890724,0.7455717587826807,0.8269721876969898,0.7853536799194378,0.6846954402380533,0.6972455842745464,target_lookback,linear
transformer,2,66,6,key,140207_2,,0.40841567516326904,0.2198493629693985,0.6512997150421143,0.546504557132721,0.8729061484336853,0.270935960591133,522,0.4731800766283525,0.27955079078674316,0.09049229323863983,0.015059021301567554,0.042598433792591095,0.04864460974931717,0.25686535239219666,0.8598167300224304,0.32753786444664,0.4318954646587372,0.46327850222587585,0.4757428765296936,0.4552590250968933,0.4229414463043213,0.40516048669815063,0.3883715569972992,0.36610931158065796,0.39230090379714966,0.38308238983154297,0.34013891220092773,0.551131010055542,0.7221270203590393,0.7680746912956238,0.7810606956481934,0.7380325198173523,0.6754500865936279,0.6404273509979248,0.6068512797355652,0.5654852986335754,0.5970041751861572,0.575185239315033,0.5192593932151794,target_lookback,linear
routed,2,66,6,key,140207_2,,0.4459942725754962,0.23307346507366983,0.7119578374265289,0.5465045800993175,1.0330422014009313,0.270935960591133,522,,,0.09049229094427307,0.011368713779528394,0.04325794055239065,0.04488688043703557,0.2606970279442376,0.9449719033910091,0.3516848719108061,0.43263845420448166,0.42812525972352033,0.4399065998244928,0.43906598577436856,0.45982169914802395,0.4679441004769466,0.4561083507091299,0.4940159074916329,0.5015433143390023,0.43913999700697887,0.4457328322233066,0.5926218623894906,0.7235193133678401,0.7095555088288905,0.7221433584505313,0.7116206239079855,0.7355960561866248,0.7408788818617674,0.7142232243480023,0.7647803974378143,0.7654404957644616,0.6607406184205529,0.6831658717605501,target_lookback,linear
transformer,0,3,6,key,140214_1,,0.7676346302032471,0.3608977794647217,1.2458332777023315,0.8299465179443359,2.0835518836975098,0.23636363636363636,726,0.8278236914600551,0.8611887097358704,0.06522928178310394,0.018266059458255768,0.021390633657574654,0.0667877346277237,0.4767874777317047,1.6605050563812256,0.4824187755584717,0.6543652415275574,0.7680230736732483,0.7732133865356445,0.7787575721740723,0.7975449562072754,0.8026801943778992,0.8025662899017334,0.8138676881790161,0.8280786871910095,0.8405511975288391,0.8427769541740417,0.8146494626998901,1.0992463827133179,1.2807799577713013,1.279000163078308,1.2778851985931396,1.2983909845352173,1.295821189880371,1.2830064296722412,1.2894573211669922,1.3019109964370728,1.3081499338150024,1.331767201423645,target_lookback,linear
routed,0,3,6,key,140214_1,,0.4679111763593839,0.23384066666223707,0.7576329023550136,0.8299464983376393,0.4506703405335642,0.23636363636363636,726,,,0.06522928575788003,0.017945653118622753,0.029743850060374506,0.07216555653437445,0.30419113392136465,1.0059902868108113,0.21755851254564365,0.33812661782068326,0.4447236576390187,0.47639013878097014,0.4670496159524917,0.4951307769445628,0.5355250035525257,0.5095241236153784,0.5305926595644832,0.5329772739093769,0.5171370039288192,0.4850569492200558,0.3646269003181419,0.5670415884429723,0.7411522843917365,0.7869425363749973,0.7650084344149612,0.8042969856076958,0.8625880595377272,0.8118155844488518,0.8383829682007694,0.8361504931439785,0.8013449477147532,0.7655862291379051,target_lookback,linear
persistence,-1,0,6,key,140214_1,,0.8672388792037964,0.3090488314628601,1.4084042310714722,0.41894206404685974,2.797342300415039,0.23636363636363636,726,,,0.03878471255302429,0.002299494808539748,0.03900054842233658,0.04353095218539238,0.4605136513710022,1.8961018323898315,0.5104096531867981,0.7174776792526245,0.8808343410491943,0.887796938419342,0.8949273824691772,0.9022326469421387,0.9096400737762451,0.9172343015670776,0.9250588417053223,0.933049738407135,0.9412545561790466,0.9399836659431458,0.8634366393089294,1.2049274444580078,1.46846342086792,1.46846342086792,1.46846342086792,1.46846342086792,1.46846342086792,1.46846342086792,1.46846342086792,1.46846342086792,1.46846342086792,1.4859861135482788,target_lookback,linear
climatology,-1,0,6,key,140214_1,,1.4550602327698048,0.8250578004168081,2.361418863935828,2.2091251147661937,2.7973425486638517,0.23636363636363636,726,,,0.12944249238890973,0.008073520898929196,0.08539567227556215,0.09357232950383844,0.9144443679822917,3.144592940041164,1.3938288503702032,1.4044069740796647,1.4152328558263323,1.426420272632277,1.4378772758701648,1.449615019142487,1.461595362228072,1.4738785778748853,1.4864996783640068,1.4994274730658084,1.5127005068821784,1.520318565178993,2.35791888670204,2.35791888670204,2.35791888670204,2.35791888670204,2.35791888670204,2.35791888670204,2.35791888670204,2.35791888670204,2.35791888670204,2.35791888670204,2.35791888670204,2.4013019718141533,target_lookback,linear
ridge,-1,0,6,key,140214_1,,0.36052242997090217,0.1876321687303598,0.5838605597134291,0.6193078817271213,0.4506703405335642,0.23636363636363636,726,,,0.04638912720265927,0.008987566466961614,0.028771005077837874,0.05364960140854774,0.36268902720954144,0.7289330141688308,0.2576569228648159,0.24821213105174159,0.2557103118730656,0.27696062722483156,0.3112094778688179,0.3423408921654874,0.32633096494467767,0.34790544828180564,0.3988035177229877,0.45112912733165195,0.5053690796048671,0.5247931505690986,0.4345253542961422,0.41574482902340315,0.424420072144116,0.4560557868192053,0.5083886438990669,0.5548443958090178,0.5237918197108022,0.5541209824415629,0.6310739146838824,0.7087781078023128,0.787729041418593,0.8289389166031419,target_lookback,linear
transformer,1,3,6,key,140214_1,,0.7799708843231201,0.35616227984428406,1.2659634351730347,0.8362892270088196,2.126256227493286,0.23636363636363636,726,0.8622589531680441,0.8810399770736694,0.05602005124092102,0.03930642828345299,0.031955767422914505,0.05421256273984909,0.3732524514198303,1.712863564491272,0.5107386112213135,0.6780981421470642,0.7957003116607666,0.8004255890846252,0.7990930080413818,0.7944303154945374,0.7990564703941345,0.825377345085144,0.822223424911499,0.8225381970405579,0.8433374762535095,0.8472634553909302,0.8625282645225525,1.13779616355896,1.3266167640686035,1.3224880695343018,1.3085039854049683,1.2932490110397339,1.2901856899261475,1.321587085723877,1.3037389516830444,1.2937471866607666,1.3152844905853271,1.3392163515090942,target_lookback,linear
routed,1,3,6,key,140214_1,,0.47104812234059573,0.23151603730702502,0.7629404110820526,0.8362892110749687,0.4506703405335642,0.23636363636363636,726,,,0.05602005382263343,0.037824152110914014,0.0344163906558793,0.06158924563744853,0.26976801225769087,1.0224493102409504,0.2096945617564227,0.3514648531073395,0.4528643483756052,0.4839793791897296,0.4797093097777718,0.501857798263906,0.501543272869861,0.45639655380076993,0.51658588236521,0.5370276248455113,0.553245229736187,0.5428068455018062,0.350158350075803,0.5882162770428608,0.7545379756506927,0.7972184530425639,0.7821956794539641,0.8152253025795971,0.8079760048330102,0.7287486063133962,0.8165011740702334,0.8438627884946321,0.8622937589613401,0.8575898418969932,target_lookback,linear
transformer,2,3,6,key,140214_1,,0.7272891998291016,0.3051987886428833,1.1802194118499756,0.5374721884727478,2.2270655632019043,0.23636363636363636,726,0.8774104683195593,0.8838035464286804,0.05099157616496086,0.02010185830295086,0.04627828299999237,0.062160588800907135,0.444771945476532,1.5748406648635864,0.4813886284828186,0.6233533024787903,0.7020576596260071,0.7045031189918518,0.726517915725708,0.7308478355407715,0.789477527141571,0.7631668448448181,0.7875879406929016,0.8096552491188049,0.7919432520866394,0.7990991473197937,0.8097599744796753,1.0461585521697998,1.1701511144638062,1.1644686460494995,1.1908886432647705,1.1890294551849365,1.2733784914016724,1.2216448783874512,1.249987244606018,1.2741841077804565,1.2346723079681396,1.2617131471633911,target_lookback,linear
routed,2,3,6,key,140214_1,,0.32116187610381597,0.1697958063515327,0.5182690690868551,0.5374721856057441,0.4506703405335642,0.23636363636363636,726,,,0.050991577348571314,0.01898999782342331,0.04359706727270411,0.0695650212491654,0.30283410234485686,0.6553835022241206,0.21756814093488752,0.24573690721935665,0.2542253357027402,0.3077092673728084,0.3456736923271107,0.3796402667449366,0.3145834443132974,0.3737844036282937,0.32832997348821197,0.31283795734529807,0.3434114338782557,0.40263485717059116,0.35744822469348747,0.40937282930602525,0.42168391386788967,0.5068768881015306,0.5643594957258451,0.614771733952839,0.5028978951834904,0.5956767365605647,0.5182063822047343,0.49074924548412174,0.5334048043387153,0.6330946359259246,target_lookback,linear
transformer,0,4,6,key,140214_2,,0.5546737313270569,0.28218042850494385,0.8660964369773865,0.7798745036125183,1.0430842638015747,0.29577464788732394,522,0.9003831417624522,0.9195054769515991,0.07250969111919403,0.029704196378588676,0.0518295057117939,0.04261980205774307,0.21673041582107544,1.1973896026611328,0.4532075822353363,0.5618911981582642,0.5045098066329956,0.5293926000595093,0.548308789730072,0.5680287480354309,0.5762831568717957,0.5846601128578186,0.5923449397087097,0.5878996849060059,0.5669452548027039,0.5942004919052124,0.7451233267784119,0.915325939655304,0.812905490398407,0.8453030586242676,0.8645539879798889,0.8866788148880005,0.8859078884124756,0.8905572891235352,0.8925674557685852,0.8749321103096008,0.856857419013977,0.9129666686058044,target_lookback,linear
routed,0,4,6,key,140214_2,,0.5667175800387491,0.28163489124062296,0.8851083902165624,0.7798744717413193,1.0957143277542412,0.29577464788732394,522,,,0.07250968851896668,0.02914017209484352,0.049330437092132404,0.03959580076979976,0.20682027463020589,1.2261670780969882,0.4469298989465703,0.5593257715488328,0.4843934751405341,0.5169670601284163,0.4937753141983382,0.4591609958547324,0.5237091611558987,0.610897664536981,0.6502396803790187,0.6365798742422538,0.6998327179651824,0.7101298871633702,0.7351777934378536,0.9115541920053427,0.7804993891178467,0.8252101649209053,0.7787279879110476,0.7161278082850842,0.8042261696716317,0.9305942353714862,0.9800954143815112,0.9476118086526084,1.058486600437036,1.092077112713877,target_lookback,linear
persistence,-1,0,6,key,140214_2,,0.6243318319320679,0.32415324449539185,0.9757938385009766,1.0764923095703125,0.678322434425354,0.29577464788732394,522,,,0.070655956864357,0.00935399904847145,0.04254981502890587,0.0417429655790329,0.40366631746292114,1.311288595199585,0.47237852215766907,0.6202549338340759,0.6111087799072266,0.6177008748054504,0.6245223879814148,0.6315692663192749,0.638870894908905,0.6464317440986633,0.6541441679000854,0.6621376276016235,0.6616405844688416,0.6611169576644897,0.7775528430938721,1.0112438201904297,0.9857755303382874,0.9857755303382874,0.9857755303382874,0.9857755303382874,0.9857755303382874,0.9857755303382874,0.9857755303382874,0.9857755303382874,1.0008076429367065,1.0174534320831299,target_lookback,linear
climatology,-1,0,6,key,140214_2,,0.5898892241521795,0.3697754700001107,0.9201399873802397,1.0044913366584713,0.6783224079478486,0.29577464788732394,522,,,0.09941625477773752,0.010472143223256257,0.028409474877419787,0.0858740640671327,0.6941952541397867,1.0960274550779403,0.5581013201995186,0.5638040773323315,0.569756828247983,0.5759007959340879,0.5822601117629533,0.5888287155737043,0.5956362098321892,0.6026854041414529,0.6098585929360745,0.6172922582885012,0.6155652243927888,0.6137420438300768,0.9172481288754145,0.9172481288754145,0.9172481288754145,0.9172481288754145,0.9172481288754145,0.9172481288754145,0.9172481288754145,0.9172481288754145,0.9172481288754145,0.9172481288754145,0.9292661977486325,0.9426033867300955,target_lookback,linear
ridge,-1,0,6,key,140214_2,,0.5653436923638728,0.2858750260728884,0.8815987695689084,0.7742089650335992,1.0957143277542412,0.29577464788732394,522,,,0.10029374062551742,0.022684491894475106,0.06161744272522102,0.04873509878167826,0.19585118648685734,1.2229273244532004,0.37966161090399053,0.49135055127402855,0.5084408167573375,0.5126528637393474,0.5207295193261137,0.5093546524131825,0.5286947166218546,0.6153230513423934,0.6323423171347605,0.6575608216659499,0.7143572414832566,0.7036893811352906,0.621294748020781,0.7966008108370084,0.8171269087085825,0.8145464216310881,0.8187789688889617,0.7919305270641547,0.8136340694856978,0.9369844893837972,0.9516423357571402,0.9782523382524405,1.0803857914706891,1.0831293868394343,target_lookback,linear
transformer,1,3,6,key,140214_2,,0.713538408279419,0.3467119038105011,1.1148786544799805,1.228912353515625,0.7788419127464294,0.29577464788732394,522,0.8486590038314177,0.8922048807144165,0.0850161537528038,0.02766076847910881,0.05832180753350258,0.041434578597545624,0.2210536152124405,1.5504436492919922,0.46402767300605774,0.620214581489563,0.702379047870636,0.727091908454895,0.7184600830078125,0.7360844612121582,0.740290105342865,0.7491320967674255,0.7475380897521973,0.7734785079956055,0.7830682992935181,0.7994858026504517,0.7634909152984619,1.0115381479263306,1.1323885917663574,1.1607850790023804,1.13402259349823,1.1493810415267944,1.1420280933380127,1.1426513195037842,1.1252679824829102,1.15056574344635,1.1841661930084229,1.2283071279525757,target_lookback,linear
routed,1,3,6,key,140214_2,,0.7620935175835248,0.3704057209616094,1.1910680977336856,1.2289123687651637,1.0957143277542412,0.29577464788732394,522,,,0.08501615260008133,0.027240225644768617,0.056513665111758246,0.04140255307814537,0.1909875469629189,1.6620519416760016,0.4572452229284686,0.6192330477082281,0.6908985860883914,0.7087915133965943,0.7176952560489975,0.7313468654855927,0.7807717982531037,0.8553676471295274,0.842823423326788,0.8664462165052624,0.9203835119520156,0.93371652626564,0.752159148130793,1.0097050250335176,1.1147048969811957,1.1316759402449956,1.1325943180048834,1.1421016895760736,1.2046425283911366,1.3049921905344493,1.2694237877742884,1.2894190403244954,1.3924318164855913,1.4357158089103415,target_lookback,linear
transformer,2,2,6,key,140214_2,,0.6023905873298645,0.3085055351257324,0.9403088688850403,1.048269510269165,0.6107528805732727,0.29577464788732394,522,0.8065134099616859,0.9047954678535461,0.0855584368109703,0.02833850309252739,0.060152992606163025,0.04832617938518524,0.3151126503944397,1.2834575176239014,0.46870532631874084,0.6331528425216675,0.6419190168380737,0.607927143573761,0.5848336219787598,0.5897589325904846,0.5982576012611389,0.6163845062255859,0.6267821788787842,0.6122360229492188,0.6153275966644287,0.6311392784118652,0.7689290046691895,1.0303653478622437,1.0352492332458496,0.9702669382095337,0.9223014712333679,0.9193348288536072,0.9209049940109253,0.9393189549446106,0.9443002939224243,0.9100446701049805,0.9293747544288635,0.9691581726074219,target_lookback,linear
routed,2,2,6,key,140214_2,,0.6802245227950857,0.33803238300156024,1.062523083208882,1.0482694197390936,1.0957143277542412,0.29577464788732394,522,,,0.08555843966639161,0.027553133255974773,0.0574101315032994,0.049476290550259726,0.20876390963313976,1.4778968118973188,0.4578937173821293,0.6292837544990665,0.6750034072805793,0.6247593880091588,0.6068173078679574,0.6040570730483286,0.67192874754812,0.7449776667124324,0.7644197363111371,0.7519815585540168,0.8045995775145358,0.8225057978262947,0.7509102718507219,1.0241777386406126,1.088759735212269,0.9971774593075939,0.9569791376462689,0.9421128249312952,1.0358485891514992,1.1359962651373925,1.1523145592819493,1.1188534877131864,1.216670447321619,1.2648883953218641,target_lookback,linear
transformer,0,5,6,key,140227_1,,0.527248203754425,0.26828569173812866,0.891633927822113,0.8538022637367249,1.2719590663909912,0.07428571428571429,2538,0.8053585500394012,0.7208225131034851,0.12869594991207123,0.017901336774230003,0.0606062114238739,0.05199343338608742,0.2740827202796936,1.1920859813690186,0.36106163263320923,0.4957725703716278,0.5322611927986145,0.5183116793632507,0.5358976125717163,0.5462032556533813,0.5579079985618591,0.5291947722434998,0.5609207153320312,0.576006293296814,0.5722803473472595,0.5133796334266663,0.6156361699104309,0.8465872406959534,0.907206118106842,0.8817043900489807,0.9092326760292053,0.9248304963111877,0.939078688621521,0.8907474279403687,0.943890392780304,0.9670209884643555,0.9573574662208557,0.8621916174888611,target_lookback,linear
routed,0,5,6,key,140227_1,,0.5320244902399367,0.27333702355342215,0.899853080288407,0.853802291290497,1.3476255741403753,0.07428571428571429,2538,,,0.12869595018654312,0.01797055241233983,0.0600482186563181,0.05158713013747085,0.3005185543537906,1.1980770560868172,0.31893144270258567,0.47976403350195446,0.5325580581395365,0.5234950166808021,0.5435232589357823,0.5588083999882104,0.5674180814508469,0.5367057727924762,0.5757962961731152,0.5940932316935976,0.5877743210044533,0.5176398441164385,0.5419712225132446,0.8188799614903224,0.9076272639132047,0.8905583772387565,0.9224450897979183,0.9466989596708857,0.9554976187874501,0.9035660599973896,0.9692744436721928,0.9977101118950641,0.9836159101495008,0.8694488794358096,target_lookback,linear
persistence,-1,0,6,key,140227_1,,0.4558243155479431,0.1576305776834488,0.7699966430664062,0.34824687242507935,2.5436182022094727,0.07428571428571429,2538,,,0.12620475888252258,0.0025716684758663177,0.05438363179564476,0.029122650623321533,0.29435640573501587,1.0164440870285034,0.32270583510398865,0.4090821444988251,0.4671911895275116,0.4682811498641968,0.4693787693977356,0.47048404812812805,0.4715486764907837,0.47263097763061523,0.4737602770328522,0.47488176822662354,0.4760010838508606,0.47426292300224304,0.5494502186775208,0.6968451142311096,0.7954176664352417,0.7954176664352417,0.7954176664352417,0.7954176664352417,0.7954176664352417,0.7954176664352417,0.7954176664352417,0.7954176664352417,0.7954176664352417,0.7959924340248108,target_lookback,linear
climatology,-1,0,6,key,140227_1,,1.1881458267963159,0.6460265669661087,2.019619938444685,1.9715435552481004,2.543618188263567,0.07428571428571429,2538,,,0.1500912385573354,0.009631326845964731,0.05628593938677133,0.08842607502568538,0.730067897609936,2.676295101776399,1.173162264124041,1.1758415819955612,1.178539647293141,1.1812898985511775,1.1840594954348282,1.1868486246763228,1.1896383401286141,1.1924519320681173,1.1953012739937048,1.1981648154871638,1.2010450013254224,1.2028133535282128,2.0186271384317163,2.0186271384317163,2.0186271384317163,2.0186271384317163,2.0186271384317163,2.0186271384317163,2.0186271384317163,2.0186271384317163,2.0186271384317163,2.0186271384317163,2.0186271384317163,2.0306595227578845,target_lookback,linear
ridge,-1,0,6,key,140227_1,,1.1769302033529894,0.5713002392111377,2.000937955798586,2.044334979062505,1.3476255741403753,0.07428571428571429,2538,,,0.1481121051750771,0.008390935973430139,0.06113135183453664,0.054898457739100834,0.7194068031638641,2.6524631081122445,0.5823642862176358,0.9378796078516899,1.0430328849857347,1.158074336663264,1.1363002785089467,1.1270868339740885,1.3289893790132083,1.3510506386192993,1.3784106821271056,1.2958639533564733,1.2841197859021152,1.2903725957629069,1.0001801488730988,1.6090425456983666,1.785969050996148,1.9792273501777122,1.937629099657372,1.9178549534935783,2.257252643011811,2.2892633894871643,2.329021101825808,2.1826275156234636,2.1576097203599134,2.1787231719691205,target_lookback,linear
transformer,1,4,6,key,140227_1,,0.4358096718788147,0.19302141666412354,0.7354976534843445,0.49329638481140137,2.06148099899292,0.07428571428571429,2538,0.9405043341213554,0.8155072927474976,0.12391477078199387,0.009512887336313725,0.05942058190703392,0.034162480384111404,0.3062877953052521,0.9642716646194458,0.3332025706768036,0.49153584241867065,0.4929300546646118,0.43498340249061584,0.4020315408706665,0.3917595148086548,0.4188116192817688,0.46866172552108765,0.4152672290802002,0.43237581849098206,0.4665840268135071,0.45656704902648926,0.5669028162956238,0.8394087553024292,0.8397668600082397,0.7373159527778625,0.6791352033615112,0.6596555709838867,0.7043823003768921,0.7890751361846924,0.6960324645042419,0.7232038974761963,0.7795612812042236,0.7661052942276001,target_lookback,linear
routed,1,4,6,key,140227_1,,0.3572155419439399,0.18071877352435753,0.6001453296987479,0.49329636991066245,1.3476255741403753,0.07428571428571429,2538,,,0.12391476616116064,0.008669142667678457,0.05963077808467646,0.03388840420682044,0.3144722985858327,0.7664202979942699,0.25889525120235657,0.37094057855334955,0.3736238762389215,0.3300835851282058,0.3080864231962585,0.33695912287675944,0.3494728739757355,0.39720766337369423,0.3593337972367249,0.3837611999175405,0.4149687192972484,0.38038495493904256,0.43658696067785446,0.6298571259474555,0.6328922786008006,0.555233763951833,0.5164238611004265,0.5651338021891399,0.5849992048351267,0.6668508434168963,0.6003368591866518,0.6402852159570902,0.691874698552541,0.6359958291076945,target_lookback,linear
transformer,2,4,6,key,140227_1,,0.44566476345062256,0.21592667698860168,0.7521259188652039,0.5932698845863342,1.7969493865966797,0.07428571428571429,2538,0.8778565799842396,0.7722592949867249,0.12557746469974518,0.007406948134303093,0.06129897013306618,0.03971262276172638,0.3314780294895172,0.9808656573295593,0.3086303770542145,0.44176381826400757,0.4847971200942993,0.44020459055900574,0.43987324833869934,0.4175858497619629,0.47097739577293396,0.45589369535446167,0.4733419716358185,0.4705778956413269,0.4796946048736572,0.44129136204719543,0.5242055654525757,0.7528858184814453,0.8254801630973816,0.7469461560249329,0.7442888617515564,0.7042219638824463,0.7944745421409607,0.7665236592292786,0.7930446267127991,0.7871367335319519,0.8014898300170898,0.7399769425392151,target_lookback,linear
routed,2,4,6,key,140227_1,,0.4030224880385778,0.20801996640686973,0.6787729729760853,0.5932698681334626,1.3476255741403753,0.07428571428571429,2538,,,0.1255774760935252,0.007332599426792166,0.06110412968575029,0.039781287316048485,0.3366626078999323,0.8734095174166497,0.24875037282494158,0.37221349438458884,0.43629710253687254,0.3857723843356015,0.3965209619515104,0.37540018038264206,0.43730833561637383,0.4098628532628458,0.44405641013352454,0.4456442367780083,0.43989511033074824,0.40948961621392316,0.41894209114452563,0.6317100202770177,0.7414238170581913,0.6529130874032247,0.6696530302761278,0.6315814417569462,0.7367731580934533,0.6876951604479246,0.742977322827934,0.7446361425404124,0.7338968485761797,0.6856783233139422,target_lookback,linear
transformer,0,5,6,key,140313_1,,0.6697060465812683,0.3974914848804474,1.0662083625793457,1.037986397743225,1.4756840467453003,0.053974484789008834,2658,0.5966892400300978,0.7849277257919312,0.16862301528453827,0.03646552935242653,0.1807677149772644,0.1394297331571579,0.6951267123222351,1.2622321844100952,0.44201600551605225,0.6100643277168274,0.7054377794265747,0.6705768704414368,0.6893824338912964,0.6688050031661987,0.6916702389717102,0.7005382180213928,0.6804630756378174,0.7058649659156799,0.7279190421104431,0.7038021683692932,0.7070819139480591,0.9767214059829712,1.1330486536026,1.0736032724380493,1.1015795469284058,1.0639138221740723,1.0956615209579468,1.1108721494674683,1.0773839950561523,1.118648886680603,1.1465712785720825,1.1161781549453735,target_lookback,linear
routed,0,5,6,key,140313_1,,0.6473574957827296,0.3846450248483577,1.0295587904579533,1.0379864877935998,0.8686683966397987,0.053974484789008834,2658,,,0.16862302138876034,0.03637612077430099,0.18226552826898024,0.13693177881513238,0.6795880474871723,1.215606990821175,0.44100510248214486,0.6090356546376232,0.6859153491118899,0.6491927278176797,0.6635519497841491,0.645568648308776,0.6601547698764034,0.6659855153782585,0.6527991646798734,0.6811977764908714,0.6988930163594881,0.6823681692576758,0.7055695282696033,0.9754035363170469,1.1003385513934592,1.038460991358958,1.0592372204573084,1.0253478786856276,1.0437960694994133,1.0545689465455212,1.0326913591964555,1.0784469656416442,1.0994982088381295,1.0814127703693668,target_lookback,linear
persistence,-1,0,6,key,140313_1,,0.6068935394287109,0.3214929699897766,0.9650312662124634,0.9782726764678955,0.6930167078971863,0.053974484789008834,2658,,,0.162364661693573,0.02985091134905815,0.16848184168338776,0.13129417598247528,0.6771740913391113,1.1231215000152588,0.4373002052307129,0.5599676966667175,0.6044710874557495,0.6215142607688904,0.622671365737915,0.6271300911903381,0.6285441517829895,0.6299619078636169,0.6310096979141235,0.6321589350700378,0.6332306265830994,0.6319422721862793,0.7005906701087952,0.8957314491271973,0.967439591884613,0.9933301210403442,0.9929437637329102,0.9979682564735413,0.9979682564735413,0.9979682564735413,0.9979682564735413,0.9979682564735413,0.9979682564735413,0.9994158744812012,target_lookback,linear
climatology,-1,0,6,key,140313_1,,0.9897422109638707,0.609027933579434,1.5844519597795175,1.6205924333890023,0.6930166468061926,0.053974484789008834,2658,,,0.16712669245661566,0.019003067526542385,0.14062442305244374,0.28130307394102966,1.867158557880814,1.3524271468124631,0.9780392592662667,0.9801678886739107,0.9823212443619784,0.9845113926392182,0.9867163083888401,0.9889341374216746,0.9911669664071118,0.9934112673223713,0.9954302118029748,0.9975228734326026,0.99957582903342,1.00014558494876,1.58390815262181,1.58390815262181,1.58390815262181,1.58390815262181,1.58390815262181,1.58390815262181,1.58390815262181,1.58390815262181,1.58390815262181,1.58390815262181,1.58390815262181,1.590492498177216,target_lookback,linear
ridge,-1,0,6,key,140313_1,,1.117597664028061,0.6480886795120899,1.7964432904606975,1.8352878317848431,0.8686683966397987,0.053974484789008834,2658,,,0.1705095347096592,0.02739616492474425,0.16840573135618006,0.13450654247123206,1.2642029698490105,2.0892087113871978,0.5464043414339421,0.7797861451086999,0.9948428031872045,1.105204407835566,1.2201656960888612,1.2327321266178077,1.2585927046897671,1.2147833139340936,1.163393438574553,1.1642389355589395,1.2225026412498092,1.2876079594855225,0.8818959730046335,1.2597985713071382,1.6101615878319735,1.7863628478444193,1.9686634019031437,1.9843264953724962,2.0212074099625226,1.9453591158583738,1.8579433475039175,1.8553772855301016,1.9449078273711813,2.0566522127346984,target_lookback,linear
transformer,1,5,6,key,140313_1,,0.6951644420623779,0.4087732434272766,1.10829758644104,1.0885814428329468,1.409786581993103,0.053974484789008834,2658,0.5116629044394282,0.7593505382537842,0.17110177874565125,0.03466888517141342,0.1756945699453354,0.1347491592168808,0.6803314089775085,1.327734351158142,0.43814921379089355,0.6142557263374329,0.7337897419929504,0.7239618301391602,0.7278603315353394,0.7101578116416931,0.7238242626190186,0.7143892645835876,0.7241795659065247,0.6901394128799438,0.7474415898323059,0.7422577142715454,0.7014034986495972,0.9843709468841553,1.1801044940948486,1.159611463546753,1.1636539697647095,1.1309850215911865,1.1528304815292358,1.1360527276992798,1.1480004787445068,1.0896868705749512,1.1821144819259644,1.1780885457992554,target_lookback,linear
routed,1,5,6,key,140313_1,,0.6766135682877613,0.3972043348254035,1.0778578854956526,1.0885814520973187,0.8686683966397987,0.053974484789008834,2658,,,0.1711017774653485,0.03456406553469067,0.1769488410241595,0.13442470773048623,0.662793098760501,1.2908568990409641,0.4379416720636411,0.6132131966700545,0.7200223664766828,0.7055415126572306,0.7068680244596021,0.6906514108122284,0.6991200184569951,0.6881098256205826,0.7016040864899562,0.6735391555772654,0.7223422391179879,0.716039320219871,0.7011662140341217,0.982702822953823,1.1571528581447337,1.1292068934162327,1.1288536961514013,1.098654485493543,1.1123209368224596,1.093374008807525,1.1112140145940663,1.0628833824967225,1.1415843233929603,1.1355948864731118,target_lookback,linear
transformer,2,4,6,key,140313_1,,0.5748474597930908,0.3299766182899475,0.911774218082428,0.8991572856903076,1.1098663806915283,0.053974484789008834,2658,0.6079759217456734,0.7843897342681885,0.16725803911685944,0.03609132021665573,0.1667477935552597,0.1382080763578415,0.6807110905647278,1.0432134866714478,0.43372827768325806,0.5487740635871887,0.5919262766838074,0.5919317603111267,0.5660712122917175,0.5809957981109619,0.5830928683280945,0.5805315375328064,0.5703656077384949,0.5841968655586243,0.6157566905021667,0.6333730220794678,0.6921922564506531,0.8746227622032166,0.942408561706543,0.9456606507301331,0.9013106226921082,0.9190605282783508,0.9215343594551086,0.9173369407653809,0.9013569355010986,0.9228073358535767,0.9662688970565796,1.0030360221862793,target_lookback,linear
routed,2,4,6,key,140313_1,,0.5661873121878452,0.3245869691821511,0.8975381086193447,0.899157288621938,0.8686683966397987,0.053974484789008834,2658,,,0.16725804310747952,0.03602120843444942,0.16788800540103754,0.1359679176977411,0.6709963863218323,1.0265083437350304,0.43329780035490223,0.5513874938323955,0.586973673717279,0.5815447789016085,0.5572251770263782,0.5720075279517338,0.5705935386802393,0.5646650130153705,0.5618028231566108,0.5745974844153802,0.6046953366091641,0.6200480631053753,0.6912230271930665,0.879290045234995,0.9339579346142237,0.9285420117874482,0.8869959535497814,0.9043717557435577,0.8999839567481533,0.8915039834069243,0.8878007414358721,0.9074172078036039,0.9482674760048234,0.9813937249536988,target_lookback,linear
transformer,0,2,12,key,140120_1,,0.9921090602874756,0.4498998820781708,1.6443182229995728,1.157845377922058,3.6349191665649414,0.11482254697286012,1326,0.6304675716440422,0.7448387742042542,0.18152816593647003,0.02640761248767376,0.096000075340271,0.05448388680815697,1.003086805343628,2.05741810798645,0.6362419724464417,0.8555885553359985,1.0020517110824585,1.0006707906723022,1.0202430486679077,1.0462950468063354,1.041500210762024,1.0388754606246948,1.053797721862793,1.054879069328308,1.0452420711517334,1.0534858703613281,1.0736180543899536,1.4419960975646973,1.685652732849121,1.6764111518859863,1.7012425661087036,1.7369729280471802,1.720659852027893,1.7101854085922241,1.7250758409500122,1.7194156646728516,1.6949806213378906,1.7222728729248047,target_lookback,linear
routed,0,2,12,key,140120_1,,0.8769599369467317,0.4288813467714575,1.4516793329869278,1.157845294017728,2.8316868886993256,0.11482254697286012,1326,,,0.18152815927394914,0.026049711609183002,0.09790607741525176,0.0653995912727062,1.0215743212544268,1.7508855049969176,0.6863367309499459,0.8433031977174307,0.9037809721745035,0.8555102947120746,0.8584272994115301,0.8838112993498998,0.9275365679915774,0.9721181946447763,0.9435488817107981,0.8944125955720394,0.8704150109515538,0.8651375573439132,1.1597625391805502,1.420861144484177,1.5189393081192444,1.4312602033637374,1.4288286671857038,1.4646125770138254,1.5304280573863083,1.5994088735864416,1.5430024422991453,1.4558404047462807,1.4090603717585048,1.4118448669347519,target_lookback,linear
persistence,-1,0,12,key,140120_1,,0.9819528460502625,0.4451623857021332,1.6282511949539185,1.162688136100769,3.5592241287231445,0.11482254697286012,1326,,,0.176591694355011,0.027495136484503746,0.07332804054021835,0.04756961762905121,0.9918652772903442,2.037937641143799,0.6285778880119324,0.8626123070716858,1.0031880140304565,1.0076169967651367,1.0121049880981445,1.016638159751892,1.0212410688400269,1.0259027481079102,1.0306334495544434,1.035408854484558,1.0402344465255737,1.0450993776321411,1.061637282371521,1.455055594444275,1.688321828842163,1.688321828842163,1.688321828842163,1.688321828842163,1.688321828842163,1.688321828842163,1.688321828842163,1.688321828842163,1.688321828842163,1.7097035646438599,target_lookback,linear
climatology,-1,0,12,key,140120_1,,2.3468957513762674,1.1373379293321972,3.900727893321012,3.94286008638234,3.5592237372270774,0.11482254697286012,1326,,,0.24581078478568558,0.011249233764870532,0.04926924296284713,0.09117119705882397,0.6972915813942576,5.337029552175854,2.2906174919846527,2.3005550519262172,2.310602571977549,2.3208038355604166,2.331141431490701,2.3416117605387097,2.352227998642484,2.3629880916490267,2.3738992424509266,2.3849536579460064,2.3961566302612853,2.4075064999638194,3.896667025483457,3.896667025483457,3.896667025483457,3.896667025483457,3.896667025483457,3.896667025483457,3.896667025483457,3.896667025483457,3.896667025483457,3.896667025483457,3.896667025483457,3.946253301025286,target_lookback,linear
ridge,-1,0,12,key,140120_1,,0.979819704488812,0.4911842609515135,1.623519977313793,1.3919763453901217,2.8316868886993256,0.11482254697286012,1326,,,0.18898620394843005,0.012280720934611756,0.08615403654477814,0.07222084171750592,1.041424173573808,2.008276822663781,0.8786411848369571,1.0560269717324426,1.101526892647053,0.996999083913173,0.9580657993103779,0.9386701344319167,0.951279946384427,1.021989017120915,1.020431815731663,0.9975161981614824,0.919147159366798,0.8842584296893742,1.4896549639937078,1.7845584414489088,1.8551809608993075,1.6701459341808047,1.5962600987866111,1.5563432277701539,1.5699749708790631,1.6799774713128213,1.6697876105060583,1.6245413126410513,1.4885829100287231,1.4424000339418241,target_lookback,linear
transformer,1,11,12,key,140120_1,,0.8967101573944092,0.4658651351928711,1.4854533672332764,1.3127163648605347,2.435720920562744,0.11482254697286012,1326,0.6500754147812972,0.6107667684555054,0.17043790221214294,0.028069453313946724,0.09077480435371399,0.0691877081990242,1.10969877243042,1.7564085721969604,0.6612042784690857,0.8511837720870972,0.8855506181716919,0.8741644620895386,0.8833386301994324,0.9009232521057129,0.9035928249359131,0.9443379044532776,0.933646023273468,0.9425816535949707,0.9682771563529968,0.992097795009613,1.115599274635315,1.4345797300338745,1.4880493879318237,1.4620306491851807,1.47153639793396,1.4947344064712524,1.4929487705230713,1.5521703958511353,1.5291866064071655,1.5368247032165527,1.570784330368042,1.621617078781128,target_lookback,linear
routed,1,11,12,key,140120_1,,0.9437186833569225,0.4819140135947284,1.5639879391554963,1.3127164046231428,2.8316868886993256,0.11482254697286012,1326,,,0.1704379040829922,0.027308451561384426,0.08851103457613249,0.07396604621397017,1.1252607557066863,1.8731942010588678,0.7392979343436495,0.9443848996018768,0.9815443445901192,0.9199089010812963,0.9233937179870599,0.9405032593371555,0.9743233296424345,1.035785805400237,0.9923264800438505,0.9483172107734266,0.9380317269339901,0.9691950870455845,1.249940441187846,1.5939189966264746,1.6507422567574668,1.5396421771729414,1.5387288962142778,1.5605014681576295,1.610393134244509,1.7036222273676513,1.6257859170325073,1.5462484148362403,1.521371757936088,1.5838896296442504,target_lookback,linear
transformer,2,2,12,key,140120_1,,1.0393582582473755,0.46048158407211304,1.7232415676116943,1.178628921508789,3.892681837081909,0.11482254697286012,1326,0.6628959276018099,0.7237861752510071,0.1856974959373474,0.02034212462604046,0.08990776538848877,0.05256086587905884,1.0407341718673706,2.160752058029175,0.642665445804596,0.8686608672142029,1.0466279983520508,1.056511640548706,1.088728427886963,1.0957356691360474,1.0940946340560913,1.082209587097168,1.1092337369918823,1.1141436100006104,1.1094170808792114,1.0919824838638306,1.0855556726455688,1.465143084526062,1.7624388933181763,1.77058744430542,1.8152649402618408,1.818852424621582,1.807603359222412,1.7814568281173706,1.8169147968292236,1.816251516342163,1.8010603189468384,1.7848528623580933,target_lookback,linear
routed,2,2,12,key,140120_1,,0.8857381199609887,0.4321141961684854,1.4664097602677841,1.1786289787204822,2.8316868886993256,0.11482254697286012,1326,,,0.18569749369689786,0.01990361867299299,0.0917408380233122,0.062231832758131364,1.0614961183157932,1.7528249117222574,0.6882422098128128,0.8466572457379227,0.9032242742169375,0.8735274486373367,0.8698637934051858,0.8936385148926113,0.9506131802732265,0.9861733556936856,0.9560972098916505,0.9074246541976677,0.8692202714366141,0.8616809476035386,1.1638272134432934,1.4277373344363895,1.5195354045032958,1.461731172643655,1.4469568355325773,1.4800666450033637,1.568238726407227,1.6221834150493235,1.5642222105455708,1.4767111313237273,1.4086776089469342,1.4051137182076663,target_lookback,linear
transformer,0,12,12,key,140206_1,,0.8772385120391846,0.412234902381897,1.4026157855987549,1.6051137447357178,0.5730693936347961,0.270935960591133,522,0.60727969348659,0.7311813235282898,0.13048364222049713,0.04460785910487175,0.0580315925180912,0.09290412813425064,0.48536959290504456,1.9742106199264526,0.639029860496521,0.848431408405304,0.8582813143730164,0.931937575340271,0.9548525810241699,1.0021476745605469,0.8775613903999329,1.002193570137024,0.8817287087440491,0.8215217590332031,0.8231107592582703,0.8391279578208923,1.0829145908355713,1.4243589639663696,1.423993468284607,1.5288336277008057,1.5473623275756836,1.605010747909546,1.3931381702423096,1.570310354232788,1.3642507791519165,1.25154447555542,1.2456015348434448,1.2913488149642944,target_lookback,linear
routed,0,12,12,key,140206_1,,0.8822927678847585,0.4269297433285428,1.4100049489665505,1.605113710239002,0.6364876591873064,0.270935960591133,522,,,0.13048363694358603,0.04613220053274628,0.07361104199597504,0.10921556347095701,0.5413018704855714,1.969124455358447,0.5707371091668486,0.8528322844917676,0.8669715439343268,0.9412811547454307,0.9608030278577848,1.007286608594121,0.8823602248354037,1.0135079002663285,0.8976970255881254,0.8456893851398035,0.8450587113126641,0.8442614351153367,0.9659103543299176,1.4285893877395128,1.4359138424887976,1.5419241021665355,1.5563234580506389,1.6134458184053007,1.4003960260057178,1.5877908940349104,1.3893412593961205,1.290371981126067,1.2788735128330446,1.2992711219698159,target_lookback,linear
persistence,-1,0,12,key,140206_1,,0.8583722114562988,0.40919268131256104,1.3749645948410034,0.9642476439476013,2.1156158447265625,0.270935960591133,522,,,0.027968034148216248,0.05361480638384819,0.04978800565004349,0.06728704273700714,0.5078630447387695,1.9261877536773682,0.6255089640617371,0.8391647338867188,0.840667724609375,0.8497231006622314,0.8591010570526123,0.8686992526054382,0.878660261631012,0.8890320062637329,0.8997799754142761,0.9107316732406616,0.9220943450927734,0.9300126433372498,1.0602160692214966,1.4081981182098389,1.3958966732025146,1.3958966732025146,1.3958966732025146,1.3958966732025146,1.3958966732025146,1.3958966732025146,1.3958966732025146,1.3958966732025146,1.3958966732025146,1.4324803352355957,target_lookback,linear
climatology,-1,0,12,key,140206_1,,1.2033521550920792,0.6347547917568718,1.9264997725868906,1.8513031650617775,2.1156155964187855,0.270935960591133,522,,,0.1097301585902595,0.028114119389798523,0.0604878138206492,0.13165159725950348,0.5683022027507306,2.7364380888531215,1.1343151615812916,1.1460184422191066,1.158060595011711,1.1705564314720143,1.1834827621834352,1.1967763953904877,1.2105528597091595,1.2248598594409394,1.2396864084077648,1.2549227530946552,1.270735881956144,1.2843496051737102,1.922145767802541,1.922145767802541,1.922145767802541,1.922145767802541,1.922145767802541,1.922145767802541,1.922145767802541,1.922145767802541,1.922145767802541,1.922145767802541,1.922145767802541,1.976676265309587,target_lookback,linear
ridge,-1,0,12,key,140206_1,,0.526942760452045,0.2848101412904955,0.8402571332067973,0.9043554387276156,0.6364876591873064,0.270935960591133,522,,,0.06378499234711367,0.03825115107680325,0.06423211835769498,0.10973515463472022,0.5154763297013357,1.0939840728439716,0.4933362795428822,0.5045992855122873,0.5507778007553158,0.5464039946346437,0.5673714496344562,0.5744266518922623,0.5554826189733065,0.5270945008379414,0.46440279124019285,0.49795895209851654,0.5087116286720349,0.5132234891044678,0.8332152122095479,0.8399428764418562,0.9083774204930882,0.8921462892958449,0.9173604318670573,0.9199216590160214,0.8798583735294913,0.8249338774151684,0.7178301569024228,0.7605937247555565,0.7676666272187881,0.788028028496253,target_lookback,linear
transformer,1,8,12,key,140206_1,,0.7291572690010071,0.3916573226451874,1.1659727096557617,1.0462374687194824,1.4395346641540527,0.270935960591133,522,0.5095785440613027,0.6648386716842651,0.06557304412126541,0.0383400060236454,0.055137813091278076,0.11104902625083923,0.508128821849823,1.6084092855453491,0.6142330169677734,0.7391634583473206,0.6935735940933228,0.6911470293998718,0.6932520866394043,0.7182034850120544,0.7220116853713989,0.7397461533546448,0.756772518157959,0.7874770164489746,0.8054927587509155,0.8098944425582886,1.0413025617599487,1.237092137336731,1.1467225551605225,1.1336232423782349,1.1242966651916504,1.1498712301254272,1.1454018354415894,1.1604607105255127,1.1728805303573608,1.2049320936203003,1.2181228399276733,1.2467550039291382,target_lookback,linear
routed,1,8,12,key,140206_1,,0.5968507448900379,0.3364574718743675,0.9527871550830137,1.0462373798862188,0.6364876591873064,0.270935960591133,522,,,0.06557304837461989,0.03700894739059151,0.06908826788838919,0.10837717437441559,0.5642243099359314,1.250919378443909,0.49912275362996755,0.614465601659122,0.5820132349274004,0.5576910735037851,0.5694430036376517,0.5909547690575915,0.6011049241567904,0.6103968882645732,0.6214271158005399,0.6406378892473127,0.6407902432523065,0.6486296836979679,0.8441108151028663,1.025160438943335,0.959701990307544,0.9108688207982205,0.9198402524847207,0.9445192286764525,0.9530002046027848,0.9576810701445716,0.9632476853839433,0.979831648659342,0.9681681917561819,0.9978865140001141,target_lookback,linear
transformer,2,12,12,key,140206_1,,0.9033244848251343,0.42849001288414,1.4460963010787964,1.645308256149292,0.658795952796936,0.270935960591133,522,0.6590038314176245,0.748849093914032,0.07801598310470581,0.046752508729696274,0.07196044921875,0.06860117614269257,0.583761990070343,2.010517120361328,0.6411955952644348,0.8326219916343689,0.9548531174659729,0.9783326983451843,1.0427401065826416,0.9701284170150757,0.9515175819396973,0.9478200674057007,0.9132862091064453,0.8436163067817688,0.8460801243782043,0.8593391180038452,1.0816417932510376,1.3972207307815552,1.5856213569641113,1.6074140071868896,1.694711446762085,1.55919349193573,1.510040521621704,1.4875012636184692,1.4157451391220093,1.291922688484192,1.280571699142456,1.32080078125,target_lookback,linear
routed,2,12,12,key,140206_1,,0.9022499230546115,0.43774225270018313,1.4433868360070823,1.645308232500884,0.6364876591873064,0.270935960591133,522,,,0.0780159815270572,0.04695095174743045,0.08434461969341128,0.10295648236340096,0.6367111992229386,1.9883653387861726,0.5658696483468693,0.8094283524868375,0.9586464158150299,0.9798638789851274,1.0483656761871412,0.9680422156766756,0.9504594439775137,0.9492260222322045,0.9208930243144087,0.8655056422956666,0.870913280951239,0.8697364599218022,0.9526723182648531,1.3550234343718797,1.5889449987943378,1.6072748070161271,1.7018435217901013,1.5550285333013179,1.5083951316625432,1.489745928332801,1.4277211062591695,1.326253977663099,1.3182113749389428,1.336866492956304,target_lookback,linear
transformer,0,7,12,key,140207_2,,0.2622288763523102,0.1455894410610199,0.4150955379009247,0.35539451241493225,0.544135570526123,0.270935960591133,522,0.9022988505747126,0.6733220815658569,0.08980684727430344,0.017367269843816757,0.040125492960214615,0.0452294684946537,0.23468010127544403,0.5248075127601624,0.31452423334121704,0.29246407747268677,0.26052621006965637,0.2418222278356552,0.25708767771720886,0.2518763244152069,0.2394687682390213,0.2458283007144928,0.2168314903974533,0.23109480738639832,0.2675072252750397,0.30076107382774353,0.5280546545982361,0.4850667715072632,0.42951545119285583,0.39029353857040405,0.4127602279186249,0.4017053544521332,0.3741156756877899,0.3808968663215637,0.33162227272987366,0.34858229756355286,0.40128350257873535,0.45782893896102905,target_lookback,linear
routed,0,7,12,key,140207_2,,0.365994424444839,0.18286904928876804,0.5830889249217651,0.35539453635810664,0.9565595171175668,0.270935960591133,522,,,0.08980684195332292,0.017422474304999144,0.03984471201340437,0.04342517564752815,0.24427931491558627,0.7658790670983449,0.27721423766242975,0.3015797188955697,0.31610044591759967,0.355135628305428,0.37871867103156,0.38833727288745257,0.40849212458665884,0.3959400041297824,0.4012475952150026,0.40819637779115236,0.34859282322071333,0.4116595741904072,0.4650867414926951,0.5007384304996244,0.5222289171506239,0.5791935614712285,0.6120691187419861,0.6223612006741491,0.6460846361520189,0.6192321464405421,0.6204209845221131,0.6224198699047986,0.5250098111289672,0.6302757442190944,target_lookback,linear
persistence,-1,0,12,key,140207_2,,0.6482312679290771,0.268417626619339,1.037318229675293,0.32888513803482056,1.9184532165527344,0.270935960591133,522,,,0.08945600688457489,0.006719331722706556,0.02602871134877205,0.06052960082888603,0.3473946750164032,1.384333610534668,0.4113166630268097,0.5584543943405151,0.6468055248260498,0.6537943482398987,0.6610184907913208,0.6684873104095459,0.6761639714241028,0.6841567754745483,0.6923887133598328,0.7007958292961121,0.70952969789505,0.7105193734169006,0.6942504048347473,0.934819757938385,1.0732965469360352,1.0732965469360352,1.0732965469360352,1.0732965469360352,1.0732965469360352,1.0732965469360352,1.0732965469360352,1.0732965469360352,1.0732965469360352,1.0935431718826294,target_lookback,linear
climatology,-1,0,12,key,140207_2,,1.2105053456292918,0.6981724743512233,1.9396609048966047,1.9474832676022664,1.9184532547738347,0.270935960591133,522,,,0.08396632386480336,0.005755358633951806,0.03952543883236873,0.08447548786708506,0.816446480654266,2.546635720391538,1.141052449411627,1.1527977408819274,1.1649607274225737,1.1775530856582237,1.1905649540916439,1.2040177860974928,1.2179088271491634,1.2323171781525488,1.247220954239606,1.2626071107575898,1.2785843560211796,1.2907190144099874,1.935470970347458,1.935470970347458,1.935470970347458,1.935470970347458,1.935470970347458,1.935470970347458,1.935470970347458,1.935470970347458,1.935470970347458,1.935470970347458,1.935470970347458,1.9879761295256468,target_lookback,linear
ridge,-1,0,12,key,140207_2,,0.39010833161709974,0.1940240213991134,0.6222097496020608,0.4370129982846453,0.9565595171175668,0.270935960591133,522,,,0.08670823205271648,0.009027557485305697,0.04852429888467249,0.029971867659506147,0.20849086604371242,0.830333085224683,0.32444118553014983,0.37800544581910656,0.38334183714297376,0.38662453523933293,0.3729407950061979,0.37580498256351075,0.40422440116256536,0.4048953527971704,0.42432660363516334,0.43586771572575067,0.37857308456323396,0.41945639338360746,0.5459847705281946,0.6288435121816089,0.6335158512962388,0.6321778222171157,0.6027794756662446,0.6007146456250224,0.6396120328240751,0.6334342011491887,0.6568836847859096,0.6665421003332064,0.5716179353633432,0.6448464525997952,target_lookback,linear
transformer,1,4,12,key,140207_2,,0.42294591665267944,0.2109912931919098,0.674656331539154,0.4465031921863556,1.0693386793136597,0.270935960591133,522,0.9386973180076629,0.8882726430892944,0.08880504220724106,0.015126055106520653,0.045678701251745224,0.051046647131443024,0.2005772888660431,0.9056190848350525,0.3593378961086273,0.4182136356830597,0.4006267189979553,0.41413769125938416,0.43175598978996277,0.42825934290885925,0.4347879886627197,0.4567999839782715,0.4249556064605713,0.4212121069431305,0.44520604610443115,0.4483727514743805,0.6045862436294556,0.6956309676170349,0.6626619100570679,0.6792159080505371,0.698686420917511,0.6841809749603271,0.6892678141593933,0.7154103517532349,0.6559200286865234,0.6443460583686829,0.6713511943817139,0.6883741617202759,target_lookback,linear
routed,1,4,12,key,140207_2,,0.39315389630201214,0.19727939297295452,0.6271028528588013,0.4465031970661988,0.9565595171175668,0.270935960591133,522,,,0.08880504142247343,0.014170222706950073,0.042066363397375406,0.03482331005287579,0.19601754745879632,0.8398699087992795,0.2768147295436104,0.3159839295336151,0.3371574630446421,0.3626535762096816,0.3825844496476542,0.4132722955850351,0.4426673629755514,0.4485503124764436,0.44312725678673914,0.4395635295337263,0.40032626648095837,0.4512579799782951,0.46353725805026763,0.523167142308679,0.5577556739741268,0.5945058199249116,0.6189728164558682,0.6607580464759227,0.7017724966993295,0.7025526138075996,0.6854011397775454,0.6721993171379601,0.6030396682211528,0.6928374041230195,target_lookback,linear
transformer,2,33,12,key,140207_2,,0.34595686197280884,0.1962226778268814,0.5507180690765381,0.47997963428497314,0.7067420482635498,0.270935960591133,522,0.5766283524904214,0.3190649151802063,0.08196303248405457,0.008767581544816494,0.04087822884321213,0.06016335263848305,0.23146361112594604,0.7231508493423462,0.2876860499382019,0.3491402864456177,0.34725257754325867,0.32941123843193054,0.3335808217525482,0.35010653734207153,0.32404494285583496,0.32589253783226013,0.362661212682724,0.3847675323486328,0.35251879692077637,0.40953221917152405,0.48217248916625977,0.5795624256134033,0.573228120803833,0.5389827489852905,0.5383036732673645,0.5589550137519836,0.5111111998558044,0.5085747241973877,0.559553861618042,0.5867102146148682,0.5313745737075806,0.6290230751037598,target_lookback,linear
routed,2,33,12,key,140207_2,,0.4040729659922359,0.21632243555769975,0.6448799542511894,0.4799796272903342,0.9565595171175668,0.270935960591133,522,,,0.08196302975175425,0.009278490997311508,0.04378970729560809,0.042051940058414894,0.24445003449160002,0.8538845805521428,0.33383492961934436,0.3786603333149863,0.3862222872391111,0.3928175467941379,0.3951328078867043,0.4133198199944319,0.4365496027318706,0.43325194985775584,0.4461472565901838,0.44901328340517965,0.3664738846285444,0.41968311444611056,0.56141664437289,0.631068181079988,0.6385892169723126,0.643617654914818,0.6397359614192798,0.6620237867466743,0.6913128782697702,0.6784766619023356,0.6905052140013207,0.6865396101453851,0.5526094130403413,0.64471782438274,target_lookback,linear
transformer,0,3,12,key,140214_1,,0.7978469729423523,0.3436073660850525,1.294694423675537,0.6801268458366394,2.3658599853515625,0.23636363636363636,726,0.8691460055096418,0.8620773553848267,0.040634069591760635,0.02504938468337059,0.024774784222245216,0.09609878063201904,0.46686768531799316,1.7328742742538452,0.4901805818080902,0.678372323513031,0.8059453368186951,0.8140367269515991,0.8181257843971252,0.8235275149345398,0.8288634419441223,0.8403323292732239,0.8471178412437439,0.8499681353569031,0.8704562783241272,0.8745822906494141,0.8285140991210938,1.1362075805664062,1.3431634902954102,1.3423292636871338,1.3426166772842407,1.3397703170776367,1.3376479148864746,1.3442307710647583,1.3448307514190674,1.336722493171692,1.3570942878723145,1.3822792768478394,target_lookback,linear
routed,0,3,12,key,140214_1,,0.39464688167993633,0.1973484164403654,0.6376523335372124,0.6801268784214007,0.47515013368633513,0.23636363636363636,726,,,0.040634067297372865,0.022230232711646286,0.0354200358074933,0.09676970230831237,0.30178953931407587,0.8328501089249931,0.21129927968203074,0.29887811933328257,0.37623865249798355,0.4255065842842856,0.39982122990150715,0.4161997512774561,0.4269479711411966,0.45162539312304056,0.45507311364688735,0.4398074861061586,0.4085178100612614,0.3818933570798882,0.35410125658977026,0.49526228735560607,0.6248068351841193,0.6967875830347274,0.6533654620184187,0.6739314430296833,0.6859275235144686,0.7193403172333346,0.7206070067607786,0.690049461220938,0.6349942799331595,0.6025501884665853,target_lookback,linear
persistence,-1,0,12,key,140214_1,,0.8672388792037964,0.3090488314628601,1.4084042310714722,0.41894206404685974,2.797342300415039,0.23636363636363636,726,,,0.03878471255302429,0.002299494808539748,0.03900054842233658,0.04353095218539238,0.4605136513710022,1.8961018323898315,0.5104096531867981,0.7174776792526245,0.8808343410491943,0.887796938419342,0.8949273824691772,0.9022326469421387,0.9096400737762451,0.9172343015670776,0.9250588417053223,0.933049738407135,0.9412545561790466,0.9399836659431458,0.8634366393089294,1.2049274444580078,1.46846342086792,1.46846342086792,1.46846342086792,1.46846342086792,1.46846342086792,1.46846342086792,1.46846342086792,1.46846342086792,1.46846342086792,1.4859861135482788,target_lookback,linear
climatology,-1,0,12,key,140214_1,,1.4550602327698048,0.8250578004168081,2.361418863935828,2.2091251147661937,2.7973425486638517,0.23636363636363636,726,,,0.12944249238890973,0.008073520898929196,0.08539567227556215,0.09357232950383844,0.9144443679822917,3.144592940041164,1.3938288503702032,1.4044069740796647,1.4152328558263323,1.426420272632277,1.4378772758701648,1.449615019142487,1.461595362228072,1.4738785778748853,1.4864996783640068,1.4994274730658084,1.5127005068821784,1.520318565178993,2.35791888670204,2.35791888670204,2.35791888670204,2.35791888670204,2.35791888670204,2.35791888670204,2.35791888670204,2.35791888670204,2.35791888670204,2.35791888670204,2.35791888670204,2.4013019718141533,target_lookback,linear
ridge,-1,0,12,key,140214_1,,0.422555258654432,0.2180257716545349,0.6845736159059757,0.7374389000300164,0.47515013368633513,0.23636363636363636,726,,,0.03422606520242281,0.012652096481181685,0.036429954524015616,0.06895739344726845,0.420156891970746,0.8569593257051368,0.279555448698051,0.31950685774466614,0.3724419900451315,0.40315380391166183,0.41879134199125306,0.4495870171496683,0.4539353546725646,0.4514823629893264,0.4715160937274982,0.4840611472344303,0.4795098483880837,0.4670635649839954,0.4715604838779044,0.5352326802404186,0.6191440563070607,0.664959980585193,0.6846988627657419,0.7292274820177004,0.7300741183225601,0.720208618732831,0.7467492389967111,0.7609240803970437,0.74770593728272,0.7380003378555331,target_lookback,linear
transformer,1,6,12,key,140214_1,,0.5861253142356873,0.2667176425457001,0.9508872628211975,0.5758580565452576,1.659530520439148,0.23636363636363636,726,0.7865013774104683,0.696124255657196,0.04886480048298836,0.014414011500775814,0.03826073929667473,0.055666450411081314,0.33260682225227356,1.2751883268356323,0.4497831463813782,0.51834636926651,0.6099032759666443,0.5996111035346985,0.5559066534042358,0.5902147889137268,0.6125737428665161,0.6319058537483215,0.6199911832809448,0.6009523868560791,0.6251831650733948,0.6162528991699219,0.759637176990509,0.8680087327957153,1.0157722234725952,0.9914553761482239,0.9107277393341064,0.9595205783843994,0.9884065985679626,1.0107758045196533,0.9836421608924866,0.9442903995513916,0.9750946164131165,0.9737142324447632,target_lookback,linear
routed,1,6,12,key,140214_1,,0.34282415788551873,0.18515118881916245,0.5537098790495382,0.5758580598630959,0.47515013368633513,0.23636363636363636,726,,,0.04886480145231074,0.010405568544458201,0.03637462632872789,0.07868286435067218,0.36098557359807426,0.6833477475302554,0.17946733268741738,0.24120833908739173,0.3067474139857996,0.33917200166596595,0.351148991381503,0.3301896711270992,0.3281522814568882,0.3910957197692056,0.39547482314965904,0.3855242948326486,0.3941503542641355,0.4290546878011389,0.29966333261526285,0.39857235262913315,0.5070874742195723,0.558274869631704,0.572066853179908,0.5336947152254397,0.5260362169810976,0.6224891598976032,0.625014971377137,0.6041615506994867,0.614344736127977,0.6774364182228103,target_lookback,linear
transformer,2,22,12,key,140214_1,,0.26227524876594543,0.12923994660377502,0.42437830567359924,0.30859020352363586,0.6740096807479858,0.23636363636363636,726,0.8112947658402204,0.362493097782135,0.04230519384145737,0.013010319322347641,0.021557290107011795,0.03847891092300415,0.22700905799865723,0.5450268983840942,0.3019249737262726,0.20096515119075775,0.2217710018157959,0.24182023108005524,0.22110983729362488,0.2517350912094116,0.26808857917785645,0.25065878033638,0.26975882053375244,0.2781538963317871,0.3183998167514801,0.3087524473667145,0.5089340806007385,0.33568257093429565,0.3687188923358917,0.39879894256591797,0.3608246445655823,0.40825074911117554,0.43191879987716675,0.40049993991851807,0.4263383448123932,0.43414929509162903,0.49565839767456055,0.4870431423187256,target_lookback,linear
routed,2,22,12,key,140214_1,,0.2210538718084084,0.11780151228346626,0.3550813586724965,0.3085902266826854,0.47515013368633513,0.23636363636363636,726,,,0.04230519573363959,0.011958388140091902,0.0349665472679341,0.06870462517445101,0.29678926650154736,0.40081319509369534,0.1779627758374814,0.1732469840877889,0.21565254149042426,0.2432263040180064,0.22742814566150865,0.22574836715633378,0.24022359284126235,0.22257676012922994,0.23659114595758682,0.24071236380081532,0.23471829650526566,0.20871326075602684,0.29742604136783785,0.28745492220546365,0.3561120223156846,0.39866496784563027,0.36714898746312374,0.36101511347774834,0.3824920885372062,0.35094853862398007,0.3716499476184667,0.37664517855714874,0.36466625959011406,0.3283197418011059,target_lookback,linear
transformer,0,4,12,key,140214_2,,0.6846308708190918,0.33558380603790283,1.0698896646499634,1.1777780055999756,0.7531869411468506,0.29577464788732394,522,0.8544061302681992,0.8727636337280273,0.0696699395775795,0.017769578844308853,0.05593663826584816,0.053715117275714874,0.24055127799510956,1.4836690425872803,0.46538588404655457,0.6275258660316467,0.6691910028457642,0.6707988977432251,0.6834121942520142,0.6812098622322083,0.7090561389923096,0.7289716601371765,0.7448608875274658,0.7483729124069214,0.7577449679374695,0.7344024181365967,0.7651548981666565,1.0220149755477905,1.078621745109558,1.0714123249053955,1.0790995359420776,1.0637831687927246,1.0947461128234863,1.1106913089752197,1.1232635974884033,1.114270567893982,1.1459465026855469,1.1285499334335327,target_lookback,linear
routed,0,4,12,key,140214_2,,0.7661224981404318,0.3821817886426161,1.1978547459353563,1.1777779040539,1.2443536454467696,0.29577464788732394,522,,,0.06966993821338084,0.016421760169006018,0.05197095247062697,0.04503686320057254,0.22359512441476645,1.6677076596449016,0.4535417092557447,0.6490679530084881,0.7343508271062382,0.7225845911365485,0.7730248654361679,0.7901682388827445,0.8173248759649939,0.8407098500810609,0.8447918527724856,0.8369652703064131,0.8479123143994282,0.8679477993790872,0.7459398904588468,1.058115105133617,1.1853136049939212,1.154229326781092,1.2205924935142454,1.2339983038509454,1.2621679101199248,1.282604833434911,1.2742251053147438,1.2464779297091588,1.2827045380406614,1.3348568681632276,target_lookback,linear
persistence,-1,0,12,key,140214_2,,0.6243318319320679,0.32415324449539185,0.9757938385009766,1.0764923095703125,0.678322434425354,0.29577464788732394,522,,,0.070655956864357,0.00935399904847145,0.04254981502890587,0.0417429655790329,0.40366631746292114,1.311288595199585,0.47237852215766907,0.6202549338340759,0.6111087799072266,0.6177008748054504,0.6245223879814148,0.6315692663192749,0.638870894908905,0.6464317440986633,0.6541441679000854,0.6621376276016235,0.6616405844688416,0.6611169576644897,0.7775528430938721,1.0112438201904297,0.9857755303382874,0.9857755303382874,0.9857755303382874,0.9857755303382874,0.9857755303382874,0.9857755303382874,0.9857755303382874,0.9857755303382874,1.0008076429367065,1.0174534320831299,target_lookback,linear
climatology,-1,0,12,key,140214_2,,0.5898892241521795,0.3697754700001107,0.9201399873802397,1.0044913366584713,0.6783224079478486,0.29577464788732394,522,,,0.09941625477773752,0.010472143223256257,0.028409474877419787,0.0858740640671327,0.6941952541397867,1.0960274550779403,0.5581013201995186,0.5638040773323315,0.569756828247983,0.5759007959340879,0.5822601117629533,0.5888287155737043,0.5956362098321892,0.6026854041414529,0.6098585929360745,0.6172922582885012,0.6155652243927888,0.6137420438300768,0.9172481288754145,0.9172481288754145,0.9172481288754145,0.9172481288754145,0.9172481288754145,0.9172481288754145,0.9172481288754145,0.9172481288754145,0.9172481288754145,0.9172481288754145,0.9292661977486325,0.9426033867300955,target_lookback,linear
ridge,-1,0,12,key,140214_2,,0.5951420271944013,0.31329140952874124,0.9278438264671409,0.7563960591458186,1.2443536454467696,0.29577464788732394,522,,,0.11036823264699328,0.025664082230005502,0.06333851817491425,0.05437044946752424,0.2656969083957445,1.2764171444434398,0.401696604720258,0.560410522253952,0.5642207496845711,0.5542076221080752,0.6081520618737325,0.6431432436968895,0.6547466317519662,0.6509725868491981,0.6285492898666885,0.6186114293782417,0.6170879674670636,0.6363021797095577,0.6571770265971173,0.9087062293425444,0.907989898102181,0.882246996534259,0.9578456369067988,1.0022082122761236,1.009130122280393,0.9908153711201937,0.944842008990942,0.9185034101208706,0.931237058208882,0.9775730351053146,target_lookback,linear
transformer,1,4,12,key,140214_2,,0.6509246230125427,0.3211663067340851,1.0169007778167725,1.0546190738677979,0.9208977818489075,0.29577464788732394,522,0.8716475095785441,0.9393543601036072,0.08661629259586334,0.01885502226650715,0.05274620279669762,0.03309696167707443,0.20020972192287445,1.4143829345703125,0.46326589584350586,0.615236222743988,0.634276807308197,0.6420480608940125,0.662512481212616,0.6824343800544739,0.691720187664032,0.6827508211135864,0.6722163558006287,0.6743115782737732,0.7130588889122009,0.682044506072998,0.761854350566864,1.0027462244033813,1.0235857963562012,1.0245254039764404,1.0455247163772583,1.0649505853652954,1.0672365427017212,1.0420182943344116,1.0127872228622437,1.002555251121521,1.0768802165985107,1.0474565029144287,target_lookback,linear
routed,1,4,12,key,140214_2,,0.7129031588396272,0.36255679954285835,1.1141080767936338,1.054619148199799,1.2443536454467696,0.29577464788732394,522,,,0.08661629398656406,0.01756595481509892,0.05000824115467047,0.0394125887186087,0.24841401768794172,1.5453153214250674,0.4584174996355543,0.6367046367521887,0.6666117567787235,0.6642646131272196,0.7211092328537563,0.7665235877408882,0.7953196895769459,0.7738329613436641,0.7478314725756223,0.7391600197127887,0.7877556848743508,0.7909099127208293,0.7540256899302685,1.0382045283618064,1.0757973914929713,1.0601561103075414,1.138336478011321,1.1964366791984866,1.22755118858391,1.1810797261163113,1.1271378608087566,1.099458521635904,1.1903174243053491,1.2157323791738903,target_lookback,linear
transformer,2,4,12,key,140214_2,,0.6417646408081055,0.3210862874984741,1.0028843879699707,1.0543516874313354,0.868148148059845,0.29577464788732394,522,0.8869731800766284,0.9260653853416443,0.07080116122961044,0.026786860078573227,0.050719231367111206,0.03867238387465477,0.23524293303489685,1.3891774415969849,0.4718431532382965,0.6368669867515564,0.6636390089988708,0.6627988219261169,0.6613132953643799,0.6624656915664673,0.6448906660079956,0.6731515526771545,0.6522570848464966,0.6587294936180115,0.6596848368644714,0.6494883298873901,0.7759321331977844,1.038712739944458,1.0705348253250122,1.0580819845199585,1.0439069271087646,1.0333462953567505,0.9954835176467896,1.0268940925598145,0.9825088977813721,0.979295551776886,0.998252272605896,0.9987028241157532,target_lookback,linear
routed,2,4,12,key,140214_2,,0.7126180040087173,0.36094249646275733,1.113929761271193,1.0543516446857237,1.2443536454467696,0.29577464788732394,522,,,0.07080116324247449,0.02634906058969209,0.050899146436356554,0.04324487910954996,0.25202129268409984,1.544493712510391,0.4624793442947166,0.6602612275069117,0.6985955744002964,0.6725147044056481,0.7208516804312425,0.7653056369850082,0.7741912990290922,0.7911010103544437,0.753193925380158,0.7314119834658824,0.7365487395826379,0.7764389572521851,0.7604939471468057,1.0770082084421362,1.126975520870818,1.0737026827857703,1.1377788220259513,1.1944333469828219,1.1955875360028851,1.2070804435350788,1.1350807199555413,1.0879112122188945,1.1147699943864233,1.1947114049872705,target_lookback,linear
transformer,0,3,12,key,140227_1,,0.41292694211006165,0.1587650179862976,0.6950482130050659,0.3291206955909729,2.2700929641723633,0.07428571428571429,2538,0.9605988967691096,0.8744289875030518,0.12675383687019348,0.012861916795372963,0.07181122153997421,0.04421035945415497,0.2541675269603729,0.9203455448150635,0.3139001727104187,0.3807772994041443,0.4229614734649658,0.40737205743789673,0.41920024156570435,0.40074843168258667,0.4189915955066681,0.43963244557380676,0.43822965025901794,0.43037134408950806,0.44601914286613464,0.42452189326286316,0.5328571200370789,0.646199107170105,0.7169984579086304,0.6885332465171814,0.7072705030441284,0.6751288175582886,0.704633355140686,0.7379236221313477,0.7347208261489868,0.7178415060043335,0.7430043816566467,0.7095574140548706,target_lookback,linear
routed,0,3,12,key,140227_1,,0.29275168026447135,0.13864917510015407,0.4871731179086629,0.3291206856017494,1.358341161131473,0.07428571428571429,2538,,,0.1267538461950193,0.011971517651779588,0.06905399139159961,0.04371264751963796,0.21872306887202117,0.6341419435736888,0.25792250280655826,0.29789220316409215,0.3161957681989229,0.29717004689593646,0.2991704690920855,0.2998166611827344,0.29424109345774774,0.2845243080441935,0.28542175500099526,0.29708888907975406,0.29176507123111706,0.2883076228149936,0.434749195372083,0.5015485673656422,0.5308445576810678,0.49685836006603135,0.499586495910664,0.5007324103444386,0.4895174310217117,0.4706369566823724,0.47243287328054334,0.4888980949421277,0.4788994893026198,0.47504199455675367,target_lookback,linear
persistence,-1,0,12,key,140227_1,,0.4558243155479431,0.1576305776834488,0.7699966430664062,0.34824687242507935,2.5436182022094727,0.07428571428571429,2538,,,0.12620475888252258,0.0025716684758663177,0.05438363179564476,0.029122650623321533,0.29435640573501587,1.0164440870285034,0.32270583510398865,0.4090821444988251,0.4671911895275116,0.4682811498641968,0.4693787693977356,0.47048404812812805,0.4715486764907837,0.47263097763061523,0.4737602770328522,0.47488176822662354,0.4760010838508606,0.47426292300224304,0.5494502186775208,0.6968451142311096,0.7954176664352417,0.7954176664352417,0.7954176664352417,0.7954176664352417,0.7954176664352417,0.7954176664352417,0.7954176664352417,0.7954176664352417,0.7954176664352417,0.7959924340248108,target_lookback,linear
climatology,-1,0,12,key,140227_1,,1.1881458267963159,0.6460265669661087,2.019619938444685,1.9715435552481004,2.543618188263567,0.07428571428571429,2538,,,0.1500912385573354,0.009631326845964731,0.05628593938677133,0.08842607502568538,0.730067897609936,2.676295101776399,1.173162264124041,1.1758415819955612,1.178539647293141,1.1812898985511775,1.1840594954348282,1.1868486246763228,1.1896383401286141,1.1924519320681173,1.1953012739937048,1.1981648154871638,1.2010450013254224,1.2028133535282128,2.0186271384317163,2.0186271384317163,2.0186271384317163,2.0186271384317163,2.0186271384317163,2.0186271384317163,2.0186271384317163,2.0186271384317163,2.0186271384317163,2.0186271384317163,2.0186271384317163,2.0306595227578845,target_lookback,linear
ridge,-1,0,12,key,140227_1,,1.3890800126622085,0.665577707544735,2.3626502583343703,2.425283696439659,1.358341161131473,0.07428571428571429,2538,,,0.15086757122297362,0.016249327372525577,0.06360615176348375,0.0543607442725306,0.7653983969565742,3.1507416666687384,0.8078171419131263,1.1236785026347371,1.271026032581738,1.3044434242268166,1.326158125706291,1.3942002984183817,1.5432517247570157,1.5897564493021208,1.623781151679235,1.5782141987114124,1.53482538627533,1.3841211911407967,1.390129724876874,1.9300613928347001,2.1787315236408467,2.231143499479996,2.262764443965208,2.373286029008947,2.621031057929974,2.6932215746777337,2.7439648313582,2.659835713714878,2.5803795358242705,2.3373126180475414,target_lookback,linear
transformer,1,4,12,key,140227_1,,0.4374433159828186,0.1964946836233139,0.7376455068588257,0.48626911640167236,2.0923855304718018,0.07428571428571429,2538,0.9278959810874704,0.7955293655395508,0.12532104551792145,0.009206105954945087,0.06140316650271416,0.05441168323159218,0.32571080327033997,0.9618004560470581,0.3585187494754791,0.4686431884765625,0.4986012876033783,0.5059884786605835,0.45816922187805176,0.43466052412986755,0.4320457875728607,0.4250551462173462,0.43503493070602417,0.3865913152694702,0.3931727409362793,0.42586344480514526,0.6108843088150024,0.7998768091201782,0.8492521047592163,0.8604667782783508,0.7756487131118774,0.733610212802887,0.7278783917427063,0.7129921317100525,0.7288824915885925,0.6414705514907837,0.6545279026031494,0.7107468843460083,target_lookback,linear
routed,1,4,12,key,140227_1,,0.3556447105829201,0.18123856703236985,0.5966205689054549,0.48626910979539306,1.358341161131473,0.07428571428571429,2538,,,0.12532104555908724,0.009073167736624728,0.06168439203272512,0.05387230899469712,0.3076549836617239,0.7636764339552295,0.29508299810724636,0.37901931454867804,0.40868200487979656,0.3980631588731322,0.3667140866632749,0.36952365589797315,0.35121567557675903,0.34436538646200854,0.36003221533087965,0.32636435602901614,0.3229390531528742,0.3261564436913114,0.500192709122914,0.6440752397833324,0.6932987690926241,0.6739944797729661,0.6177205518247815,0.6213859789863007,0.5889026815275292,0.5744638945571902,0.6004392052891042,0.537736084691916,0.5345923656013596,0.5391013624183313,target_lookback,linear
transformer,2,3,12,key,140227_1,,0.41378116607666016,0.16622933745384216,0.6965121626853943,0.3524520993232727,2.2321701049804688,0.07428571428571429,2538,0.9558707643814027,0.8715787529945374,0.12693876028060913,0.009918522089719772,0.06626749783754349,0.0553179532289505,0.27134642004966736,0.9181469082832336,0.3189050853252411,0.3839012682437897,0.40211591124534607,0.42425546050071716,0.4095207452774048,0.4147046208381653,0.42567023634910583,0.427905797958374,0.4334478974342346,0.44270193576812744,0.4258435368537903,0.44570451974868774,0.5418499708175659,0.6518194675445557,0.6807273626327515,0.7188830971717834,0.6910595893859863,0.6975377798080444,0.7160505056381226,0.7161581516265869,0.7252642512321472,0.740120530128479,0.7096582651138306,0.7461529970169067,target_lookback,linear
routed,2,3,12,key,140227_1,,0.3014523878000007,0.1474110017879033,0.5020541793210522,0.3524520857908827,1.358341161131473,0.07428571428571429,2538,,,0.1269387702783619,0.009549119254276005,0.06661042404908751,0.055679685492323,0.23793718847177459,0.6496369105867796,0.2623687841957405,0.3051597335830827,0.3218441365851875,0.302461316031503,0.30358442616972925,0.30924908700012405,0.3127028128095381,0.29683277878418746,0.29712091994535367,0.30555081700219083,0.2963997101197827,0.30081598773253615,0.4427749690806908,0.5138670561709634,0.5403940042799653,0.5070666915003217,0.5070693042241702,0.514577770936109,0.5212482768133485,0.4894831818356629,0.4908239646645684,0.5054496329744795,0.4883783117945362,0.49727257311502004,target_lookback,linear
transformer,0,3,12,key,140313_1,,0.6034039855003357,0.3108515441417694,0.9576655626296997,0.9685277342796326,0.7418946623802185,0.053974484789008834,2658,0.6847253574115877,0.8164969086647034,0.16930514574050903,0.03346613794565201,0.1784764975309372,0.13772845268249512,0.658808171749115,1.1200377941131592,0.4349766969680786,0.5565474033355713,0.5966909527778625,0.6242867708206177,0.6137327551841736,0.6191233992576599,0.6255654692649841,0.6236779093742371,0.6262335777282715,0.6242231130599976,0.6321461796760559,0.6408577561378479,0.6945515275001526,0.8865289092063904,0.9504086971282959,0.9998264312744141,0.9777327179908752,0.9805923700332642,0.9925435185432434,0.9825926423072815,0.9898985028266907,0.9829592108726501,0.9964845180511475,1.0140410661697388,target_lookback,linear
routed,0,3,12,key,140313_1,,0.606127203924901,0.3109631612228203,0.9621286427161203,0.9685276871413127,0.842112441859041,0.053974484789008834,2658,,,0.16930514692825055,0.03335514197766925,0.17924300016097672,0.13657663532405256,0.6555834222094431,1.1278281576226832,0.43439950391698384,0.5517986020250439,0.6007191372159393,0.6282278442592746,0.6198791380357348,0.624133247969321,0.6274162568796379,0.6242759990000801,0.6288320345114148,0.6267361457536788,0.6373429698238928,0.6454859156262992,0.6938063601432676,0.8789197657215371,0.9565381490134007,1.006127696927131,0.9879664530246425,0.9887229910081452,0.9956307133694464,0.9835053730586494,0.9943110072853586,0.9870558432109284,1.0048999883932213,1.0215616097071138,target_lookback,linear
persistence,-1,0,12,key,140313_1,,0.6068935394287109,0.3214929699897766,0.9650312662124634,0.9782726764678955,0.6930167078971863,0.053974484789008834,2658,,,0.162364661693573,0.02985091134905815,0.16848184168338776,0.13129417598247528,0.6771740913391113,1.1231215000152588,0.4373002052307129,0.5599676966667175,0.6044710874557495,0.6215142607688904,0.622671365737915,0.6271300911903381,0.6285441517829895,0.6299619078636169,0.6310096979141235,0.6321589350700378,0.6332306265830994,0.6319422721862793,0.7005906701087952,0.8957314491271973,0.967439591884613,0.9933301210403442,0.9929437637329102,0.9979682564735413,0.9979682564735413,0.9979682564735413,0.9979682564735413,0.9979682564735413,0.9979682564735413,0.9994158744812012,target_lookback,linear
climatology,-1,0,12,key,140313_1,,0.9897422109638707,0.609027933579434,1.5844519597795175,1.6205924333890023,0.6930166468061926,0.053974484789008834,2658,,,0.16712669245661566,0.019003067526542385,0.14062442305244374,0.28130307394102966,1.867158557880814,1.3524271468124631,0.9780392592662667,0.9801678886739107,0.9823212443619784,0.9845113926392182,0.9867163083888401,0.9889341374216746,0.9911669664071118,0.9934112673223713,0.9954302118029748,0.9975228734326026,0.99957582903342,1.00014558494876,1.58390815262181,1.58390815262181,1.58390815262181,1.58390815262181,1.58390815262181,1.58390815262181,1.58390815262181,1.58390815262181,1.58390815262181,1.58390815262181,1.58390815262181,1.590492498177216,target_lookback,linear
ridge,-1,0,12,key,140313_1,,1.2171244731662607,0.7023881956064244,1.9576247457832352,2.002618827060499,0.842112441859041,0.053974484789008834,2658,,,0.1807977616736068,0.0275130763344653,0.16493522380529937,0.13449269502517774,1.3363691553836519,2.2937681762802264,0.7288607206111305,0.9894325198281887,1.221423507036989,1.2694239712870208,1.3823498486485986,1.4277187183230255,1.4351068989921199,1.3763389456058228,1.2606233698112135,1.1628913195063089,1.0871114549666412,1.0741620602485167,1.1823122296514121,1.603062967499442,1.9789943955745304,2.0530254916566815,2.2315889825745243,2.2999697318131247,2.3070092398105424,2.2069116963119555,2.0154778336739443,1.8536211537978522,1.727675794157456,1.712429973991946,target_lookback,linear
transformer,1,5,12,key,140313_1,,0.6337962746620178,0.3660989999771118,1.0080705881118774,0.991878867149353,1.258486032485962,0.053974484789008834,2658,0.581640331075997,0.802215576171875,0.16541263461112976,0.04068942368030548,0.17566539347171783,0.13484413921833038,0.6808448433876038,1.184122085571289,0.4325176477432251,0.5644176006317139,0.6366866230964661,0.6409023404121399,0.6521281003952026,0.6666109561920166,0.6697103381156921,0.6445388197898865,0.6645993590354919,0.6594835519790649,0.6750823855400085,0.665257453918457,0.6920336484909058,0.9013427495956421,1.0189720392227173,1.0228006839752197,1.0395209789276123,1.0622423887252808,1.0649967193603516,1.0206890106201172,1.0517280101776123,1.0409904718399048,1.0650155544281006,1.0539435148239136,target_lookback,linear
routed,1,5,12,key,140313_1,,0.6193788820494368,0.3579934404632966,0.9843771982453294,0.9918788514111009,0.842112441859041,0.053974484789008834,2658,,,0.16541263324885722,0.04061093655193956,0.17620055692714848,0.13483076665687413,0.6654401180386633,1.1560506178249512,0.4338439695481827,0.5625401395424169,0.6204554393239131,0.6293896005547902,0.6387406670633166,0.6509973770552133,0.6503960268510116,0.6256345436004673,0.6423143258411694,0.641991490470334,0.656633617761174,0.6514450363026439,0.6942941743484744,0.8979040132903483,0.992353077036784,1.00349322646738,1.017391363890793,1.036503762076361,1.033648703180941,0.9899874805682113,1.0151433544842352,1.012446193983632,1.0351503088493756,1.0315186708489938,target_lookback,linear
transformer,2,4,12,key,140313_1,,0.5863310098648071,0.32056498527526855,0.9290770888328552,0.9313968420028687,0.887432336807251,0.053974484789008834,2658,0.7054176072234764,0.7732216715812683,0.17073331773281097,0.03631224110722542,0.18240532279014587,0.13810551166534424,0.6786780953407288,1.0697286128997803,0.43550819158554077,0.5436704754829407,0.5777391195297241,0.5882062911987305,0.592753529548645,0.6067399978637695,0.6053053140640259,0.607265055179596,0.6103712320327759,0.6109415292739868,0.6201456189155579,0.6188711524009705,0.6965376138687134,0.8680678606033325,0.9230936169624329,0.9373373985290527,0.939016580581665,0.9592002630233765,0.9590334296226501,0.9596908092498779,0.9630667567253113,0.964391827583313,0.9697657823562622,0.9742942452430725,target_lookback,linear
routed,2,4,12,key,140313_1,,0.5849331605088074,0.3201554877595742,0.9267974466279909,0.9313969055645838,0.842112441859041,0.053974484789008834,2658,,,0.17073332172767336,0.036279164766696084,0.18287696908137857,0.13671192252398326,0.6676939894547229,1.071196393665746,0.4342239501018191,0.542680554029435,0.5810239256538977,0.593186132409536,0.5964776328097658,0.6074399538377311,0.6005267145571437,0.5980156505758086,0.6027090512204171,0.6082059088355564,0.6179962531663558,0.61834917911273,0.6946346001106585,0.8662217350398775,0.9287982235338761,0.9453493194920525,0.9448108694578133,0.9599169017268945,0.9516590930042816,0.9449411557802506,0.9506686383190026,0.9599937627082166,0.9662564576286599,0.9734417158978751,target_lookback,linear
transformer,0,2,18,key,140120_1,,1.006898283958435,0.4526279866695404,1.6694856882095337,1.1625782251358032,3.722137689590454,0.11482254697286012,1326,0.6606334841628959,0.7567905187606812,0.17614643275737762,0.021886194124817848,0.09151337295770645,0.05002667009830475,1.0122711658477783,2.0916073322296143,0.6434468030929565,0.8532399535179138,1.013038992881775,1.0294030904769897,1.029817819595337,1.0512415170669556,1.0613124370574951,1.0674827098846436,1.0665158033370972,1.0777395963668823,1.0639228820800781,1.0654966831207275,1.0861225128173828,1.4385930299758911,1.703046202659607,1.7244218587875366,1.7170512676239014,1.7469173669815063,1.7541154623031616,1.7575750350952148,1.747599482536316,1.7566648721694946,1.7273777723312378,1.743416428565979,target_lookback,linear
routed,0,2,18,key,140120_1,,0.9066827962624081,0.4319112243911189,1.5019530797370875,1.1625781462661031,3.037598074912212,0.11482254697286012,1326,,,0.17614644621101028,0.021394884129212467,0.09255251487432921,0.05974264373782412,1.0172573680891037,1.8318781597450489,0.7110855971342481,0.9134224253935487,0.960350597429769,0.9322606227101401,0.9386426400035404,0.9415212969073289,0.9625993419483505,0.9717846204409236,0.9340968576842096,0.8985012800260398,0.845284260222437,0.8385236791779953,1.2022970407725098,1.541117840248665,1.6136454081287062,1.560574194074621,1.5634451667358096,1.5632316793954668,1.5894633218059542,1.5988884597710253,1.529154503365061,1.4622605429498978,1.37027480033831,1.3696677224544915,target_lookback,linear
persistence,-1,0,18,key,140120_1,,0.9819528460502625,0.4451623857021332,1.6282511949539185,1.162688136100769,3.5592241287231445,0.11482254697286012,1326,,,0.176591694355011,0.027495136484503746,0.07332804054021835,0.04756961762905121,0.9918652772903442,2.037937641143799,0.6285778880119324,0.8626123070716858,1.0031880140304565,1.0076169967651367,1.0121049880981445,1.016638159751892,1.0212410688400269,1.0259027481079102,1.0306334495544434,1.035408854484558,1.0402344465255737,1.0450993776321411,1.061637282371521,1.455055594444275,1.688321828842163,1.688321828842163,1.688321828842163,1.688321828842163,1.688321828842163,1.688321828842163,1.688321828842163,1.688321828842163,1.688321828842163,1.7097035646438599,target_lookback,linear
climatology,-1,0,18,key,140120_1,,2.3468957513762674,1.1373379293321972,3.900727893321012,3.94286008638234,3.5592237372270774,0.11482254697286012,1326,,,0.24581078478568558,0.011249233764870532,0.04926924296284713,0.09117119705882397,0.6972915813942576,5.337029552175854,2.2906174919846527,2.3005550519262172,2.310602571977549,2.3208038355604166,2.331141431490701,2.3416117605387097,2.352227998642484,2.3629880916490267,2.3738992424509266,2.3849536579460064,2.3961566302612853,2.4075064999638194,3.896667025483457,3.896667025483457,3.896667025483457,3.896667025483457,3.896667025483457,3.896667025483457,3.896667025483457,3.896667025483457,3.896667025483457,3.896667025483457,3.896667025483457,3.946253301025286,target_lookback,linear
ridge,-1,0,18,key,140120_1,,1.0334143850646669,0.48195442513665265,1.7128121415245656,1.4551221893537734,3.037598074912212,0.11482254697286012,1326,,,0.18980406783210033,0.011887023840414833,0.08741885323021759,0.0824467599910524,0.9530263680459817,2.1813419038649573,0.8588008078972904,1.051729857373299,1.0974160786742206,1.0551847546767874,1.0263747995127521,1.0105742685457741,1.0240803563760361,1.028611807749341,1.0756745422502334,1.0807118942135283,1.0512001569631593,1.0287627693249275,1.4559751587983822,1.7765414410638407,1.847978593219685,1.767934649838641,1.7111860335737066,1.676297975038398,1.6911767862251426,1.6911978495093358,1.7608695355320285,1.76093868948952,1.7040159895389717,1.679799247807919,target_lookback,linear
transformer,1,7,18,key,140120_1,,0.9957399368286133,0.442692369222641,1.6507192850112915,1.2263456583023071,3.4838614463806152,0.11482254697286012,1326,0.7564102564102564,0.7254886627197266,0.17698320746421814,0.014144915156066418,0.09404658526182175,0.05594228208065033,1.052882194519043,2.0447096824645996,0.627191960811615,0.8027925491333008,0.9352200627326965,0.9389872550964355,0.9801180362701416,1.0099645853042603,1.0766562223434448,1.1061874628067017,1.1023123264312744,1.103986144065857,1.0947221517562866,1.0922478437423706,1.0594390630722046,1.3522322177886963,1.5722367763519287,1.5728131532669067,1.633779525756836,1.6762840747833252,1.7793210744857788,1.8207485675811768,1.8053679466247559,1.8004423379898071,1.7771048545837402,1.7872568368911743,target_lookback,linear
routed,1,7,18,key,140120_1,,0.9332464713770465,0.43073930516403275,1.5461911715918029,1.2263456279657956,3.037598074912212,0.11482254697286012,1326,,,0.1769832137020296,0.01310798865927397,0.09498748899185065,0.06517257984539461,1.0581157495565638,1.8803468634502776,0.7062190375298044,0.910676669685672,0.9842640529809522,0.964961363796067,0.9690263036371427,0.9673262497550387,0.9983986506143915,1.0143091686778558,0.9680626457638751,0.922849144082709,0.8775288635193872,0.8794044004948594,1.1950108766311498,1.53640337989102,1.6555414724764868,1.6163507093006482,1.6147223956079606,1.6045066047101753,1.648683224189586,1.6683331433235093,1.5837863976755395,1.5030950889506673,1.422303892189206,1.4368199199732923,target_lookback,linear
transformer,2,2,18,key,140120_1,,1.0154463052749634,0.4593725800514221,1.6828746795654297,1.162822961807251,3.7737014293670654,0.11482254697286012,1326,0.6191553544494721,0.7270033955574036,0.18985669314861298,0.02777169644832611,0.08955128490924835,0.067806176841259,1.008590579032898,2.1134893894195557,0.654388964176178,0.8645618557929993,1.0164715051651,1.0345180034637451,1.040642261505127,1.0458505153656006,1.0562381744384766,1.067543387413025,1.0821828842163086,1.0874229669570923,1.0873949527740479,1.0908160209655762,1.1060271263122559,1.4582613706588745,1.7090020179748535,1.7316137552261353,1.7334548234939575,1.7351568937301636,1.745924711227417,1.7565553188323975,1.773101806640625,1.7728923559188843,1.7638014554977417,1.78242027759552,target_lookback,linear
routed,2,2,18,key,140120_1,,0.9073672788494207,0.43761855923401244,1.502120849948158,1.162822994650597,3.037598074912212,0.11482254697286012,1326,,,0.18985669062134639,0.027460663491698782,0.09201747193371469,0.07194646608811592,1.0145685398888415,1.8334821582404168,0.7143490852010462,0.9175089064545897,0.9596148349387482,0.9377962084910572,0.9300868212151424,0.9316505460460194,0.9649002340040407,0.9778832175391082,0.938085945049404,0.8928495754981275,0.8496596148066651,0.8429839294514642,1.2088354535200552,1.5485949159959773,1.6124942101708017,1.5680255088332522,1.5474173901561692,1.5437309957471137,1.5934997696773225,1.6077394948560106,1.535463180853284,1.4533423634875196,1.3750104251703232,1.3735769571598286,target_lookback,linear
transformer,0,10,18,key,140206_1,,0.8458468317985535,0.4045066833496094,1.353725790977478,1.515539526939392,0.7636889815330505,0.270935960591133,522,0.6206896551724138,0.719845175743103,0.08434859663248062,0.05488130450248718,0.06533463299274445,0.06376959383487701,0.5044025778770447,1.8951399326324463,0.646526575088501,0.7845835089683533,0.8179200291633606,0.8377538323402405,0.8787100911140442,0.9424307942390442,0.9382482767105103,0.9286870360374451,0.8737277388572693,0.8225770592689514,0.8424493074417114,0.8234425783157349,1.0921422243118286,1.3154484033584595,1.3577183485031128,1.374801754951477,1.4278125762939453,1.5129194259643555,1.4908864498138428,1.4573888778686523,1.3557380437850952,1.2570160627365112,1.2731679677963257,1.2679210901260376,target_lookback,linear
routed,0,10,18,key,140206_1,,0.8494447414648851,0.41748566385914637,1.3584176833314892,1.5155395678193142,0.7938434629762853,0.270935960591133,522,,,0.08434859290561043,0.05502181664364615,0.07612843622150564,0.10437590728362328,0.5477599369908251,1.888813656514642,0.6125632794475444,0.780328241793066,0.8362170784513303,0.8504284581277017,0.8872548589250712,0.9553168168794003,0.9474937174283687,0.939657188069555,0.8799291007663265,0.8242887016829367,0.8459443484929534,0.8079223195682859,1.0333994912280413,1.3053129420533363,1.3841830458853321,1.3938915739983297,1.4393527923358702,1.532580416687575,1.5051584071481787,1.4748285310929654,1.365362084446916,1.2601800016064924,1.2784732655507989,1.2439818936957507,target_lookback,linear
persistence,-1,0,18,key,140206_1,,0.8583722114562988,0.40919268131256104,1.3749645948410034,0.9642476439476013,2.1156158447265625,0.270935960591133,522,,,0.027968034148216248,0.05361480638384819,0.04978800565004349,0.06728704273700714,0.5078630447387695,1.9261877536773682,0.6255089640617371,0.8391647338867188,0.840667724609375,0.8497231006622314,0.8591010570526123,0.8686992526054382,0.878660261631012,0.8890320062637329,0.8997799754142761,0.9107316732406616,0.9220943450927734,0.9300126433372498,1.0602160692214966,1.4081981182098389,1.3958966732025146,1.3958966732025146,1.3958966732025146,1.3958966732025146,1.3958966732025146,1.3958966732025146,1.3958966732025146,1.3958966732025146,1.3958966732025146,1.4324803352355957,target_lookback,linear
climatology,-1,0,18,key,140206_1,,1.2033521550920792,0.6347547917568718,1.9264997725868906,1.8513031650617775,2.1156155964187855,0.270935960591133,522,,,0.1097301585902595,0.028114119389798523,0.0604878138206492,0.13165159725950348,0.5683022027507306,2.7364380888531215,1.1343151615812916,1.1460184422191066,1.158060595011711,1.1705564314720143,1.1834827621834352,1.1967763953904877,1.2105528597091595,1.2248598594409394,1.2396864084077648,1.2549227530946552,1.270735881956144,1.2843496051737102,1.922145767802541,1.922145767802541,1.922145767802541,1.922145767802541,1.922145767802541,1.922145767802541,1.922145767802541,1.922145767802541,1.922145767802541,1.922145767802541,1.922145767802541,1.976676265309587,target_lookback,linear
ridge,-1,0,18,key,140206_1,,0.6002032595628098,0.31581299326620527,0.9578370964173365,1.012030428183985,0.7938434629762853,0.270935960591133,522,,,0.07296892432392278,0.0391131580909285,0.06990023356365044,0.11078847291618482,0.42459766532699966,1.318744811927143,0.5165229806036349,0.5152490657696933,0.4862423561221665,0.4649206656976413,0.4765623836805746,0.4913778649412016,0.5538116941103581,0.6393322968998505,0.697834017126283,0.7396632044739279,0.7831239306527844,0.7981614355816217,0.8722518067969901,0.857717387205188,0.7999207787239802,0.7560566768546528,0.7677593541496549,0.7850985033205958,0.8767133481051745,1.0012556607062468,1.0806327543744663,1.13198327662955,1.1840915752625556,1.2279910509862306,target_lookback,linear
transformer,1,13,18,key,140206_1,,0.6902506351470947,0.3443632125854492,1.1046204566955566,1.1897978782653809,0.8332440853118896,0.270935960591133,522,0.6379310344827587,0.9315300583839417,0.059861693531274796,0.040256157517433167,0.05776124820113182,0.06598687171936035,0.432630330324173,1.5399905443191528,0.5978198647499084,0.6633814573287964,0.631237268447876,0.6552380919456482,0.6882110238075256,0.7062146067619324,0.7088510394096375,0.7229117155075073,0.7297728657722473,0.7375152707099915,0.7354140281677246,0.7271699905395508,1.0125758647918701,1.112808108329773,1.0452029705047607,1.0728431940078735,1.117911458015442,1.134796142578125,1.1256150007247925,1.1350668668746948,1.1322063207626343,1.1280734539031982,1.1124918460845947,1.1189582347869873,target_lookback,linear
routed,1,13,18,key,140206_1,,0.6861821076121039,0.35112940693625916,1.0967302928943856,1.1897978753860787,0.7938434629762853,0.270935960591133,522,,,0.05986169427068885,0.03997078233583105,0.07236399558976189,0.10364069893728811,0.48391720342786465,1.5107776077264639,0.5695340787347014,0.6625816946830176,0.6456492813164942,0.6640637432728382,0.6851660024410511,0.6943508390709845,0.7038373541408354,0.7177824924265779,0.7327900406708204,0.7538526334805647,0.7421950922700732,0.6771946686670861,0.9632376571357013,1.1080518604784928,1.0664423541180055,1.0838341779472258,1.1098661410998538,1.1139192021668853,1.1172219939926513,1.1262256161288065,1.1367376085234715,1.154093530667002,1.1227754350623336,1.0418164916175119,target_lookback,linear
transformer,2,12,18,key,140206_1,,0.8523153066635132,0.4081529676914215,1.364477515220642,1.5468358993530273,0.6581709384918213,0.270935960591133,522,0.6877394636015326,0.7560348510742188,0.08749717473983765,0.0324074886739254,0.05566073954105377,0.06765910983085632,0.5190805196762085,1.9069898128509521,0.6219034194946289,0.7587719559669495,0.784263014793396,0.8510130643844604,0.8862051367759705,0.9626606702804565,0.9407259225845337,0.9586109519004822,0.8816287517547607,0.8680785894393921,0.8669108152389526,0.8320467472076416,1.053434133529663,1.273352861404419,1.30221688747406,1.395362377166748,1.4394160509109497,1.5461729764938354,1.493857741355896,1.5049402713775635,1.3675646781921387,1.3309968709945679,1.3121250867843628,1.2773430347442627,target_lookback,linear
routed,2,12,18,key,140206_1,,0.8650842733060493,0.42847094824496007,1.3838976820434001,1.5468358458917042,0.7938434629762853,0.270935960591133,522,,,0.08749717629478894,0.03002982353556846,0.07341370138555342,0.10354306003328988,0.5526608032919719,1.9259701104305915,0.5937483623649336,0.7632098862469765,0.81061634128166,0.8756425489186023,0.9007247030624355,0.9765473142289306,0.9487690618075616,0.9649480034327252,0.8960388584506516,0.9004261198830651,0.8940878514911619,0.8343443545784169,1.0050115323648225,1.2779643936750873,1.3421783616027687,1.4338253274195045,1.4609644931331442,1.5672460058590811,1.5061762200044488,1.5151685054635502,1.3902301192404405,1.380400480864865,1.3533165742566096,1.2808974411437675,target_lookback,linear
transformer,0,75,18,key,140207_2,,0.3544125556945801,0.19204562902450562,0.5640235543251038,0.4398552179336548,0.8084208965301514,0.270935960591133,522,0.42528735632183906,0.254157692193985,0.08430780470371246,0.009167949669063091,0.05230223387479782,0.05381867289543152,0.19754661619663239,0.7507498860359192,0.30277836322784424,0.43868112564086914,0.41224125027656555,0.3746190369129181,0.33752012252807617,0.32414713501930237,0.33321842551231384,0.34820815920829773,0.3222755491733551,0.31696057319641113,0.30946120619773865,0.38957130908966064,0.5081342458724976,0.7310777306556702,0.6818005442619324,0.6114931702613831,0.5458370447158813,0.5168032050132751,0.5243870615959167,0.5436297059059143,0.4970090687274933,0.48223447799682617,0.4652664363384247,0.5972525477409363,target_lookback,linear
routed,0,75,18,key,140207_2,,0.4255361418368682,0.21374183842093383,0.6790813128079024,0.43985523267362,1.0869456084414764,0.270935960591133,522,,,0.08430779661279517,0.008835359278531988,0.05305811991415685,0.040351638807028106,0.20136314288641002,0.9116619145440423,0.33368028149369944,0.43488203624061195,0.39432769785232785,0.4039444385459727,0.39126220706659554,0.40520148756997304,0.45091416414965313,0.47016960797887564,0.48594826796760804,0.4843192631746663,0.4041240198605357,0.4472736260699328,0.5614437628908786,0.725459717606571,0.6524585270466223,0.6607519794087127,0.6341776031555988,0.6484403227166496,0.7137703889795144,0.7358871158322999,0.7521529731160876,0.740533859440861,0.6094591620904275,0.6865816852260778,target_lookback,linear
persistence,-1,0,18,key,140207_2,,0.6482312679290771,0.268417626619339,1.037318229675293,0.32888513803482056,1.9184532165527344,0.270935960591133,522,,,0.08945600688457489,0.006719331722706556,0.02602871134877205,0.06052960082888603,0.3473946750164032,1.384333610534668,0.4113166630268097,0.5584543943405151,0.6468055248260498,0.6537943482398987,0.6610184907913208,0.6684873104095459,0.6761639714241028,0.6841567754745483,0.6923887133598328,0.7007958292961121,0.70952969789505,0.7105193734169006,0.6942504048347473,0.934819757938385,1.0732965469360352,1.0732965469360352,1.0732965469360352,1.0732965469360352,1.0732965469360352,1.0732965469360352,1.0732965469360352,1.0732965469360352,1.0732965469360352,1.0935431718826294,target_lookback,linear
climatology,-1,0,18,key,140207_2,,1.2105053456292918,0.6981724743512233,1.9396609048966047,1.9474832676022664,1.9184532547738347,0.270935960591133,522,,,0.08396632386480336,0.005755358633951806,0.03952543883236873,0.08447548786708506,0.816446480654266,2.546635720391538,1.141052449411627,1.1527977408819274,1.1649607274225737,1.1775530856582237,1.1905649540916439,1.2040177860974928,1.2179088271491634,1.2323171781525488,1.247220954239606,1.2626071107575898,1.2785843560211796,1.2907190144099874,1.935470970347458,1.935470970347458,1.935470970347458,1.935470970347458,1.935470970347458,1.935470970347458,1.935470970347458,1.935470970347458,1.935470970347458,1.935470970347458,1.935470970347458,1.9879761295256468,target_lookback,linear
ridge,-1,0,18,key,140207_2,,0.4301313776457832,0.20594036367270474,0.6868270442016093,0.45605298657317617,1.0869456084414764,0.270935960591133,522,,,0.08116725852548573,0.00918280919080985,0.05125961835061777,0.03226768987118285,0.16893096062850066,0.9282121070693419,0.3324229602548089,0.3882064927272294,0.3997620842465513,0.42000283790582876,0.4183232031584878,0.4219514290837144,0.46012404038016014,0.4770804162823189,0.48068603579217994,0.48581330734626177,0.42131044559207176,0.4615272986397168,0.5600660496049462,0.64636912996987,0.661433963268083,0.6877320216116968,0.6775404689853785,0.6758395353575659,0.728991152029816,0.7474164019470982,0.7445664455297291,0.7432715315520574,0.6361961822586368,0.7093910912033726,target_lookback,linear
transformer,1,31,18,key,140207_2,,0.41951432824134827,0.20601537823677063,0.6696856617927551,0.4427114725112915,1.0620235204696655,0.270935960591133,522,0.5900383141762452,0.35471782088279724,0.08094506710767746,0.016770988702774048,0.037673432379961014,0.05179401487112045,0.16072659194469452,0.9056769609451294,0.33740323781967163,0.4043062627315521,0.3941231966018677,0.3981982469558716,0.4359339773654938,0.44500985741615295,0.45263198018074036,0.4427059590816498,0.45823341608047485,0.4330796003341675,0.4140584468841553,0.42130377888679504,0.5673395991325378,0.6750116944313049,0.653386116027832,0.6529847979545593,0.7057417035102844,0.7136033177375793,0.7178126573562622,0.6927614808082581,0.7089030146598816,0.6603162288665771,0.6248471736907959,0.6462549567222595,target_lookback,linear
routed,1,31,18,key,140207_2,,0.42608105564852516,0.2062122454353022,0.6804331526542831,0.44271148029242335,1.0869456084414764,0.270935960591133,522,,,0.08094507180880164,0.01371472650667787,0.042142827026342845,0.040023162622211735,0.15820129696579455,0.920995818181004,0.36004254080991893,0.4211231743222346,0.3925691941248636,0.40151349120939744,0.4094684080964506,0.4254201851200246,0.45283218124981095,0.4536571006068413,0.47606755314661414,0.4752860851067186,0.39593188280944963,0.4539841205440177,0.6068458653198466,0.7037711560006825,0.6504350023244816,0.6583354495267438,0.6631405781745513,0.6820409370720585,0.7179229313084512,0.7095835587307543,0.7374098271590865,0.7260921892727223,0.5972863651047179,0.696836938288779,target_lookback,linear
transformer,2,29,18,key,140207_2,,0.3705995976924896,0.20355290174484253,0.5896269083023071,0.5362383723258972,0.7137266397476196,0.270935960591133,522,0.47126436781609193,0.31994035840034485,0.09057119488716125,0.016489453613758087,0.05049258843064308,0.06028079614043236,0.20507755875587463,0.7851607799530029,0.33166390657424927,0.35826271772384644,0.3343084752559662,0.33231422305107117,0.37121352553367615,0.35521700978279114,0.37001127004623413,0.38501548767089844,0.39739009737968445,0.3905766010284424,0.41278979182243347,0.42058712244033813,0.55824214220047,0.5961642265319824,0.5520293116569519,0.5416164398193359,0.5974550843238831,0.5654306411743164,0.5835437774658203,0.6015504598617554,0.6128745675086975,0.594603419303894,0.6222046613693237,0.6445274353027344,target_lookback,linear
routed,2,29,18,key,140207_2,,0.45587376499667226,0.23203940851323945,0.7278331220415543,0.536238414507949,1.0869456084414764,0.270935960591133,522,,,0.09057119829657342,0.014805646244821322,0.04396094594537776,0.04433470672853022,0.20905982992857158,0.9784027170278417,0.3679295476096523,0.42237273763345995,0.4210259864214318,0.43701245789960386,0.45825036044416967,0.4522081854459397,0.47305506190421853,0.48890755985625867,0.5165824747372206,0.5166578103861467,0.4485801782486199,0.4755649232347402,0.6207311365014296,0.7057767214580207,0.697773093299995,0.7152827881091091,0.7420612866955567,0.7237976662307315,0.7493617340440634,0.7659835468875111,0.7993628623468251,0.7893170962986297,0.6766560603076265,0.729676867521261,target_lookback,linear
transformer,0,4,18,key,140214_1,,0.7079641222953796,0.3014911711215973,1.149161696434021,0.6174502372741699,2.0869414806365967,0.23636363636363636,726,0.8842975206611571,0.8640972971916199,0.06005456671118736,0.017130132764577866,0.02470397762954235,0.04793096333742142,0.42992085218429565,1.5342036485671997,0.5048579573631287,0.6257963180541992,0.6797163486480713,0.6932793259620667,0.723300039768219,0.733640730381012,0.7273077368736267,0.7557008266448975,0.7529099583625793,0.7294495701789856,0.7807009816169739,0.7829291224479675,0.8542145490646362,1.0503509044647217,1.133489966392517,1.146302342414856,1.1870859861373901,1.1942718029022217,1.1731772422790527,1.2078129053115845,1.1949126720428467,1.147289752960205,1.2162173986434937,1.237082600593567,target_lookback,linear
routed,0,4,18,key,140214_1,,0.36074646169343066,0.17758031015079187,0.5825253551059274,0.6174502443386654,0.45159432407245204,0.23636363636363636,726,,,0.06005456577863597,0.01605477778246417,0.03898198726918574,0.076716064712255,0.2572632650481278,0.7666992171563346,0.19111852118162184,0.25737149916796626,0.3263211794909356,0.3594349367169824,0.34062061605782135,0.37301094431204396,0.4017118395284359,0.3536070206224004,0.3616299723080399,0.41479009517472765,0.428852032613717,0.4744019850685292,0.32085515923617886,0.4270788892972592,0.5414206430918435,0.5914359274624206,0.5553574513456644,0.603582597681904,0.6436767179645334,0.5590013531594504,0.5714073354784194,0.6509741241269009,0.6655750809538646,0.7487130991364066,target_lookback,linear
persistence,-1,0,18,key,140214_1,,0.8672388792037964,0.3090488314628601,1.4084042310714722,0.41894206404685974,2.797342300415039,0.23636363636363636,726,,,0.03878471255302429,0.002299494808539748,0.03900054842233658,0.04353095218539238,0.4605136513710022,1.8961018323898315,0.5104096531867981,0.7174776792526245,0.8808343410491943,0.887796938419342,0.8949273824691772,0.9022326469421387,0.9096400737762451,0.9172343015670776,0.9250588417053223,0.933049738407135,0.9412545561790466,0.9399836659431458,0.8634366393089294,1.2049274444580078,1.46846342086792,1.46846342086792,1.46846342086792,1.46846342086792,1.46846342086792,1.46846342086792,1.46846342086792,1.46846342086792,1.46846342086792,1.4859861135482788,target_lookback,linear
climatology,-1,0,18,key,140214_1,,1.4550602327698048,0.8250578004168081,2.361418863935828,2.2091251147661937,2.7973425486638517,0.23636363636363636,726,,,0.12944249238890973,0.008073520898929196,0.08539567227556215,0.09357232950383844,0.9144443679822917,3.144592940041164,1.3938288503702032,1.4044069740796647,1.4152328558263323,1.426420272632277,1.4378772758701648,1.449615019142487,1.461595362228072,1.4738785778748853,1.4864996783640068,1.4994274730658084,1.5127005068821784,1.520318565178993,2.35791888670204,2.35791888670204,2.35791888670204,2.35791888670204,2.35791888670204,2.35791888670204,2.35791888670204,2.35791888670204,2.35791888670204,2.35791888670204,2.35791888670204,2.4013019718141533,target_lookback,linear
ridge,-1,0,18,key,140214_1,,0.39896283475502986,0.20988603208240436,0.6458449277999893,0.6950535309313477,0.45159432407245204,0.23636363636363636,726,,,0.033292862770834535,0.015023773410309723,0.03961533621630188,0.07405202281951473,0.37969835189939893,0.8157325849665193,0.25636308582405737,0.308518470104346,0.3889913371206354,0.4058956677450563,0.41858755292490635,0.43352228862176173,0.43347480853841786,0.4343841057322364,0.4202708493376591,0.4271431439771689,0.4350492318011248,0.4043565408455059,0.43148033617649245,0.5155379838921663,0.6459366912054354,0.6687945323073056,0.6838154337271595,0.7025702686814951,0.696850333799364,0.692918211761257,0.665401624390688,0.6714807867269371,0.678357034202557,0.6385507736175843,target_lookback,linear
transformer,1,6,18,key,140214_1,,0.6923305988311768,0.3210345506668091,1.123579740524292,0.8443168997764587,1.742967128753662,0.23636363636363636,726,0.8236914600550964,0.7543995976448059,0.06540432572364807,0.013154027052223682,0.0333184115588665,0.044483084231615067,0.32097330689430237,1.5222254991531372,0.47096148133277893,0.5839012861251831,0.6759853363037109,0.6890910863876343,0.6903246641159058,0.7065572738647461,0.7070509195327759,0.7079599499702454,0.740463376045227,0.7665364146232605,0.7741713523864746,0.7816765904426575,0.7908690571784973,0.980737030506134,1.1263543367385864,1.1387439966201782,1.1326804161071777,1.1498008966445923,1.1403504610061646,1.1320773363113403,1.1751388311386108,1.2062770128250122,1.207661747932434,1.2354824542999268,target_lookback,linear
routed,1,6,18,key,140214_1,,0.47551816732711316,0.2286875340916396,0.769790628669155,0.8443168839691957,0.45159432407245204,0.23636363636363636,726,,,0.06540432623807985,0.012284705273022545,0.03926407302430852,0.07491161735877763,0.2685828683499604,1.0324893330999017,0.22036770148234733,0.38282395410283815,0.4374610393774285,0.4428244393144627,0.464998541406657,0.4871135803086043,0.4580566321483686,0.47430108439065594,0.5333082715772918,0.584446971072876,0.5752746751144557,0.5813467228477582,0.35765070374053065,0.6412540594096827,0.7262401444535633,0.7293930974316583,0.7603768806221924,0.789929172522874,0.7359721938361573,0.756231402706843,0.8450299008706366,0.9191211379916496,0.8971903929992829,0.918575808767918,target_lookback,linear
transformer,2,3,18,key,140214_1,,0.792521595954895,0.31742149591445923,1.2868717908859253,0.5793894529342651,2.433469772338867,0.23636363636363636,726,0.8636363636363636,0.9193792939186096,0.048650048673152924,0.024685176089406013,0.019153069704771042,0.046849995851516724,0.42292410135269165,1.7320095300674438,0.5131289958953857,0.6686253547668457,0.8065231442451477,0.8047356605529785,0.8233780264854431,0.812294065952301,0.833850622177124,0.8357378840446472,0.8495622277259827,0.8407964110374451,0.8352184295654297,0.860184907913208,0.8672410845756531,1.1227428913116455,1.3443492650985718,1.3314428329467773,1.3513730764389038,1.3223994970321655,1.3459725379943848,1.3379549980163574,1.3486688137054443,1.3231562376022339,1.3017419576644897,1.3591208457946777,target_lookback,linear
routed,2,3,18,key,140214_1,,0.3417999746018549,0.170785727080115,0.551860581844001,0.5793894356639592,0.45159432407245204,0.23636363636363636,726,,,0.048650050523659664,0.021330022403457233,0.037287040156711894,0.07904788520670426,0.24119764811726174,0.7271050950813234,0.20322443456440867,0.28212951387936475,0.29473191357309897,0.32164768320450365,0.3227877024499229,0.36712369020452595,0.35268640563004183,0.36158291413857424,0.34965492159725764,0.39991178392979093,0.4119635259310259,0.4105469196097044,0.3385622245416669,0.4700626812702599,0.4875070503875823,0.5286446635237904,0.5253415983270381,0.5941312810472835,0.5651894592527202,0.5752028628516179,0.5523870836139737,0.6280097595008017,0.6397414420778572,0.6471370112742139,target_lookback,linear
transformer,0,5,18,key,140214_2,,0.6642953753471375,0.3312918543815613,1.0378576517105103,1.0800251960754395,0.9297930598258972,0.29577464788732394,522,0.8563218390804598,0.8542598485946655,0.08003271371126175,0.028576284646987915,0.0472724623978138,0.05172649025917053,0.2160375863313675,1.4418739080429077,0.4635474979877472,0.6048844456672668,0.6547837257385254,0.6559215784072876,0.6748197078704834,0.6843228340148926,0.6624136567115784,0.6824812889099121,0.7134067416191101,0.7286300659179688,0.7318140864372253,0.7218747138977051,0.7629591226577759,0.9860910773277283,1.0568021535873413,1.0466679334640503,1.0654304027557373,1.067484736442566,1.0216267108917236,1.0402452945709229,1.0745075941085815,1.0836211442947388,1.1055028438568115,1.110350251197815,target_lookback,linear
routed,0,5,18,key,140214_2,,0.7324817962673662,0.3742315533832051,1.1448197486486795,1.0800251600165016,1.2860191979272118,0.29577464788732394,522,,,0.08003272304502586,0.028231526748313036,0.044689232099788694,0.053339590694781974,0.26052673925530945,1.58708217488601,0.4539440204969087,0.633518171968473,0.7371917879997535,0.7342411116534495,0.7495714185798206,0.7496349316967132,0.7754918991483839,0.7867653276455276,0.8033069736121605,0.7710055262806819,0.7656752196251175,0.8175506724865802,0.747121229273148,1.0327856605094803,1.1900182029202218,1.1721182289562846,1.1832959072974616,1.1695247210044275,1.1972843665215651,1.2004513261265695,1.2104278986835932,1.1469315302791683,1.156919921017411,1.2580467578540657,target_lookback,linear
persistence,-1,0,18,key,140214_2,,0.6243318319320679,0.32415324449539185,0.9757938385009766,1.0764923095703125,0.678322434425354,0.29577464788732394,522,,,0.070655956864357,0.00935399904847145,0.04254981502890587,0.0417429655790329,0.40366631746292114,1.311288595199585,0.47237852215766907,0.6202549338340759,0.6111087799072266,0.6177008748054504,0.6245223879814148,0.6315692663192749,0.638870894908905,0.6464317440986633,0.6541441679000854,0.6621376276016235,0.6616405844688416,0.6611169576644897,0.7775528430938721,1.0112438201904297,0.9857755303382874,0.9857755303382874,0.9857755303382874,0.9857755303382874,0.9857755303382874,0.9857755303382874,0.9857755303382874,0.9857755303382874,1.0008076429367065,1.0174534320831299,target_lookback,linear
climatology,-1,0,18,key,140214_2,,0.5898892241521795,0.3697754700001107,0.9201399873802397,1.0044913366584713,0.6783224079478486,0.29577464788732394,522,,,0.09941625477773752,0.010472143223256257,0.028409474877419787,0.0858740640671327,0.6941952541397867,1.0960274550779403,0.5581013201995186,0.5638040773323315,0.569756828247983,0.5759007959340879,0.5822601117629533,0.5888287155737043,0.5956362098321892,0.6026854041414529,0.6098585929360745,0.6172922582885012,0.6155652243927888,0.6137420438300768,0.9172481288754145,0.9172481288754145,0.9172481288754145,0.9172481288754145,0.9172481288754145,0.9172481288754145,0.9172481288754145,0.9172481288754145,0.9172481288754145,0.9172481288754145,0.9292661977486325,0.9426033867300955,target_lookback,linear
ridge,-1,0,18,key,140214_2,,0.5818073513396542,0.31232877972342854,0.9061953888505502,0.6866402690021852,1.2860191979272118,0.29577464788732394,522,,,0.1253446349687259,0.026122455971885516,0.06075409571040631,0.05803916643591351,0.32400318914638865,1.2318714708699425,0.43845805636931023,0.5814209949041307,0.6052279966691291,0.599392071091162,0.6138138847928332,0.6137211716704069,0.6131108027235513,0.6104241722537964,0.5935965499163454,0.567859427736055,0.5529129397405701,0.5780797052558814,0.7187185093493871,0.9428239644361561,0.9732519481684526,0.9530720320960434,0.9654886299159054,0.9545373905395135,0.9432144067029169,0.9281857703158047,0.8920225409394708,0.8425424990835456,0.8335096468323699,0.8875140162243376,target_lookback,linear
transformer,1,5,18,key,140214_2,,0.6886131167411804,0.33788588643074036,1.0759708881378174,1.0866048336029053,1.0502185821533203,0.29577464788732394,522,0.8563218390804598,0.8713297247886658,0.08423180133104324,0.028113847598433495,0.051128339022397995,0.03988168388605118,0.1830054074525833,1.5002357959747314,0.46033427119255066,0.6446990966796875,0.7319879531860352,0.7222704887390137,0.7173091173171997,0.6781430244445801,0.6785122156143188,0.6894748210906982,0.7097316384315491,0.7356739044189453,0.7348345518112183,0.7522093057632446,0.7572962045669556,1.0510802268981934,1.1813067197799683,1.153123140335083,1.1331298351287842,1.0564546585083008,1.0469303131103516,1.0518972873687744,1.0677918195724487,1.0934410095214844,1.1116576194763184,1.1573405265808105,target_lookback,linear
routed,1,5,18,key,140214_2,,0.735285448041165,0.3738105451970686,1.1491960397260732,1.086604861502875,1.2860191979272118,0.29577464788732394,522,,,0.08423180568738006,0.028289451782337452,0.04623870952213526,0.04471811189276076,0.2647014029637445,1.5926386214975683,0.4625396283950256,0.6591599557608055,0.7578383381211915,0.7501122524482056,0.7703432146979979,0.7627042939122429,0.7853617515859693,0.7491264855776997,0.7465462156493646,0.7825438307971749,0.7836919352612693,0.7998631179764654,0.7610233887046827,1.0745804142851298,1.223296728829273,1.1978463972752205,1.216593691423086,1.189503395824663,1.2123551192481745,1.1432786700182367,1.1235022232841352,1.163504952232676,1.1857428397063174,1.2308928002597914,target_lookback,linear
transformer,2,6,18,key,140214_2,,0.6457297801971436,0.32290783524513245,1.0086866617202759,0.9041107892990112,1.2221767902374268,0.29577464788732394,522,0.8582375478927203,0.8745315074920654,0.08089139312505722,0.030281826853752136,0.04843118414282799,0.050515636801719666,0.21473564207553864,1.400644302368164,0.4748140871524811,0.6449440121650696,0.6753419041633606,0.6628355383872986,0.6816218495368958,0.6710976958274841,0.6440408229827881,0.6655138731002808,0.6601865291595459,0.6484410166740417,0.6563997268676758,0.6558177471160889,0.7809174656867981,1.0517674684524536,1.0902217626571655,1.0580370426177979,1.0751197338104248,1.0470248460769653,0.9925072193145752,1.0153684616088867,0.9935948252677917,0.9627574682235718,0.991343080997467,1.0091626644134521,target_lookback,linear
routed,2,6,18,key,140214_2,,0.6604956295538541,0.3424475247119514,1.0318967014156402,0.9041107680332278,1.2860191979272118,0.29577464788732394,522,,,0.08089139032518328,0.029649977242352046,0.04670654338346797,0.05016801788600184,0.2866657694137714,1.421319445215239,0.47644451573713836,0.6617541328529253,0.6882982299547724,0.6706125192976031,0.6815375689362765,0.6800183751035963,0.6860882385550671,0.6752775987882209,0.6787300877309497,0.6673850599449008,0.6636675505020564,0.6902500423940884,0.7835193296606044,1.0790441541663824,1.1109264393888056,1.070991224818572,1.075424356342379,1.0610139544537651,1.0575366771401469,1.030473003344585,1.0217394814737348,0.9911081528085909,1.0023825749858224,1.0623022991787419,target_lookback,linear
transformer,0,23,18,key,140227_1,,0.7824050784111023,0.3780013918876648,1.3286302089691162,1.2564648389816284,2.0223782062530518,0.07428571428571429,2538,0.6091410559495666,0.36205247044563293,0.12294743955135345,0.016407417133450508,0.0559675507247448,0.0533258356153965,0.31834161281585693,1.7922883033752441,0.44069087505340576,0.7413215637207031,0.8123995065689087,0.7768567800521851,0.7623376250267029,0.7996633052825928,0.804629385471344,0.7875396013259888,0.8421021103858948,0.829008162021637,0.8324708938598633,0.8838980197906494,0.7536405324935913,1.2709074020385742,1.3906712532043457,1.3258743286132812,1.297935962677002,1.358683705329895,1.3637584447860718,1.3316456079483032,1.421402931213379,1.3960638046264648,1.3983900547027588,1.491867184638977,target_lookback,linear
routed,0,23,18,key,140227_1,,0.7462612441215183,0.36115488492041886,1.267050088197665,1.2564648512701386,1.3922243300941142,0.07428571428571429,2538,,,0.12294744242135051,0.01643255223766763,0.05430571985085759,0.04454421291685628,0.24538416822085685,1.717327533681396,0.41831688896431285,0.710849274550156,0.7645708430631069,0.7411107566597978,0.7343503333726303,0.7682539060519511,0.7671591238527935,0.7460293001682022,0.8016062155569443,0.7956514524676168,0.7926176429462752,0.8419199537594859,0.7149329970887117,1.2182902861138556,1.308441216487119,1.264627145871083,1.2501726365963832,1.3051951614447583,1.3002221442623996,1.2613175407598218,1.3530992875749774,1.3397421364660362,1.3311068199046996,1.4207005351416626,target_lookback,linear
persistence,-1,0,18,key,140227_1,,0.4558243155479431,0.1576305776834488,0.7699966430664062,0.34824687242507935,2.5436182022094727,0.07428571428571429,2538,,,0.12620475888252258,0.0025716684758663177,0.05438363179564476,0.029122650623321533,0.29435640573501587,1.0164440870285034,0.32270583510398865,0.4090821444988251,0.4671911895275116,0.4682811498641968,0.4693787693977356,0.47048404812812805,0.4715486764907837,0.47263097763061523,0.4737602770328522,0.47488176822662354,0.4760010838508606,0.47426292300224304,0.5494502186775208,0.6968451142311096,0.7954176664352417,0.7954176664352417,0.7954176664352417,0.7954176664352417,0.7954176664352417,0.7954176664352417,0.7954176664352417,0.7954176664352417,0.7954176664352417,0.7959924340248108,target_lookback,linear
climatology,-1,0,18,key,140227_1,,1.1881458267963159,0.6460265669661087,2.019619938444685,1.9715435552481004,2.543618188263567,0.07428571428571429,2538,,,0.1500912385573354,0.009631326845964731,0.05628593938677133,0.08842607502568538,0.730067897609936,2.676295101776399,1.173162264124041,1.1758415819955612,1.178539647293141,1.1812898985511775,1.1840594954348282,1.1868486246763228,1.1896383401286141,1.1924519320681173,1.1953012739937048,1.1981648154871638,1.2010450013254224,1.2028133535282128,2.0186271384317163,2.0186271384317163,2.0186271384317163,2.0186271384317163,2.0186271384317163,2.0186271384317163,2.0186271384317163,2.0186271384317163,2.0186271384317163,2.0186271384317163,2.0186271384317163,2.0306595227578845,target_lookback,linear
ridge,-1,0,18,key,140227_1,,1.436742272573121,0.6866729033116232,2.4434309693058442,2.5087677810051363,1.3922243300941142,0.07428571428571429,2538,,,0.1590710070896927,0.022240377764169608,0.0598652726819804,0.07966833298132708,0.7195664699567687,3.272955010330589,0.9198229969668229,1.3248201355980957,1.538452981766137,1.6835360463610547,1.7038547458012823,1.6498558254427835,1.5855411800301709,1.5429548256204093,1.4949363038801673,1.3180829819521152,1.1831973663681772,1.0259483509942169,1.582839866133772,2.276529761494606,2.6379384461936355,2.8804131009226865,2.908360066833799,2.8092772609693015,2.692761877574341,2.61327698833595,2.524689675682505,2.2186961587816323,1.9856220119399233,1.7291082397329494,target_lookback,linear
transformer,1,5,18,key,140227_1,,0.4111197888851166,0.19905315339565277,0.6922041773796082,0.5340319871902466,1.7018054723739624,0.07428571428571429,2538,0.9141055949566588,0.7995965480804443,0.1247745007276535,0.025336019694805145,0.06591006368398666,0.04575271159410477,0.30155274271965027,0.9037471413612366,0.319410115480423,0.4314975440502167,0.43018487095832825,0.40924280881881714,0.41670146584510803,0.4154743552207947,0.39784783124923706,0.41037681698799133,0.4221411645412445,0.4197555184364319,0.4088340103626251,0.44148316979408264,0.5404059290885925,0.7352396845817566,0.7303694486618042,0.6917585134506226,0.703262984752655,0.6998040080070496,0.668333113193512,0.688925564289093,0.7062272429466248,0.699797511100769,0.6810481548309326,0.7404245734214783,target_lookback,linear
routed,1,5,18,key,140227_1,,0.380088736993875,0.19563403801895454,0.6387423702603787,0.5340320429827945,1.3922243300941142,0.07428571428571429,2538,,,0.1247745022389643,0.024986390738381246,0.06578010896051188,0.04451249473465804,0.31403144588386783,0.8228263631406832,0.26204949830942725,0.3754637879466619,0.39641576939931716,0.3861938162489355,0.3952687060430836,0.3828204272671079,0.3569220139294981,0.3748436158944401,0.40496345657766886,0.4078626914468345,0.39533094826529036,0.4041155215200278,0.4394101127552507,0.637844922203546,0.671525515185042,0.6516504647169724,0.6665302004041613,0.6434899166597493,0.5978705170973257,0.6281300523806161,0.6768502109401063,0.6795137453249737,0.6580543882403014,0.6766263040789487,target_lookback,linear
transformer,2,3,18,key,140227_1,,0.4114008843898773,0.16020525991916656,0.6925954818725586,0.3391292095184326,2.2414638996124268,0.07428571428571429,2538,0.9554767533490938,0.8637679815292358,0.12732096016407013,0.013613687828183174,0.0674041360616684,0.04393090307712555,0.24611732363700867,0.9187899231910706,0.31993117928504944,0.3971887230873108,0.41389694809913635,0.42355960607528687,0.41827934980392456,0.4289717674255371,0.4240407943725586,0.42241984605789185,0.423124223947525,0.4201919436454773,0.4044797122478485,0.4314604103565216,0.5434098839759827,0.6757464408874512,0.7020436525344849,0.7177655696868896,0.7059892416000366,0.7229946851730347,0.7123557329177856,0.7085301876068115,0.7082955241203308,0.701481282711029,0.672140896320343,0.7215977907180786,target_lookback,linear
routed,2,3,18,key,140227_1,,0.3003204424551149,0.14342386259319614,0.5004520768384175,0.3391292190001346,1.3922243300941142,0.07428571428571429,2538,,,0.1273209646327963,0.013582629167643336,0.06673640345587414,0.042978280787988855,0.2355526828605706,0.6480795496215911,0.2479332588413664,0.2879188212936879,0.3033787405932053,0.2976836774969611,0.2989941610547329,0.30840371255519966,0.3026594087052714,0.3003096036124321,0.3165739786478108,0.3208232256529821,0.31025411983415097,0.30496182785307274,0.41686178911003624,0.48480776916320656,0.5092655551410517,0.4989766471012065,0.4987573240571583,0.51469712477866,0.502808527262958,0.4984095898253348,0.5255502142113093,0.5312771408969006,0.510691005246241,0.5041553832174481,target_lookback,linear
transformer,0,5,18,key,140313_1,,0.6363411545753479,0.3710658848285675,1.0119924545288086,0.9932939410209656,1.2966610193252563,0.053974484789008834,2658,0.6042136945071482,0.8029031157493591,0.16778185963630676,0.034519802778959274,0.17889216542243958,0.1331806629896164,0.6891191005706787,1.1864585876464844,0.4329143762588501,0.5697405934333801,0.6513009667396545,0.6640521883964539,0.6463415026664734,0.6212387681007385,0.6376151442527771,0.6626212000846863,0.6592942476272583,0.6800491809844971,0.6820547580718994,0.6936933994293213,0.6918848156929016,0.9108470678329468,1.042490839958191,1.0609387159347534,1.0317679643630981,0.9866881370544434,1.0112817287445068,1.0506197214126587,1.0429390668869019,1.0745656490325928,1.0759270191192627,1.0983355045318604,target_lookback,linear
routed,0,5,18,key,140313_1,,0.6194457252843961,0.3623211749328825,0.9841874660701635,0.9932939386984374,0.8080816415230112,0.053974484789008834,2658,,,0.16778186175601673,0.034329763660569564,0.17927868528802968,0.13447544236648257,0.6759358053361089,1.1515151341809842,0.4339503710967898,0.5687917843663184,0.6362541554331961,0.64256217658402,0.6277535914024098,0.6102048483464384,0.6223189640703892,0.6433201815843801,0.6359591031249817,0.6542338087876751,0.6594087573573033,0.6703306742542616,0.6936339741906844,0.9090011273163899,1.0173837992837094,1.0255828863251835,1.0014022058642933,0.9683588407915381,0.9861338525446012,1.0187885718255125,1.0046154628716937,1.032668170718941,1.0392611260218563,1.0603755057290531,target_lookback,linear
persistence,-1,0,18,key,140313_1,,0.6068935394287109,0.3214929699897766,0.9650312662124634,0.9782726764678955,0.6930167078971863,0.053974484789008834,2658,,,0.162364661693573,0.02985091134905815,0.16848184168338776,0.13129417598247528,0.6771740913391113,1.1231215000152588,0.4373002052307129,0.5599676966667175,0.6044710874557495,0.6215142607688904,0.622671365737915,0.6271300911903381,0.6285441517829895,0.6299619078636169,0.6310096979141235,0.6321589350700378,0.6332306265830994,0.6319422721862793,0.7005906701087952,0.8957314491271973,0.967439591884613,0.9933301210403442,0.9929437637329102,0.9979682564735413,0.9979682564735413,0.9979682564735413,0.9979682564735413,0.9979682564735413,0.9979682564735413,0.9994158744812012,target_lookback,linear
climatology,-1,0,18,key,140313_1,,0.9897422109638707,0.609027933579434,1.5844519597795175,1.6205924333890023,0.6930166468061926,0.053974484789008834,2658,,,0.16712669245661566,0.019003067526542385,0.14062442305244374,0.28130307394102966,1.867158557880814,1.3524271468124631,0.9780392592662667,0.9801678886739107,0.9823212443619784,0.9845113926392182,0.9867163083888401,0.9889341374216746,0.9911669664071118,0.9934112673223713,0.9954302118029748,0.9975228734326026,0.99957582903342,1.00014558494876,1.58390815262181,1.58390815262181,1.58390815262181,1.58390815262181,1.58390815262181,1.58390815262181,1.58390815262181,1.58390815262181,1.58390815262181,1.58390815262181,1.58390815262181,1.590492498177216,target_lookback,linear
ridge,-1,0,18,key,140313_1,,0.9980171687591022,0.5710681150177653,1.6012753388942038,1.634967199854243,0.8080816415230112,0.053974484789008834,2658,,,0.19655257760352496,0.027482260657596454,0.16350438379799598,0.13285168401156897,1.0306408056354606,1.9007585790186814,0.7573321759188513,1.0748641910716918,1.2893529946007503,1.228764453151633,1.1900630171165985,1.1448929293988268,1.04959101348872,0.9839288776521894,0.8149795256639895,0.7194256060283728,0.7140162566492023,0.719204860429253,1.2289396153155323,1.7428443997866814,2.0897529479326096,1.9867786047743956,1.9190102763054169,1.8407402789244474,1.6815400952797697,1.5705683258562013,1.2933781273015248,1.136042467590823,1.1256917844709613,1.1384775052022922,target_lookback,linear
transformer,1,4,18,key,140313_1,,0.597399890422821,0.3191988468170166,0.948036789894104,0.9545119404792786,0.8263470530509949,0.053974484789008834,2658,0.6166290443942815,0.8509634733200073,0.16576823592185974,0.03272140026092529,0.18072165548801422,0.13421839475631714,0.6754916906356812,1.09898841381073,0.4330655336380005,0.5523819923400879,0.588117241859436,0.6038301587104797,0.6072922945022583,0.6223816871643066,0.6196106672286987,0.6196631789207458,0.6220325827598572,0.6231801509857178,0.628829300403595,0.6266210675239563,0.693024218082428,0.882040798664093,0.9370303750038147,0.9605954885482788,0.9651336669921875,0.986041784286499,0.9828200936317444,0.9825906157493591,0.9840250015258789,0.9851176738739014,0.9863274693489075,0.9901572465896606,target_lookback,linear
routed,1,4,18,key,140313_1,,0.5969667706370112,0.32065612719573555,0.9471865253362016,0.9545119003554786,0.8080816415230112,0.053974484789008834,2658,,,0.16576824328498008,0.03241006903367842,0.18235613863962377,0.13430383475161822,0.6683493336282462,1.1007913359883912,0.43371191419445443,0.5489996759633916,0.5904076963235078,0.6051202174964204,0.6072775300698396,0.6210246559384268,0.6163495818473234,0.6158879591996409,0.6193144588895472,0.6217560267663689,0.6312757291496421,0.6307997795663337,0.6943300698469717,0.8766859762877536,0.9402072962607945,0.9621922522001949,0.9648731457995875,0.9834422735183327,0.9777747406960925,0.976283753169813,0.9792470405578886,0.9827197728321823,0.9903089292935369,0.9969568150908297,target_lookback,linear
transformer,2,5,18,key,140313_1,,0.5964840650558472,0.323117733001709,0.946538507938385,0.940376877784729,1.048673152923584,0.053974484789008834,2658,0.5696012039127163,0.7208915948867798,0.17049072682857513,0.036870069801807404,0.17586223781108856,0.13363663852214813,0.6754075884819031,1.0968289375305176,0.4367956817150116,0.5400682687759399,0.5797417163848877,0.5949695706367493,0.6005478501319885,0.6188308000564575,0.6257672309875488,0.6251949071884155,0.6243391036987305,0.6283244490623474,0.6306031346321106,0.630470335483551,0.6993617415428162,0.860947847366333,0.9262955784797668,0.9490657448768616,0.9568083882331848,0.9790167808532715,0.9928812384605408,0.9888965487480164,0.9850777983665466,0.9922000765800476,0.9914703965187073,0.9938181638717651,target_lookback,linear
routed,2,5,18,key,140313_1,,0.5887364902857378,0.31935846348617825,0.9337149529107027,0.9403768365315203,0.8080816415230112,0.053974484789008834,2658,,,0.17049072545593605,0.03669124617366911,0.17668703402329097,0.13407966606797697,0.6666391772373482,1.0818051248033893,0.4377219844906356,0.5391339840160055,0.5824903580457078,0.5957908778479252,0.5974269500181087,0.6110293767558939,0.6075203805680596,0.6085093160779962,0.6097823306253081,0.6123171132938529,0.6205515543187682,0.6236680513423307,0.7008506271662038,0.8591346526485668,0.930761700299352,0.9500186556946675,0.9515531401083932,0.9660750697441063,0.9632693326279347,0.9613870589550925,0.96123282375853,0.9660801384869965,0.9751447286503534,0.9827194753429608,target_lookback,linear
transformer,0,2,24,key,140120_1,,0.9909301400184631,0.4492913782596588,1.642553687095642,1.1577454805374146,3.6282100677490234,0.11482254697286012,1326,0.6342383107088989,0.7392740845680237,0.17987172305583954,0.02368324063718319,0.09365478157997131,0.05135294795036316,0.9951369762420654,2.0582165718078613,0.6278480887413025,0.847531259059906,0.9994171857833862,1.001671552658081,1.0142724514007568,1.0199811458587646,1.0351868867874146,1.0447593927383423,1.0657217502593994,1.0720911026000977,1.0543453693389893,1.0485594272613525,1.059364914894104,1.4293056726455688,1.6823214292526245,1.6785428524017334,1.69048011302948,1.6926531791687012,1.7100064754486084,1.718247652053833,1.744875431060791,1.747322678565979,1.71097731590271,1.7159879207611084,target_lookback,linear
routed,0,2,24,key,140120_1,,0.8600886528211357,0.41932189277946663,1.4236301132590479,1.1577454770182698,2.7051511368639325,0.11482254697286012,1326,,,0.17987172521255465,0.023355043317632912,0.09767216570415095,0.06270145028164349,0.996422665839231,1.7198899209416303,0.7261306869612472,0.9093305058936492,0.9378303763247546,0.9084605633185724,0.8825076403346631,0.8579951367276595,0.8739525431449507,0.882764094901092,0.8633789920088247,0.839122761352568,0.8031210771006008,0.810737139351625,1.2281160587721283,1.534831389691199,1.5778594780518647,1.5207875039256906,1.4681852632582557,1.4206757987369794,1.440798800652344,1.4493344521961782,1.4107485740163528,1.3645167524205508,1.3003249883608872,1.3244334634584023,target_lookback,linear
persistence,-1,0,24,key,140120_1,,0.9819528460502625,0.4451623857021332,1.6282511949539185,1.162688136100769,3.5592241287231445,0.11482254697286012,1326,,,0.176591694355011,0.027495136484503746,0.07332804054021835,0.04756961762905121,0.9918652772903442,2.037937641143799,0.6285778880119324,0.8626123070716858,1.0031880140304565,1.0076169967651367,1.0121049880981445,1.016638159751892,1.0212410688400269,1.0259027481079102,1.0306334495544434,1.035408854484558,1.0402344465255737,1.0450993776321411,1.061637282371521,1.455055594444275,1.688321828842163,1.688321828842163,1.688321828842163,1.688321828842163,1.688321828842163,1.688321828842163,1.688321828842163,1.688321828842163,1.688321828842163,1.7097035646438599,target_lookback,linear
climatology,-1,0,24,key,140120_1,,2.3468957513762674,1.1373379293321972,3.900727893321012,3.94286008638234,3.5592237372270774,0.11482254697286012,1326,,,0.24581078478568558,0.011249233764870532,0.04926924296284713,0.09117119705882397,0.6972915813942576,5.337029552175854,2.2906174919846527,2.3005550519262172,2.310602571977549,2.3208038355604166,2.331141431490701,2.3416117605387097,2.352227998642484,2.3629880916490267,2.3738992424509266,2.3849536579460064,2.3961566302612853,2.4075064999638194,3.896667025483457,3.896667025483457,3.896667025483457,3.896667025483457,3.896667025483457,3.896667025483457,3.896667025483457,3.896667025483457,3.896667025483457,3.896667025483457,3.896667025483457,3.946253301025286,target_lookback,linear
ridge,-1,0,24,key,140120_1,,1.1245201536265916,0.5546513170443017,1.8643808107281004,1.7255586494352886,2.7051511368639325,0.11482254697286012,1326,,,0.19088102229329962,0.011415563253071115,0.09230877935236935,0.10494537173198938,0.9867965093439859,2.3937074279079034,0.9059978279879555,1.1006063248737967,1.170785668124463,1.1463093490548002,1.1569093273253066,1.1658828842353663,1.1741772238320718,1.1606735453097914,1.164123362077136,1.1529347454593142,1.100632641240084,1.0745446485668808,1.534889375215512,1.859193544686546,1.9709610585799104,1.9208734695119978,1.9299208474939251,1.9360271734628254,1.9411827849946972,1.9096769187603273,1.9064207806915094,1.8792846732061221,1.784108482694143,1.7541502423378987,target_lookback,linear
transformer,1,2,24,key,140120_1,,1.0055338144302368,0.4480426609516144,1.6672983169555664,1.1726903915405273,3.6889967918395996,0.11482254697286012,1326,0.7066365007541479,0.7560229897499084,0.17718136310577393,0.021030243486166,0.08607617765665054,0.05076573044061661,1.019100546836853,2.085294246673584,0.6259066462516785,0.8652470707893372,1.016703724861145,1.0190180540084839,1.0301779508590698,1.039739966392517,1.0448054075241089,1.0661616325378418,1.0586256980895996,1.0769308805465698,1.0769909620285034,1.0826729536056519,1.056883454322815,1.4587523937225342,1.7107784748077393,1.707016110420227,1.717341423034668,1.7259644269943237,1.727484941482544,1.7553246021270752,1.7334996461868286,1.7567222118377686,1.7485095262527466,1.7720093727111816,target_lookback,linear
routed,1,2,24,key,140120_1,,0.8662994372206504,0.41710226344151047,1.4344169126725377,1.1726904270511826,2.7051511368639325,0.11482254697286012,1326,,,0.17718135931308895,0.020427850544676367,0.0907450637720799,0.06267276972940838,1.0229223402754193,1.7229097460938747,0.7274507185752301,0.914691754902494,0.9524128114343371,0.9161265427848007,0.882786302397748,0.8601798400554199,0.8853077509393465,0.899418763033901,0.8764606162706161,0.8290384126818081,0.8156555852478626,0.8074071720988903,1.2310670207888956,1.5429546354574903,1.6016691262423173,1.5329189083158385,1.468867135969562,1.4248071351943874,1.4614767992514197,1.4788668310254278,1.4327220811178207,1.3498564934691428,1.3215727842729499,1.3188172852433915,target_lookback,linear
transformer,2,2,24,key,140120_1,,1.0142312049865723,0.4534810483455658,1.6817758083343506,1.1689573526382446,3.754777669906616,0.11482254697286012,1326,0.6764705882352942,0.7520754933357239,0.1755216419696808,0.02525683306157589,0.08975695818662643,0.050690069794654846,1.0186331272125244,2.1074798107147217,0.6317476034164429,0.8625769019126892,1.0237865447998047,1.0331664085388184,1.0348637104034424,1.0538108348846436,1.067280888557434,1.070934534072876,1.083653450012207,1.0875651836395264,1.078028917312622,1.0776708126068115,1.0671818256378174,1.4540706872940063,1.7217938899993896,1.7320636510849,1.7270973920822144,1.7508398294448853,1.765870213508606,1.760881781578064,1.774478793144226,1.772408366203308,1.7503911256790161,1.7630176544189453,target_lookback,linear
routed,2,2,24,key,140120_1,,0.8646878821314012,0.42058022044570026,1.4317171444773995,1.1689573146243772,2.7051511368639325,0.11482254697286012,1326,,,0.17552164749268306,0.024803509420586248,0.09284336577721153,0.06263576670474615,1.0228229979919738,1.718689301187845,0.7267469750950364,0.9139343175862079,0.9459078242652792,0.9074022794569674,0.8803591904648825,0.8603875148590213,0.8816294568448015,0.8942968381187729,0.8674218840278592,0.8327479605668299,0.8156089406009673,0.8248601606656156,1.2301031511084566,1.5418995271304576,1.589864489174,1.5194742999679094,1.4669790181403244,1.426786714352421,1.4565488125934531,1.4675701400083865,1.4174511481887648,1.353613823851627,1.3217443948675167,1.3465825924736303,target_lookback,linear
transformer,0,10,24,key,140206_1,,0.7505306005477905,0.36165741086006165,1.2007949352264404,1.3148634433746338,0.8183714747428894,0.270935960591133,522,0.5344827586206896,0.6863681077957153,0.08553587645292282,0.034766148775815964,0.057024743407964706,0.07536020129919052,0.4525209069252014,1.6795227527618408,0.6177341938018799,0.7059257626533508,0.7239491939544678,0.7482573986053467,0.7725028395652771,0.8038109540939331,0.7922388315200806,0.768962025642395,0.7751716375350952,0.7641290426254272,0.7804157137870789,0.7640463709831238,1.045850396156311,1.18497896194458,1.2016602754592896,1.2259491682052612,1.2509948015213013,1.2887359857559204,1.2585593461990356,1.2074556350708008,1.2021983861923218,1.1713521480560303,1.180562138557434,1.1727060079574585,target_lookback,linear
routed,0,10,24,key,140206_1,,0.7593040340017352,0.37746227735877846,1.2137983391010139,1.3148634938886306,0.8863513740545221,0.270935960591133,522,,,0.08553587385984648,0.03621450153905182,0.0723281491682965,0.10428391690799377,0.49592934911288566,1.6856161937681085,0.6007128887448702,0.7004692378719385,0.7515431733763166,0.7687168363279926,0.7707358069998527,0.8104973932767185,0.803031998298282,0.7748840841710526,0.7946749165368099,0.8025179171529072,0.7955482102442999,0.744691328214212,1.016409809771387,1.1721036230408923,1.2432228842134057,1.2569373031951558,1.2467783159641026,1.2993851263842227,1.2753929978849297,1.216492506174941,1.2329552825195391,1.2302753089332141,1.2035106170674628,1.1427533411756987,target_lookback,linear
persistence,-1,0,24,key,140206_1,,0.8583722114562988,0.40919268131256104,1.3749645948410034,0.9642476439476013,2.1156158447265625,0.270935960591133,522,,,0.027968034148216248,0.05361480638384819,0.04978800565004349,0.06728704273700714,0.5078630447387695,1.9261877536773682,0.6255089640617371,0.8391647338867188,0.840667724609375,0.8497231006622314,0.8591010570526123,0.8686992526054382,0.878660261631012,0.8890320062637329,0.8997799754142761,0.9107316732406616,0.9220943450927734,0.9300126433372498,1.0602160692214966,1.4081981182098389,1.3958966732025146,1.3958966732025146,1.3958966732025146,1.3958966732025146,1.3958966732025146,1.3958966732025146,1.3958966732025146,1.3958966732025146,1.3958966732025146,1.4324803352355957,target_lookback,linear
climatology,-1,0,24,key,140206_1,,1.2033521550920792,0.6347547917568718,1.9264997725868906,1.8513031650617775,2.1156155964187855,0.270935960591133,522,,,0.1097301585902595,0.028114119389798523,0.0604878138206492,0.13165159725950348,0.5683022027507306,2.7364380888531215,1.1343151615812916,1.1460184422191066,1.158060595011711,1.1705564314720143,1.1834827621834352,1.1967763953904877,1.2105528597091595,1.2248598594409394,1.2396864084077648,1.2549227530946552,1.270735881956144,1.2843496051737102,1.922145767802541,1.922145767802541,1.922145767802541,1.922145767802541,1.922145767802541,1.922145767802541,1.922145767802541,1.922145767802541,1.922145767802541,1.922145767802541,1.922145767802541,1.976676265309587,target_lookback,linear
ridge,-1,0,24,key,140206_1,,0.720367942384888,0.3586082590883961,1.1511268388777394,1.2351410006188117,0.8863513740545221,0.270935960591133,522,,,0.07652997413161071,0.037767304619855634,0.07877613697909616,0.10589777932018987,0.405793035774621,1.6181728512011393,0.5228265850656495,0.6051257304925516,0.6343274043356589,0.6578483591858669,0.7061982364082956,0.7535221762265966,0.7779026143891005,0.7790266433899957,0.7669588794305711,0.8144241102916193,0.8309330453958726,0.804281915801166,0.8814575885949324,1.0090208285702973,1.0476436281756119,1.075940990122737,1.1441093131859896,1.2089351612812038,1.2345089904147453,1.2218106772400654,1.1883293733637368,1.2467587230677744,1.2563937704238557,1.23713318879167,target_lookback,linear
transformer,1,9,24,key,140206_1,,0.7794125080108643,0.4026677906513214,1.2471556663513184,1.206128478050232,1.3513851165771484,0.270935960591133,522,0.47509578544061304,0.8044161796569824,0.07634125649929047,0.04753595590591431,0.05877054110169411,0.07848910242319107,0.5467823147773743,1.7192410230636597,0.6433214545249939,0.7753610014915466,0.7403184175491333,0.7599425315856934,0.7686411738395691,0.7721741795539856,0.808156430721283,0.8038049340248108,0.819339394569397,0.8160518407821655,0.8343822956085205,0.8317777514457703,1.090274453163147,1.2997254133224487,1.228716254234314,1.2486310005187988,1.2475117444992065,1.2404329776763916,1.2823634147644043,1.2600185871124268,1.2673038244247437,1.2495338916778564,1.2616279125213623,1.279287576675415,target_lookback,linear
routed,1,9,24,key,140206_1,,0.7062804083865389,0.3760309167815882,1.1284747459087803,1.2061284513228296,0.8863513740545221,0.270935960591133,522,,,0.07634125670277192,0.04628143590861132,0.07400353388387966,0.10598186918035671,0.5747326575266728,1.5246838129561147,0.6110549806945751,0.7207146526450225,0.6994438882270267,0.7101290452753285,0.7040203186382266,0.695772476329517,0.7216815634602228,0.7016666055726433,0.7236688758698595,0.7232924383680623,0.7428028852398075,0.7322846785901735,1.0347133488457252,1.2049608108379706,1.156902190183903,1.162621515481192,1.139522902590881,1.1157232051663484,1.1437290655785632,1.0998776694620462,1.1195737720095664,1.1074398914779668,1.1226521995347516,1.125608719733647,target_lookback,linear
transformer,2,10,24,key,140206_1,,0.7106337547302246,0.37526440620422363,1.1369777917861938,1.123947024345398,1.1713225841522217,0.270935960591133,522,0.6532567049808429,0.7675015926361084,0.050942402333021164,0.03894922882318497,0.05882791802287102,0.09014146775007248,0.6358857154846191,1.5109196901321411,0.625295877456665,0.7007473111152649,0.6717115640640259,0.6740050911903381,0.6950008869171143,0.729574978351593,0.7579056620597839,0.7646274566650391,0.7483493089675903,0.7413578629493713,0.7235971689224243,0.7071093320846558,1.059891700744629,1.1759543418884277,1.1148254871368408,1.106929063796997,1.1273423433303833,1.1720898151397705,1.1997824907302856,1.197839379310608,1.1596887111663818,1.1346290111541748,1.094936728477478,1.087003231048584,target_lookback,linear
routed,2,10,24,key,140206_1,,0.6663768950388179,0.36340331714536517,1.0648227625096076,1.1239469965397149,0.8863513740545221,0.270935960591133,522,,,0.050942400533809364,0.03813394081883969,0.07291719103323349,0.1103628117157697,0.6685304361648403,1.3782129909247813,0.6049222619965641,0.6554829087147683,0.6383759988814632,0.619484138998558,0.6377746306471331,0.693771043281629,0.7167609791489894,0.711452632418122,0.6869484480728031,0.698914703890367,0.684507123705263,0.6578464320665062,1.0243342405431715,1.0962540949029222,1.0546939057418971,1.0130253772519289,1.031977281334404,1.1122508906255886,1.135936879439051,1.114956943068849,1.065245744921353,1.0701179412646815,1.0356696756968626,1.0108793437289774,target_lookback,linear
transformer,0,43,24,key,140207_2,,0.41291138529777527,0.21278703212738037,0.6588412523269653,0.48840734362602234,0.9799109697341919,0.270935960591133,522,0.4540229885057471,0.29898765683174133,0.0829165130853653,0.010088840499520302,0.05030237138271332,0.04279769957065582,0.2153138518333435,0.8804059028625488,0.3654145300388336,0.4223805367946625,0.39465203881263733,0.3755210340023041,0.35698631405830383,0.3709622621536255,0.41998738050460815,0.4380054771900177,0.46548035740852356,0.44886550307273865,0.4456351101398468,0.4578428268432617,0.616092324256897,0.7032319903373718,0.6523776650428772,0.6141566038131714,0.5769882202148438,0.5937042236328125,0.6656119227409363,0.685295581817627,0.7208840847015381,0.6861623525619507,0.6720365881919861,0.7038347125053406,target_lookback,linear
routed,0,43,24,key,140207_2,,0.4723746590735694,0.22907964961758767,0.7548359646691749,0.4884073446977119,1.2087606126471544,0.270935960591133,522,,,0.08291651526309127,0.010533167528562827,0.04489425361950289,0.038777182568024385,0.2087461524897566,1.0161892224787465,0.42187341365924896,0.490009087767174,0.4672661029213074,0.4711186751751293,0.46302410229909746,0.48342461017920546,0.4952189655340387,0.49523864808429574,0.4933433138649378,0.4990037536661786,0.4223929708500189,0.46129340571620225,0.7127940216185426,0.8186199252499626,0.7743920145454567,0.7726144619518052,0.7508637391857776,0.775333293743406,0.7855700365449364,0.7758245772415501,0.764074167906174,0.763235221351111,0.636670851736925,0.7091655167276335,target_lookback,linear
persistence,-1,0,24,key,140207_2,,0.6482312679290771,0.268417626619339,1.037318229675293,0.32888513803482056,1.9184532165527344,0.270935960591133,522,,,0.08945600688457489,0.006719331722706556,0.02602871134877205,0.06052960082888603,0.3473946750164032,1.384333610534668,0.4113166630268097,0.5584543943405151,0.6468055248260498,0.6537943482398987,0.6610184907913208,0.6684873104095459,0.6761639714241028,0.6841567754745483,0.6923887133598328,0.7007958292961121,0.70952969789505,0.7105193734169006,0.6942504048347473,0.934819757938385,1.0732965469360352,1.0732965469360352,1.0732965469360352,1.0732965469360352,1.0732965469360352,1.0732965469360352,1.0732965469360352,1.0732965469360352,1.0732965469360352,1.0935431718826294,target_lookback,linear
climatology,-1,0,24,key,140207_2,,1.2105053456292918,0.6981724743512233,1.9396609048966047,1.9474832676022664,1.9184532547738347,0.270935960591133,522,,,0.08396632386480336,0.005755358633951806,0.03952543883236873,0.08447548786708506,0.816446480654266,2.546635720391538,1.141052449411627,1.1527977408819274,1.1649607274225737,1.1775530856582237,1.1905649540916439,1.2040177860974928,1.2179088271491634,1.2323171781525488,1.247220954239606,1.2626071107575898,1.2785843560211796,1.2907190144099874,1.935470970347458,1.935470970347458,1.935470970347458,1.935470970347458,1.935470970347458,1.935470970347458,1.935470970347458,1.935470970347458,1.935470970347458,1.935470970347458,1.935470970347458,1.9879761295256468,target_lookback,linear
ridge,-1,0,24,key,140207_2,,0.46001670651408144,0.21197399661460278,0.7345047070232702,0.44385673359702477,1.2087606126471544,0.270935960591133,522,,,0.09015852790329386,0.00943283474135738,0.049192822119941915,0.0392331011140605,0.1666400208096622,0.9948007396371301,0.3750987844761206,0.44578386987470836,0.440680814751042,0.4792987737690029,0.4759757374665807,0.4734910476712883,0.48450569801259474,0.48338014342096947,0.48562213334379334,0.4911713756801033,0.41887163792253596,0.4647220973454509,0.6327189396477693,0.7433167773547057,0.7290346932366369,0.7847641543037978,0.7709378423731742,0.7585695728836016,0.76774910518755,0.7571457442548237,0.7520064487843283,0.7511743226789019,0.6322504678001211,0.7141672884867987,target_lookback,linear
transformer,1,91,24,key,140207_2,,0.34993764758110046,0.1949063241481781,0.5572513937950134,0.4852198660373688,0.7159551382064819,0.270935960591133,522,0.4329501915708812,0.22897230088710785,0.08292476087808609,0.010884127579629421,0.04396774247288704,0.051735006272792816,0.2267371565103531,0.7337971329689026,0.2877804934978485,0.3801751434803009,0.3251214027404785,0.31326037645339966,0.2964286506175995,0.3442545533180237,0.34588271379470825,0.34963956475257874,0.3669047951698303,0.3798837661743164,0.3872298002243042,0.4247995615005493,0.48280954360961914,0.6341047883033752,0.5368146896362305,0.5109893679618835,0.4770815372467041,0.5492335557937622,0.5462204813957214,0.547054648399353,0.5669839382171631,0.5791653990745544,0.5837525129318237,0.6511449217796326,target_lookback,linear
routed,1,91,24,key,140207_2,,0.4713394858720937,0.23235867280772457,0.753335742168819,0.485219860164444,1.2087606126471544,0.270935960591133,522,,,0.08292476123235061,0.010499213963158942,0.04178480993193738,0.033486385651428315,0.22747072044895195,1.010545846652925,0.36180409420387,0.4517125982854565,0.4410536351345629,0.45617350541799523,0.4508274220822528,0.4773754436600776,0.49206433070969435,0.5044445957033824,0.5122971137497137,0.5304990996879051,0.46888168981169503,0.5176040631897572,0.6099299492861358,0.7554363911106895,0.7313278503412503,0.748599718532041,0.7309923210902676,0.7654020631851203,0.7801814686809628,0.7909450830254396,0.7936051334757924,0.811724813702018,0.7079074722818777,0.7947990674520569,target_lookback,linear
transformer,2,58,24,key,140207_2,,0.4295015037059784,0.22589920461177826,0.6857212781906128,0.612036943435669,0.8529542088508606,0.270935960591133,522,0.48659003831417624,0.2798437476158142,0.08527489006519318,0.00889219343662262,0.03942972794175148,0.04638124629855156,0.21331611275672913,0.9185865521430969,0.44404760003089905,0.4696301817893982,0.43286511301994324,0.41718965768814087,0.37579625844955444,0.3839740753173828,0.39656415581703186,0.4101027250289917,0.4355049729347229,0.46332085132598877,0.4574783742427826,0.4599737226963043,0.7504700422286987,0.7852685451507568,0.7172852158546448,0.6838045716285706,0.60808265209198,0.6144279837608337,0.6274832487106323,0.6403555870056152,0.6739053726196289,0.7082666158676147,0.6906944513320923,0.7059435248374939,target_lookback,linear
routed,2,58,24,key,140207_2,,0.5115308293879003,0.2521391756992931,0.8179025936123488,0.6120369317248393,1.2087606126471544,0.270935960591133,522,,,0.08527489197042275,0.009117148673808933,0.038987247169381685,0.037644301673092344,0.2080358632782158,1.1042356458392266,0.48648405837550435,0.5235038419174023,0.49537573638197796,0.5060793479647431,0.4915142814456231,0.5062512501750891,0.510709522660427,0.5234117739417733,0.5292141146839756,0.5511167650991833,0.49384407303448985,0.5258787892642572,0.8230944075672232,0.8767411380601217,0.82165239787417,0.8306491018914701,0.7972922226059505,0.8121540501882824,0.8097724632657929,0.8195092570837271,0.8197805228500195,0.8435874719410458,0.7459389642353098,0.8078776277496025,target_lookback,linear
transformer,0,5,24,key,140214_1,,0.6905653476715088,0.3002423048019409,1.121178388595581,0.672601580619812,1.963841438293457,0.23636363636363636,726,0.8856749311294766,0.8426342010498047,0.04156702384352684,0.03097441978752613,0.029278161004185677,0.035002030432224274,0.324378103017807,1.5181821584701538,0.4676496982574463,0.6034537553787231,0.6730723977088928,0.6931430697441101,0.682257890701294,0.6944472193717957,0.7232309579849243,0.7364903688430786,0.7384914755821228,0.7449918389320374,0.7569331526756287,0.7607816457748413,0.7901884317398071,1.0124090909957886,1.1219815015792847,1.146575927734375,1.119272232055664,1.1303510665893555,1.167461633682251,1.1780885457992554,1.1723322868347168,1.1721792221069336,1.1807247400283813,1.2025219202041626,target_lookback,linear
routed,0,5,24,key,140214_1,,0.40294966061567744,0.20041445137308592,0.6519022737503435,0.6726015809865464,0.5800006866927269,0.23636363636363636,726,,,0.041567021979609924,0.029418506117516043,0.03702060761404373,0.07692454818165083,0.24254311480674295,0.8706726315058491,0.19696419947634725,0.31701514689191856,0.39284447614957313,0.40497999242279736,0.40979830273045104,0.4390079978984099,0.4366527725652757,0.41350479122240175,0.41558843197161294,0.44668020269278536,0.47700383866099755,0.44207377762292793,0.32910733112926754,0.5296883671782247,0.6524489551791731,0.6673643325267737,0.6687994282898017,0.7112058656231071,0.7013591529806315,0.6570721824632217,0.6575661930019097,0.7018469131188055,0.7437072630647853,0.698326731074027,target_lookback,linear
persistence,-1,0,24,key,140214_1,,0.8672388792037964,0.3090488314628601,1.4084042310714722,0.41894206404685974,2.797342300415039,0.23636363636363636,726,,,0.03878471255302429,0.002299494808539748,0.03900054842233658,0.04353095218539238,0.4605136513710022,1.8961018323898315,0.5104096531867981,0.7174776792526245,0.8808343410491943,0.887796938419342,0.8949273824691772,0.9022326469421387,0.9096400737762451,0.9172343015670776,0.9250588417053223,0.933049738407135,0.9412545561790466,0.9399836659431458,0.8634366393089294,1.2049274444580078,1.46846342086792,1.46846342086792,1.46846342086792,1.46846342086792,1.46846342086792,1.46846342086792,1.46846342086792,1.46846342086792,1.46846342086792,1.4859861135482788,target_lookback,linear
climatology,-1,0,24,key,140214_1,,1.4550602327698048,0.8250578004168081,2.361418863935828,2.2091251147661937,2.7973425486638517,0.23636363636363636,726,,,0.12944249238890973,0.008073520898929196,0.08539567227556215,0.09357232950383844,0.9144443679822917,3.144592940041164,1.3938288503702032,1.4044069740796647,1.4152328558263323,1.426420272632277,1.4378772758701648,1.449615019142487,1.461595362228072,1.4738785778748853,1.4864996783640068,1.4994274730658084,1.5127005068821784,1.520318565178993,2.35791888670204,2.35791888670204,2.35791888670204,2.35791888670204,2.35791888670204,2.35791888670204,2.35791888670204,2.35791888670204,2.35791888670204,2.35791888670204,2.35791888670204,2.4013019718141533,target_lookback,linear
ridge,-1,0,24,key,140214_1,,0.35907449585200185,0.19428144895812324,0.580698894691722,0.5809148366187239,0.5800006866927269,0.23636363636363636,726,,,0.02475161566404866,0.016004713501562063,0.0416093568000858,0.07783304955224127,0.3547139824055874,0.7276789514123422,0.25673193291148994,0.29380767226761717,0.35882403501694154,0.3873405278960351,0.3914615633739519,0.3862814176866908,0.377341924672302,0.3589994321987997,0.34714877330597094,0.35807983967716767,0.3750074367879776,0.4051737724895575,0.43209315278810306,0.4907147697715217,0.5956383297561764,0.6381288499163409,0.6392058179593524,0.6252673857273362,0.6056185377842578,0.5713356989986258,0.5485368038336563,0.562291155959141,0.5842712286313092,0.6395133306760686,target_lookback,linear
transformer,1,17,24,key,140214_1,,0.4319663941860199,0.2046600580215454,0.7002701759338379,0.7679966688156128,0.4112281799316406,0.23636363636363636,726,0.8016528925619835,0.37697145342826843,0.0553467757999897,0.018240369856357574,0.03219486400485039,0.03319287672638893,0.1984928846359253,0.9490225315093994,0.29066309332847595,0.31922778487205505,0.36160701513290405,0.3491203784942627,0.3866861164569855,0.41911908984184265,0.426906943321228,0.4584350287914276,0.4420546293258667,0.524006187915802,0.5594050288200378,0.5937666893005371,0.48846322298049927,0.5325336456298828,0.602279007434845,0.5763952136039734,0.6326075196266174,0.6809278130531311,0.687221884727478,0.7335383296012878,0.7009645700454712,0.8244307041168213,0.8722207546234131,0.9371389150619507,target_lookback,linear
routed,1,17,24,key,140214_1,,0.4496683605026743,0.21992822833341888,0.7279561120770552,0.7679967014707247,0.5800006866927269,0.23636363636363636,726,,,0.05534678064721487,0.014314857387711447,0.03726372173757555,0.07607247695349903,0.2083369755162456,0.9861614173436197,0.2277985237384306,0.32295569461303825,0.4091397135636352,0.40781029543285263,0.43861477311661223,0.45547413548480364,0.4569804695511256,0.45701660548921813,0.4554021767520623,0.534632161032209,0.5666604576932662,0.5979484664985449,0.38107683527857483,0.5384381149260713,0.6800206964508915,0.6719793411484272,0.7162416777870816,0.7375114898697728,0.7346561511041435,0.7288717244651303,0.7208040108032377,0.8407142017732324,0.8835505030995638,0.9437626605838534,target_lookback,linear
transformer,2,7,24,key,140214_1,,0.5928247570991516,0.26412326097488403,0.9620246887207031,0.5189852714538574,1.7450921535491943,0.23636363636363636,726,0.8484848484848485,0.7666715979576111,0.04738694429397583,0.018692215904593468,0.03133677318692207,0.04898011311888695,0.41782206296920776,1.2683124542236328,0.4845219552516937,0.5244559645652771,0.5685755014419556,0.556011974811554,0.5752743482589722,0.569516122341156,0.5979083776473999,0.625497579574585,0.6256129145622253,0.6594473123550415,0.6489011645317078,0.6836011409759521,0.8195681571960449,0.8806981444358826,0.9464670419692993,0.9177399277687073,0.9429857134819031,0.9260428547859192,0.9652882218360901,1.0007933378219604,0.9922473430633545,1.0369235277175903,1.0120558738708496,1.080210566520691,target_lookback,linear
routed,2,7,24,key,140214_1,,0.33078795012294665,0.1736406580197381,0.5340366133226065,0.5189852824999885,0.5800006866927269,0.23636363636363636,726,,,0.04738694211463152,0.018746121917819342,0.0379863545364388,0.07654532234629517,0.29233013084695325,0.6833018239379925,0.1806656905146672,0.22566706026071248,0.2965767880061031,0.3367014139219364,0.3438992676627348,0.3256756846233263,0.3615304608631226,0.36872757603022777,0.36476931539582136,0.3608268094831314,0.3609612206212596,0.406811950920209,0.3016065246488787,0.37501898018822183,0.4906553455397642,0.5536132415708703,0.5603248796818855,0.5254669170257374,0.5798598676052664,0.5863242315461781,0.5752310189274942,0.5652063230121189,0.5623804983867657,0.6421203777902849,target_lookback,linear
transformer,0,4,24,key,140214_2,,0.6299117803573608,0.3136678636074066,0.9836123585700989,1.0611624717712402,0.7680748701095581,0.29577464788732394,522,0.867816091954023,0.9014896154403687,0.08158139884471893,0.024877220392227173,0.06413769721984863,0.044624004513025284,0.20569172501564026,1.3663740158081055,0.4475346803665161,0.5853991508483887,0.6312188506126404,0.6395151019096375,0.6489316821098328,0.6464555859565735,0.6426480412483215,0.6651782989501953,0.6683250665664673,0.6724224090576172,0.6542426347732544,0.6599112749099731,0.7357624173164368,0.9532009363174438,1.017897605895996,1.0210040807724,1.0248301029205322,1.0088635683059692,0.9908179640769958,1.0128846168518066,1.0049799680709839,0.9997912645339966,0.9889708757400513,1.0124356746673584,target_lookback,linear
routed,0,4,24,key,140214_2,,0.7176037386196888,0.36875619600741033,1.121231418538451,1.0611625187329483,1.2527124458165497,0.29577464788732394,522,,,0.08158140118406049,0.024175075930344476,0.061521657566064154,0.04731908440298217,0.2652175011336726,1.5527434606598953,0.4519602471546436,0.6262978923338548,0.7597368414668445,0.7774787754757195,0.7737090470452006,0.752251651497117,0.7313338033910307,0.7381101396121059,0.736265839814283,0.7388302147559332,0.7226985007040637,0.7760920712423862,0.7434703832200463,1.0202005650799804,1.2262346378570599,1.2418603494562412,1.222078291540967,1.1744671713118935,1.1281159023863299,1.1247157215717658,1.1078548074917052,1.0990200596570947,1.0928431384994062,1.1921667354547731,target_lookback,linear
persistence,-1,0,24,key,140214_2,,0.6243318319320679,0.32415324449539185,0.9757938385009766,1.0764923095703125,0.678322434425354,0.29577464788732394,522,,,0.070655956864357,0.00935399904847145,0.04254981502890587,0.0417429655790329,0.40366631746292114,1.311288595199585,0.47237852215766907,0.6202549338340759,0.6111087799072266,0.6177008748054504,0.6245223879814148,0.6315692663192749,0.638870894908905,0.6464317440986633,0.6541441679000854,0.6621376276016235,0.6616405844688416,0.6611169576644897,0.7775528430938721,1.0112438201904297,0.9857755303382874,0.9857755303382874,0.9857755303382874,0.9857755303382874,0.9857755303382874,0.9857755303382874,0.9857755303382874,0.9857755303382874,1.0008076429367065,1.0174534320831299,target_lookback,linear
climatology,-1,0,24,key,140214_2,,0.5898892241521795,0.3697754700001107,0.9201399873802397,1.0044913366584713,0.6783224079478486,0.29577464788732394,522,,,0.09941625477773752,0.010472143223256257,0.028409474877419787,0.0858740640671327,0.6941952541397867,1.0960274550779403,0.5581013201995186,0.5638040773323315,0.569756828247983,0.5759007959340879,0.5822601117629533,0.5888287155737043,0.5956362098321892,0.6026854041414529,0.6098585929360745,0.6172922582885012,0.6155652243927888,0.6137420438300768,0.9172481288754145,0.9172481288754145,0.9172481288754145,0.9172481288754145,0.9172481288754145,0.9172481288754145,0.9172481288754145,0.9172481288754145,0.9172481288754145,0.9172481288754145,0.9292661977486325,0.9426033867300955,target_lookback,linear
ridge,-1,0,24,key,140214_2,,0.5416027524080163,0.2767371751330745,0.8429650767000941,0.5915545731051083,1.2527124458165497,0.29577464788732394,522,,,0.12226449182440523,0.025846089282995328,0.06036265339837371,0.06355680662320272,0.3182726417213513,1.141471844102867,0.4517459973881106,0.5903494285903864,0.606784469859017,0.5810687810788795,0.5616115688457247,0.5412663290301825,0.531068907273842,0.5109086330311383,0.4906951499542852,0.505165032067097,0.5290516804184442,0.5709019948819125,0.7391702116463467,0.9568269204606289,0.9758432713304176,0.92396757632519,0.8825306190254274,0.8407100847498868,0.8160644944604171,0.7757392461783074,0.7364931812794422,0.749263841573063,0.7977517566645518,0.8762596807739915,target_lookback,linear
transformer,1,4,24,key,140214_2,,0.6739185452461243,0.32846203446388245,1.0529028177261353,1.1184085607528687,0.8774697184562683,0.29577464788732394,522,0.8735632183908046,0.9123537540435791,0.08425997197628021,0.023814082145690918,0.05293995514512062,0.04160430282354355,0.19813503324985504,1.4656898975372314,0.4573018550872803,0.6329759955406189,0.7338919639587402,0.7152090072631836,0.6939549446105957,0.6844643354415894,0.673067033290863,0.6564836502075195,0.681527853012085,0.7038791179656982,0.7190346717834473,0.7229661345481873,0.7523531317710876,1.0316431522369385,1.1844909191131592,1.1416765451431274,1.0955185890197754,1.06785249710083,1.0388952493667603,1.0005160570144653,1.0271365642547607,1.0476601123809814,1.0854218006134033,1.1102136373519897,target_lookback,linear
routed,1,4,24,key,140214_2,,0.7420585155519795,0.3780221339631321,1.1597531693557315,1.1184085878783283,1.2527124458165497,0.29577464788732394,522,,,0.08425997309055847,0.023767700808994572,0.04787998789634002,0.05045441059129576,0.27321173563988616,1.6062757438038981,0.46294994042785076,0.6657722142243655,0.8178989444153315,0.8197345632167233,0.7951939830298179,0.77619917370934,0.7505655699163148,0.7290408167756112,0.7167270165394652,0.7290401602228954,0.7817993455871415,0.8214271097605218,0.7617258304818363,1.0850070617256293,1.320452635842874,1.3089034849042962,1.2559735965390653,1.2116863898080825,1.158784289870297,1.1114001261645627,1.0803159348525055,1.0852239647102109,1.1807815095615104,1.2624272709513142,target_lookback,linear
transformer,2,5,24,key,140214_2,,0.7005340456962585,0.3457283079624176,1.0946286916732788,1.162584662437439,0.9126851558685303,0.29577464788732394,522,0.8697318007662835,0.8990926146507263,0.08532169461250305,0.024581652134656906,0.04707928001880646,0.049321822822093964,0.20325270295143127,1.524131178855896,0.4715734124183655,0.6764360070228577,0.7428332567214966,0.7514317035675049,0.7462417483329773,0.7345134019851685,0.7125219106674194,0.6958147883415222,0.7236866354942322,0.7225457429885864,0.7272345423698425,0.6777966022491455,0.7746673822402954,1.1016523838043213,1.1986838579177856,1.1998006105422974,1.177561640739441,1.1470451354980469,1.0996280908584595,1.0600284337997437,1.0909050703048706,1.0751475095748901,1.0999544858932495,1.0418375730514526,target_lookback,linear
routed,2,5,24,key,140214_2,,0.7613071631190962,0.39034583766652053,1.1899533600748202,1.1625847154501117,1.2527124458165497,0.29577464788732394,522,,,0.0853216885365783,0.02438927209887565,0.04413036247154718,0.051342025500109766,0.27439680911899506,1.6490733309445689,0.4786108071222495,0.7097538831688114,0.812047588473331,0.826307507870432,0.8216516197174607,0.8112685002344383,0.7863027512203282,0.7566234320585887,0.7684188770621068,0.7614494728997626,0.7867602800755029,0.7818538455434706,0.7865905368924876,1.1565096543361773,1.310764819653851,1.3194416076796747,1.296880438742921,1.2672410564073897,1.2136959893263277,1.153158582036889,1.1585812709161343,1.133242032216006,1.1902309414047523,1.2025629971008855,target_lookback,linear
transformer,0,18,24,key,140227_1,,0.6832696795463562,0.33701327443122864,1.1590789556503296,1.123384952545166,1.5358086824417114,0.07428571428571429,2538,0.7001576044129235,0.3842581808567047,0.1259613037109375,0.009331353940069675,0.06180804222822189,0.04539637640118599,0.2724520266056061,1.5643731355667114,0.46029382944107056,0.7075337767601013,0.704227089881897,0.7192671895027161,0.6882479786872864,0.6909839510917664,0.6572691798210144,0.6806443333625793,0.6795302033424377,0.7042299509048462,0.7122358083724976,0.7575265169143677,0.7883225679397583,1.2129379510879517,1.2040220499038696,1.2269667387008667,1.1711772680282593,1.1725881099700928,1.1126816272735596,1.1497715711593628,1.1449521780014038,1.1843085289001465,1.194146752357483,1.2773351669311523,target_lookback,linear
routed,0,18,24,key,140227_1,,0.6777417405827367,0.33237297069273136,1.149616136184582,1.1233850128870182,1.4368772464503983,0.07428571428571429,2538,,,0.12596130645924097,0.009425365060060914,0.06194629913905237,0.04581163059511373,0.2179222578368813,1.5587406077184711,0.4384000093604206,0.6965208356305674,0.6876608467587633,0.7118796090235026,0.6916437597205933,0.7023337041453886,0.6627820079055231,0.6766431131548699,0.679236198162847,0.7029524239488277,0.7024028240321137,0.7391229628556862,0.7503872279331375,1.1938023515342797,1.1754043187207426,1.2142553825424798,1.1769886914918335,1.1920113603659348,1.1221064001145793,1.1430069943856547,1.1444539108928933,1.1821417681549395,1.1775154852843286,1.2461056859787347,target_lookback,linear
persistence,-1,0,24,key,140227_1,,0.4558243155479431,0.1576305776834488,0.7699966430664062,0.34824687242507935,2.5436182022094727,0.07428571428571429,2538,,,0.12620475888252258,0.0025716684758663177,0.05438363179564476,0.029122650623321533,0.29435640573501587,1.0164440870285034,0.32270583510398865,0.4090821444988251,0.4671911895275116,0.4682811498641968,0.4693787693977356,0.47048404812812805,0.4715486764907837,0.47263097763061523,0.4737602770328522,0.47488176822662354,0.4760010838508606,0.47426292300224304,0.5494502186775208,0.6968451142311096,0.7954176664352417,0.7954176664352417,0.7954176664352417,0.7954176664352417,0.7954176664352417,0.7954176664352417,0.7954176664352417,0.7954176664352417,0.7954176664352417,0.7959924340248108,target_lookback,linear
climatology,-1,0,24,key,140227_1,,1.1881458267963159,0.6460265669661087,2.019619938444685,1.9715435552481004,2.543618188263567,0.07428571428571429,2538,,,0.1500912385573354,0.009631326845964731,0.05628593938677133,0.08842607502568538,0.730067897609936,2.676295101776399,1.173162264124041,1.1758415819955612,1.178539647293141,1.1812898985511775,1.1840594954348282,1.1868486246763228,1.1896383401286141,1.1924519320681173,1.1953012739937048,1.1981648154871638,1.2010450013254224,1.2028133535282128,2.0186271384317163,2.0186271384317163,2.0186271384317163,2.0186271384317163,2.0186271384317163,2.0186271384317163,2.0186271384317163,2.0186271384317163,2.0186271384317163,2.0186271384317163,2.0186271384317163,2.0306595227578845,target_lookback,linear
ridge,-1,0,24,key,140227_1,,1.2977846444342291,0.6300153891990811,2.2061072851857735,2.2564983333852897,1.4368772464503983,0.07428571428571429,2538,,,0.15662734958168278,0.027233479262431724,0.05192913916923005,0.10778929443184336,0.6880917540467958,2.947490344873828,0.9491373906503132,1.3284897421493636,1.5229208344014216,1.558515926561776,1.4737539374322737,1.4333462473211325,1.406615744145734,1.3404732492365192,1.1993793493725635,1.12128787667279,1.083287985024486,0.9383610913679015,1.6337232539781206,2.282506183506127,2.6109206847848023,2.6657618905712144,2.5144743752511802,2.4394741468044376,2.387895289936496,2.268923190904355,2.023785696536365,1.885457340126182,1.8164230116345539,1.5794344771990678,target_lookback,linear
transformer,1,12,24,key,140227_1,,0.6636037230491638,0.3332626223564148,1.1252719163894653,1.0266847610473633,1.9773765802383423,0.07428571428571429,2538,0.685973207249803,0.5023679137229919,0.12843091785907745,0.007739908993244171,0.057153720408678055,0.05551762878894806,0.3698909282684326,1.499481201171875,0.3326725363731384,0.5297559499740601,0.6739943623542786,0.6913353204727173,0.6874299645423889,0.6856821179389954,0.6834114193916321,0.6805198788642883,0.7024805545806885,0.7055864334106445,0.7106375694274902,0.7812138199806213,0.5659905076026917,0.9040000438690186,1.1522533893585205,1.1788830757141113,1.169599175453186,1.164131760597229,1.156762957572937,1.1482247114181519,1.1845606565475464,1.185316801071167,1.1923742294311523,1.3178272247314453,target_lookback,linear
routed,1,12,24,key,140227_1,,0.6270021396122033,0.3218432999014856,1.0626145791640824,1.0266846868799158,1.4368772464503983,0.07428571428571429,2538,,,0.12843091469711448,0.007535324165155013,0.0574728415074933,0.05673787643454519,0.3510668993101365,1.4156060154512913,0.28107932424870957,0.4695506405960347,0.6104576915915956,0.6533650186782924,0.6713959458905902,0.6806105983288745,0.669887866451858,0.6568057962306397,0.6787630387571714,0.66993398159451,0.6569037242218024,0.7073091373273027,0.47573406247562067,0.799225018170955,1.0425993401323692,1.1135051037049746,1.1420453776140977,1.1554204520826565,1.1336852635021046,1.1078668328632926,1.144287173427546,1.1248294713404583,1.1015379591316068,1.1924434395110735,target_lookback,linear
transformer,2,12,24,key,140227_1,,0.567996084690094,0.29568183422088623,0.9616948962211609,0.9370814561843872,1.2277019023895264,0.07428571428571429,2538,0.6552403467297084,0.4644891321659088,0.12489592283964157,0.007703026756644249,0.06517104059457779,0.04985364153981209,0.3483622372150421,1.274216651916504,0.3304455578327179,0.4801453948020935,0.5833788514137268,0.5618696808815002,0.5770562887191772,0.5896012187004089,0.6050482988357544,0.5584744811058044,0.5745307207107544,0.6157318949699402,0.6231422424316406,0.6572761535644531,0.5624580383300781,0.819196343421936,0.9954116940498352,0.9565529823303223,0.9806321263313293,0.9988127946853638,1.0230916738510132,0.9417242407798767,0.9653472304344177,1.0341715812683105,1.0434582233428955,1.1072906255722046,target_lookback,linear
routed,2,12,24,key,140227_1,,0.5804137784133021,0.297377236076251,0.9829858787301049,0.9370814480794564,1.4368772464503983,0.07428571428571429,2538,,,0.12489592224838934,0.007650005952088595,0.06528189343590868,0.04857924786850801,0.31585728563910803,1.3114175571687292,0.30882313092835756,0.496162458615482,0.6055451725285368,0.5874000598519076,0.603019486092458,0.6172231023845983,0.6253690652132938,0.5742759464771944,0.5843199656995257,0.6196092960246148,0.6195796343958395,0.652798961235413,0.5246665703059131,0.8468764672946951,1.0335366100665142,1.0004530666377325,1.0252830240217135,1.0465383753940087,1.057834269419888,0.9686596046771084,0.9820344438879449,1.0407542687405953,1.037425081357962,1.0996866630949864,target_lookback,linear
transformer,0,3,24,key,140313_1,,0.5971020460128784,0.32169264554977417,0.9473164081573486,0.9543038606643677,0.8151786923408508,0.053974484789008834,2658,0.6136192626034612,0.8752887845039368,0.16707958281040192,0.029992600902915,0.18194825947284698,0.13578565418720245,0.6767504215240479,1.0973916053771973,0.43367666006088257,0.5502126216888428,0.5910216569900513,0.6074357628822327,0.6091321706771851,0.6199681162834167,0.6163809895515442,0.6192835569381714,0.6220892667770386,0.629197359085083,0.6270568370819092,0.6180766224861145,0.694490373134613,0.8791069388389587,0.9449127912521362,0.9664509296417236,0.9660519361495972,0.9849936962127686,0.9758670926094055,0.9795137643814087,0.9842552542686462,0.9884157776832581,0.9849306344985962,0.9780178070068359,target_lookback,linear
routed,0,3,24,key,140313_1,,0.5967557983217192,0.3228704993364493,0.946664953281625,0.9543038856111115,0.8010333830318214,0.053974484789008834,2658,,,0.1670795836777266,0.02993872500902891,0.18287815026709356,0.13586312806894862,0.667073846415663,1.1005696104516247,0.434992009641277,0.549387659046154,0.5916425461656497,0.6075407600473475,0.609144439697693,0.6176737293523785,0.6141933480798172,0.6164546058281888,0.6186342950336085,0.6294681258759384,0.6287183721750119,0.6220187323239443,0.6964906788673113,0.8777503063053245,0.945328847629847,0.9661773886364937,0.9658142160720284,0.9816304266950024,0.9724886864181534,0.9747513607506412,0.9784260763716147,0.9890248210457022,0.9876310046054413,0.9844234075870583,target_lookback,linear
persistence,-1,0,24,key,140313_1,,0.6068935394287109,0.3214929699897766,0.9650312662124634,0.9782726764678955,0.6930167078971863,0.053974484789008834,2658,,,0.162364661693573,0.02985091134905815,0.16848184168338776,0.13129417598247528,0.6771740913391113,1.1231215000152588,0.4373002052307129,0.5599676966667175,0.6044710874557495,0.6215142607688904,0.622671365737915,0.6271300911903381,0.6285441517829895,0.6299619078636169,0.6310096979141235,0.6321589350700378,0.6332306265830994,0.6319422721862793,0.7005906701087952,0.8957314491271973,0.967439591884613,0.9933301210403442,0.9929437637329102,0.9979682564735413,0.9979682564735413,0.9979682564735413,0.9979682564735413,0.9979682564735413,0.9979682564735413,0.9994158744812012,target_lookback,linear
climatology,-1,0,24,key,140313_1,,0.9897422109638707,0.609027933579434,1.5844519597795175,1.6205924333890023,0.6930166468061926,0.053974484789008834,2658,,,0.16712669245661566,0.019003067526542385,0.14062442305244374,0.28130307394102966,1.867158557880814,1.3524271468124631,0.9780392592662667,0.9801678886739107,0.9823212443619784,0.9845113926392182,0.9867163083888401,0.9889341374216746,0.9911669664071118,0.9934112673223713,0.9954302118029748,0.9975228734326026,0.99957582903342,1.00014558494876,1.58390815262181,1.58390815262181,1.58390815262181,1.58390815262181,1.58390815262181,1.58390815262181,1.58390815262181,1.58390815262181,1.58390815262181,1.58390815262181,1.58390815262181,1.590492498177216,target_lookback,linear
ridge,-1,0,24,key,140313_1,,0.707498423461963,0.41656113987113286,1.127906758279045,1.1437426545048466,0.8010333830318214,0.053974484789008834,2658,,,0.19232740494603154,0.027465109149418094,0.1645310534012066,0.13310629294455353,0.7467528448664967,1.3308480215524943,0.5890869378941198,0.750608272336541,0.8877498003520847,0.7822730377274567,0.7402492913792774,0.7207152323409274,0.6997338910226225,0.6627602638206301,0.6077823602354238,0.6256154851632868,0.6754557911028866,0.6884873211641837,0.9504277791097813,1.207214994937412,1.4305080833684645,1.2554442909914916,1.1838495879782927,1.1490774472724046,1.1127687274493745,1.0499131821029954,0.9588035407674547,0.9867872082216266,1.065822383943963,1.0910850180384233,target_lookback,linear
transformer,1,5,24,key,140313_1,,0.6255591511726379,0.35843199491500854,0.9946885108947754,0.9837393760681152,1.1700775623321533,0.053974484789008834,2658,0.5436418359668924,0.7794582843780518,0.16999413073062897,0.03329726681113243,0.17193827033042908,0.13361915946006775,0.6917321681976318,1.1602550745010376,0.4396490156650543,0.5626147985458374,0.6391579508781433,0.643493115901947,0.646591067314148,0.6503199338912964,0.6480700969696045,0.6426106095314026,0.64900803565979,0.655092179775238,0.6578910946846008,0.6438658237457275,0.7032930850982666,0.9001756906509399,1.0235328674316406,1.027295708656311,1.0319230556488037,1.036766529083252,1.0303895473480225,1.017573356628418,1.0253814458847046,1.0329339504241943,1.0368328094482422,1.0174565315246582,target_lookback,linear
routed,1,5,24,key,140313_1,,0.6133982096211106,0.3519744471096505,0.9747526473969531,0.983739393282558,0.8010333830318214,0.053974484789008834,2658,,,0.16999412092399038,0.033181041426463456,0.17129398933691958,0.13439952071448008,0.6788880894013084,1.136575945888085,0.4420720529626006,0.5592836479169351,0.6226737216900464,0.6268327753968386,0.6298705090355172,0.6353399816317542,0.6346605983331426,0.6288484399830546,0.6350038325464558,0.6406521590396664,0.6461848729364246,0.6357182528316616,0.7070403063211118,0.8945317651578367,0.9958498512261887,1.0000381505478428,1.0047330852587468,1.0124361225362306,1.008701849122723,0.9951168539958617,1.0025137420938888,1.0093397505435415,1.0178651628905704,1.0041958961757118,target_lookback,linear
transformer,2,5,24,key,140313_1,,0.6012268662452698,0.3275283873081207,0.9542151093482971,0.9610613584518433,0.8250465989112854,0.053974484789008834,2658,0.5684725357411587,0.794256865978241,0.1690388023853302,0.03887754678726196,0.177261084318161,0.1354929357767105,0.680414617061615,1.1059268712997437,0.4343920648097992,0.5546322464942932,0.5997634530067444,0.6074231863021851,0.6118778586387634,0.6281155943870544,0.6248375773429871,0.627385139465332,0.6219424605369568,0.6252530813217163,0.6288212537765503,0.6279084086418152,0.6957806944847107,0.8833436369895935,0.9555270075798035,0.9714490175247192,0.9732257723808289,0.9977840781211853,0.9909027814865112,0.9906183481216431,0.9827694296836853,0.98573237657547,0.9905407428741455,0.9906415939331055,target_lookback,linear
routed,2,5,24,key,140313_1,,0.6005245564484687,0.3285952710183581,0.9531101409794938,0.9610613429163504,0.8010333830318214,0.053974484789008834,2658,,,0.16903881229967352,0.03872296917875166,0.17751436965248416,0.13390656883352364,0.6747400273047349,1.1067362309590734,0.43734124221206583,0.5527051620662544,0.6015968202963208,0.6079333989376746,0.6109750046236948,0.6267297303344963,0.6202356523197042,0.62197753610603,0.6187925706727049,0.6240474252174204,0.6297313009785934,0.6328340117308774,0.7004704026571956,0.8800305858175432,0.9585471079037358,0.9728113162453889,0.9717838264309109,0.9953870683683413,0.9838187837604437,0.9816309204796523,0.9776292541316969,0.9838370819354212,0.992015675553674,0.9986686283776576,target_lookback,linear
transformer,0,2,36,key,140120_1,,1.0007164478302002,0.45070725679397583,1.6589738130569458,1.1687862873077393,3.665789842605591,0.11482254697286012,1326,0.6485671191553545,0.7437443137168884,0.1787237524986267,0.023855917155742645,0.09179352968931198,0.05414402484893799,1.0162217617034912,2.073908567428589,0.6272073984146118,0.8572919964790344,1.0126357078552246,1.0216407775878906,1.0210262537002563,1.0439002513885498,1.0418206453323364,1.0474721193313599,1.059985876083374,1.0749006271362305,1.0725263357162476,1.065882921218872,1.0589079856872559,1.445068120956421,1.7026084661483765,1.7111798524856567,1.7028388977050781,1.7331233024597168,1.7206403017044067,1.7248152494430542,1.7364648580551147,1.7527611255645752,1.7405402660369873,1.7438746690750122,target_lookback,linear
routed,0,2,36,key,140120_1,,0.8373306798004327,0.41387790630196086,1.3856476277882548,1.168786256508083,2.488078013241932,0.11482254697286012,1326,,,0.17872374763845086,0.02317020284337381,0.09600304068486698,0.06540660797031418,1.0191997001363042,1.6473751673125376,0.6727270680079489,0.8415812855162468,0.8963182905414937,0.8693536822109745,0.852352472386363,0.8442280973871361,0.8633178530264054,0.8767016191109488,0.8616553485942181,0.8372966117866807,0.8047982175703914,0.8086120028606945,1.1371269744281318,1.418159556728575,1.5050684984576743,1.4536092393693238,1.4186960923858893,1.3983280110398013,1.4225466835375793,1.4417318254070437,1.4092421484992084,1.3626662258306363,1.302903331807299,1.3201231824749204,target_lookback,linear
persistence,-1,0,36,key,140120_1,,0.9819528460502625,0.4451623857021332,1.6282511949539185,1.162688136100769,3.5592241287231445,0.11482254697286012,1326,,,0.176591694355011,0.027495136484503746,0.07332804054021835,0.04756961762905121,0.9918652772903442,2.037937641143799,0.6285778880119324,0.8626123070716858,1.0031880140304565,1.0076169967651367,1.0121049880981445,1.016638159751892,1.0212410688400269,1.0259027481079102,1.0306334495544434,1.035408854484558,1.0402344465255737,1.0450993776321411,1.061637282371521,1.455055594444275,1.688321828842163,1.688321828842163,1.688321828842163,1.688321828842163,1.688321828842163,1.688321828842163,1.688321828842163,1.688321828842163,1.688321828842163,1.7097035646438599,target_lookback,linear
climatology,-1,0,36,key,140120_1,,2.3468957513762674,1.1373379293321972,3.900727893321012,3.94286008638234,3.5592237372270774,0.11482254697286012,1326,,,0.24581078478568558,0.011249233764870532,0.04926924296284713,0.09117119705882397,0.6972915813942576,5.337029552175854,2.2906174919846527,2.3005550519262172,2.310602571977549,2.3208038355604166,2.331141431490701,2.3416117605387097,2.352227998642484,2.3629880916490267,2.3738992424509266,2.3849536579460064,2.3961566302612853,2.4075064999638194,3.896667025483457,3.896667025483457,3.896667025483457,3.896667025483457,3.896667025483457,3.896667025483457,3.896667025483457,3.896667025483457,3.896667025483457,3.896667025483457,3.896667025483457,3.946253301025286,target_lookback,linear
ridge,-1,0,36,key,140120_1,,1.1993316090644848,0.6381938493729258,1.9897214243126118,1.9155998025593743,2.488078013241932,0.11482254697286012,1326,,,0.18191509453449434,0.012724378870831622,0.09684946642663371,0.09429520058422579,1.505540742558743,2.3416744114149846,1.1257021755270948,1.3475653016371365,1.3138519595336824,1.2739789404823543,1.2465678094641115,1.1927614740042614,1.1556533389163994,1.1312674083268508,1.1147262693008635,1.1349659528802438,1.1348234320525628,1.172671836211828,1.9113829154310578,2.2803430253207484,2.213553799100748,2.136376229339147,2.0805923081609254,1.9813696458365653,1.9105642561088427,1.8613891744627569,1.825142042059376,1.8500293038527356,1.8402946660791393,1.916593339122637,target_lookback,linear
transformer,1,2,36,key,140120_1,,1.0006825923919678,0.44634148478507996,1.6596875190734863,1.1728930473327637,3.65848445892334,0.11482254697286012,1326,0.6704374057315233,0.7498871088027954,0.16208422183990479,0.026868732646107674,0.09216978400945663,0.05218645930290222,1.0135046243667603,2.076190710067749,0.629124104976654,0.8636704087257385,0.996164858341217,1.016099452972412,1.024436116218567,1.0322188138961792,1.0324500799179077,1.0681630373001099,1.053871512413025,1.0708482265472412,1.081119179725647,1.0794600248336792,1.0617986917495728,1.4564729928970337,1.6761069297790527,1.7016345262527466,1.709794282913208,1.714941382408142,1.7070062160491943,1.7586406469345093,1.7265269756317139,1.7476552724838257,1.7555620670318604,1.7669222354888916,target_lookback,linear
routed,1,2,36,key,140120_1,,0.8386219912117342,0.4099595562068487,1.3887159249944692,1.1728930515923754,2.488078013241932,0.11482254697286012,1326,,,0.16208421183221816,0.026319790378406635,0.09628217053237019,0.06473916983853056,1.0165856873930788,1.6537288834896966,0.672847814922282,0.8365794232076956,0.892494991493582,0.8634221343411587,0.851033499469656,0.8483411181627023,0.8724626974935674,0.8828672736730325,0.8675734031869561,0.8315265792928987,0.8131734989655474,0.8132873484815505,1.1368449298164045,1.4101363339638633,1.5001533076872478,1.443343182809838,1.4179776920217733,1.4069514110349177,1.4401467800023056,1.4514892482435546,1.419109815244899,1.3550795817035084,1.317931797093547,1.3287723368819222,target_lookback,linear
transformer,2,2,36,key,140120_1,,1.005893349647522,0.4529769718647003,1.6681804656982422,1.1565254926681519,3.731565475463867,0.11482254697286012,1326,0.6463046757164405,0.7387114763259888,0.16555948555469513,0.02889535017311573,0.09142681211233139,0.05689016357064247,0.9943392276763916,2.0973682403564453,0.6467107534408569,0.8636373281478882,1.0113577842712402,1.020649790763855,1.0383515357971191,1.0327705144882202,1.038006067276001,1.0481199026107788,1.0711816549301147,1.070246696472168,1.0849266052246094,1.088472604751587,1.0928510427474976,1.4562087059020996,1.7015156745910645,1.7110332250595093,1.7313878536224365,1.7146215438842773,1.7169700860977173,1.7252182960510254,1.7548214197158813,1.7451393604278564,1.7622655630111694,1.7814420461654663,target_lookback,linear
routed,2,2,36,key,140120_1,,0.8314246092636218,0.4128024041911969,1.3765111280836544,1.1565255090116977,2.488078013241932,0.11482254697286012,1326,,,0.1655594904757687,0.028420801345009294,0.09444077475436118,0.06637509562478916,0.9949546168300081,1.6461665759561759,0.6791883338809498,0.8341222658220587,0.881825078837122,0.8454625592836685,0.8399712526683308,0.8390965310697869,0.8684879659263879,0.8792328341254149,0.8591649712309865,0.8266142620792779,0.8028201398145706,0.8054299108433081,1.1486045882053033,1.4057362950056047,1.48168288157883,1.415069323399101,1.3975163469545677,1.3901481008005996,1.4344114107445327,1.4451218260565986,1.405105344431039,1.3452313348389238,1.3016660786080596,1.3154127171460346,target_lookback,linear
transformer,0,8,36,key,140206_1,,0.7359521985054016,0.38785994052886963,1.1768332719802856,1.1284760236740112,1.2980424165725708,0.270935960591133,522,0.6283524904214559,0.5976647734642029,0.06916717439889908,0.03402414172887802,0.06313023716211319,0.10649488121271133,0.5643923282623291,1.6042211055755615,0.6244596838951111,0.7515741586685181,0.7027029395103455,0.703971803188324,0.7257826924324036,0.739072322845459,0.7474745512008667,0.7622484564781189,0.751430332660675,0.7681969404220581,0.7797161936759949,0.7925786375999451,1.0570164918899536,1.261027216911316,1.1657029390335083,1.1487592458724976,1.1755598783493042,1.1848156452178955,1.184665560722351,1.1954970359802246,1.1651027202606201,1.1760830879211426,1.1800016164779663,1.2197920083999634,target_lookback,linear
routed,0,8,36,key,140206_1,,0.6902600473961736,0.3778455116016296,1.1028140578212378,1.128476001199675,1.030591790645631,0.270935960591133,522,,,0.06916717239174024,0.03254920367682436,0.07522921985996066,0.11257293418525849,0.5923954149257087,1.476689028381773,0.5763462880201569,0.677401344832777,0.650719553301727,0.6720379136028717,0.6982231117651491,0.7027206101214233,0.6859370023780199,0.7092579596945325,0.7162701982234383,0.745634882142121,0.7241989018589734,0.7430147728728049,0.9742946300755035,1.1332908306847356,1.0752029033295967,1.0975036149273205,1.1301447713527042,1.1260580409902485,1.0856417355008237,1.111736126488915,1.1107521435670082,1.1419239232233191,1.0958377341664784,1.143298523384257,target_lookback,linear
persistence,-1,0,36,key,140206_1,,0.8583722114562988,0.40919268131256104,1.3749645948410034,0.9642476439476013,2.1156158447265625,0.270935960591133,522,,,0.027968034148216248,0.05361480638384819,0.04978800565004349,0.06728704273700714,0.5078630447387695,1.9261877536773682,0.6255089640617371,0.8391647338867188,0.840667724609375,0.8497231006622314,0.8591010570526123,0.8686992526054382,0.878660261631012,0.8890320062637329,0.8997799754142761,0.9107316732406616,0.9220943450927734,0.9300126433372498,1.0602160692214966,1.4081981182098389,1.3958966732025146,1.3958966732025146,1.3958966732025146,1.3958966732025146,1.3958966732025146,1.3958966732025146,1.3958966732025146,1.3958966732025146,1.3958966732025146,1.4324803352355957,target_lookback,linear
climatology,-1,0,36,key,140206_1,,1.2033521550920792,0.6347547917568718,1.9264997725868906,1.8513031650617775,2.1156155964187855,0.270935960591133,522,,,0.1097301585902595,0.028114119389798523,0.0604878138206492,0.13165159725950348,0.5683022027507306,2.7364380888531215,1.1343151615812916,1.1460184422191066,1.158060595011711,1.1705564314720143,1.1834827621834352,1.1967763953904877,1.2105528597091595,1.2248598594409394,1.2396864084077648,1.2549227530946552,1.270735881956144,1.2843496051737102,1.922145767802541,1.922145767802541,1.922145767802541,1.922145767802541,1.922145767802541,1.922145767802541,1.922145767802541,1.922145767802541,1.922145767802541,1.922145767802541,1.922145767802541,1.976676265309587,target_lookback,linear
ridge,-1,0,36,key,140206_1,,0.784551828262098,0.4085031405179314,1.2541564749397722,1.327677938844408,1.030591790645631,0.270935960591133,522,,,0.08530236785171733,0.035659446419921595,0.08460730459602035,0.10100687991458628,0.4789346438324329,1.7522513199091458,0.6389127236061674,0.7175289817496793,0.6729707924557549,0.6716095336612039,0.7187320467741406,0.7596376373667818,0.7911769406002311,0.8193575314169049,0.8469865870734837,0.9073104591580677,0.9450975321363507,0.9407065678765665,1.078850210555966,1.1984784049816983,1.1125765552048288,1.099002776891888,1.164673861160102,1.2185963874842218,1.255373055966121,1.284877234809083,1.3127024251963464,1.3893594086783396,1.4293568194168762,1.4473488483432704,target_lookback,linear
transformer,1,9,36,key,140206_1,,0.7666605114936829,0.3985013961791992,1.227182149887085,1.055368423461914,1.6003999710083008,0.270935960591133,522,0.5977011494252874,0.6805145144462585,0.06280840188264847,0.04108690097928047,0.055260948836803436,0.07533076405525208,0.5517481565475464,1.6867733001708984,0.6223434209823608,0.7623856663703918,0.7366869449615479,0.7403465509414673,0.7556561231613159,0.7743640542030334,0.7789566516876221,0.7908700108528137,0.8009940385818481,0.8034275770187378,0.8233053684234619,0.8305919766426086,1.0546789169311523,1.278816819190979,1.221773386001587,1.2154706716537476,1.2274478673934937,1.243617057800293,1.2363882064819336,1.2406889200210571,1.2423598766326904,1.230432391166687,1.2453991174697876,1.277368426322937,target_lookback,linear
routed,1,9,36,key,140206_1,,0.6562644505991551,0.36509874144996357,1.048713311675022,1.055368360519567,1.030591790645631,0.270935960591133,522,,,0.06280840228409597,0.038765545760794565,0.06849841099876136,0.10212384352068592,0.5706701838577493,1.4009417359460763,0.5643938450864823,0.6491590099249702,0.6446749531122982,0.6370421580889436,0.6279431711451215,0.6436749225075787,0.6690400139073707,0.6813240031327208,0.6950313325876224,0.7037985431068241,0.6984964411114534,0.676953852158443,0.9552153050681185,1.085477372182395,1.0649995434353647,1.0424664702747748,1.0165993516746483,1.0322501357552938,1.0610864688735495,1.068061001162764,1.0778537497055531,1.0772908758691655,1.0560716459380193,1.0399907758395808,target_lookback,linear
transformer,2,10,36,key,140206_1,,0.6184642910957336,0.3307609260082245,0.988176703453064,1.0072882175445557,0.9348111152648926,0.270935960591133,522,0.7183908045977011,0.7897115349769592,0.08275329321622849,0.03581509366631508,0.05718369036912918,0.0872824639081955,0.6820250153541565,1.2435508966445923,0.5870925188064575,0.646638035774231,0.64333176612854,0.6563360095024109,0.6513752341270447,0.6536891460418701,0.6166247725486755,0.604448139667511,0.6091831922531128,0.5722997188568115,0.5655730366706848,0.5861418843269348,0.9940589070320129,1.0839723348617554,1.0625606775283813,1.0756800174713135,1.056960940361023,1.0474457740783691,0.9774383902549744,0.9471316933631897,0.9420197606086731,0.8740826845169067,0.8525527715682983,0.9022588133811951,target_lookback,linear
routed,2,10,36,key,140206_1,,0.6349773518253492,0.3471188453955299,1.0136549188965898,1.0072882336039164,1.030591790645631,0.270935960591133,522,,,0.08275328976873297,0.03518393090220562,0.06957949027681594,0.1105518245395167,0.702779558066381,1.2736698262722406,0.5518088891280472,0.6218093416565875,0.6709456096996772,0.6828264882903073,0.6453404944689954,0.6649157746608081,0.6243501137967227,0.6308234139681732,0.6519610182381292,0.6246981183126322,0.6279124975355429,0.6134614018840252,0.9333133244644467,1.0390868172002112,1.1060943416902445,1.1161935084343328,1.0439207187330273,1.0644271088731598,0.990062970308139,0.9885654249915593,1.009973346544894,0.9550531261739174,0.9473813896212849,0.9444076752898444,target_lookback,linear
transformer,0,36,36,key,140207_2,,0.5148041844367981,0.2940116822719574,0.8224425315856934,0.7618590593338013,0.9667946100234985,0.270935960591133,522,0.3620689655172414,0.31810644268989563,0.0843631774187088,0.01309401635080576,0.05234517157077789,0.05828315019607544,0.3148757815361023,1.0882054567337036,0.4322461783885956,0.5147947072982788,0.4768955409526825,0.493645578622818,0.5074691772460938,0.5238668322563171,0.5205425024032593,0.5421956777572632,0.5528040528297424,0.5673189163208008,0.5568657517433167,0.4975813925266266,0.7296265363693237,0.8601000905036926,0.7889249920845032,0.80705726146698,0.8225246667861938,0.8401858806610107,0.8251944780349731,0.8498629331588745,0.8571348786354065,0.8681406378746033,0.8415488004684448,0.7637883424758911,target_lookback,linear
routed,0,36,36,key,140207_2,,0.5753344861522831,0.3095394674307366,0.9201864265629016,0.7618591225339529,1.2503475979390544,0.270935960591133,522,,,0.08436317493431002,0.01375325590735566,0.0472426612256642,0.045877976535465964,0.30103059294822504,1.229573836159678,0.484317036254342,0.5675504042879986,0.5355754091622323,0.5582126531931758,0.5664807675548851,0.5794561155154005,0.5957235873515698,0.6089830373171565,0.6248879998351011,0.6396877632156901,0.5812603204055009,0.5715091665956884,0.8187723682734604,0.949861149461528,0.8876788671212279,0.9156838023432492,0.9192450653487376,0.9302445571883001,0.94520760268877,0.955090708692053,0.9690866209837402,0.9794384874021864,0.8785775053940681,0.8781126950433394,target_lookback,linear
persistence,-1,0,36,key,140207_2,,0.6482312679290771,0.268417626619339,1.037318229675293,0.32888513803482056,1.9184532165527344,0.270935960591133,522,,,0.08945600688457489,0.006719331722706556,0.02602871134877205,0.06052960082888603,0.3473946750164032,1.384333610534668,0.4113166630268097,0.5584543943405151,0.6468055248260498,0.6537943482398987,0.6610184907913208,0.6684873104095459,0.6761639714241028,0.6841567754745483,0.6923887133598328,0.7007958292961121,0.70952969789505,0.7105193734169006,0.6942504048347473,0.934819757938385,1.0732965469360352,1.0732965469360352,1.0732965469360352,1.0732965469360352,1.0732965469360352,1.0732965469360352,1.0732965469360352,1.0732965469360352,1.0732965469360352,1.0935431718826294,target_lookback,linear
climatology,-1,0,36,key,140207_2,,1.2105053456292918,0.6981724743512233,1.9396609048966047,1.9474832676022664,1.9184532547738347,0.270935960591133,522,,,0.08396632386480336,0.005755358633951806,0.03952543883236873,0.08447548786708506,0.816446480654266,2.546635720391538,1.141052449411627,1.1527977408819274,1.1649607274225737,1.1775530856582237,1.1905649540916439,1.2040177860974928,1.2179088271491634,1.2323171781525488,1.247220954239606,1.2626071107575898,1.2785843560211796,1.2907190144099874,1.935470970347458,1.935470970347458,1.935470970347458,1.935470970347458,1.935470970347458,1.935470970347458,1.935470970347458,1.935470970347458,1.935470970347458,1.935470970347458,1.935470970347458,1.9879761295256468,target_lookback,linear
ridge,-1,0,36,key,140207_2,,0.4762057329587041,0.21840970389133602,0.7607483852661069,0.46133277908110404,1.2503475979390544,0.270935960591133,522,,,0.08423304666041298,0.009607349223825494,0.04429685272808956,0.05018131348604235,0.15646338341266033,1.0326079908143035,0.38738483195496926,0.4520545737852117,0.4579807999577449,0.49976677753175425,0.49658773296165937,0.49999542724305523,0.5048923024748415,0.5084500663199397,0.5035065806130832,0.503422486132457,0.42654849183064436,0.46796926752130574,0.6541513836414593,0.7545695434780594,0.757960180574419,0.8185662691170946,0.8050466857469895,0.8016573204976711,0.8004315968702841,0.7967366697284202,0.7798992540852806,0.7701392143410953,0.6439367944957857,0.7191272084900016,target_lookback,linear
transformer,1,29,36,key,140207_2,,0.3702501356601715,0.19906161725521088,0.5891439318656921,0.49004220962524414,0.7967942357063293,0.270935960591133,522,0.49808429118773945,0.33137935400009155,0.09181798249483109,0.01435011439025402,0.052059393376111984,0.054284729063510895,0.1961023062467575,0.7864951491355896,0.342869371175766,0.4062790274620056,0.29467710852622986,0.2847959101200104,0.2945970296859741,0.33261212706565857,0.3504142165184021,0.3754238486289978,0.4267137944698334,0.4457898437976837,0.44866812229156494,0.4237862229347229,0.5766800045967102,0.6757118105888367,0.483707070350647,0.463060200214386,0.47366079688072205,0.529948890209198,0.5523586273193359,0.5855465531349182,0.6593649387359619,0.6802284121513367,0.6767580509185791,0.650685727596283,target_lookback,linear
routed,1,29,36,key,140207_2,,0.48433334575288883,0.23023561822123517,0.7737256347623056,0.49004222301104355,1.2503475979390544,0.270935960591133,522,,,0.09181798365286362,0.013479417077721956,0.04438952190626499,0.037276629857318985,0.1783237521139528,1.0475071218593381,0.4104262433528752,0.49026192225118065,0.44602567302831964,0.4591694631789752,0.46832642468607233,0.49242624810869257,0.5122606043050721,0.510534780373054,0.5173411663030346,0.5298656444687014,0.4707845109672658,0.512808242578035,0.6924715187090857,0.8196704353678724,0.739089598945307,0.7527039816352398,0.7590521252524686,0.7894022207940105,0.8114120063408787,0.7996775712140102,0.8012141026515065,0.809791705830906,0.7103888311992709,0.7882978528488147,target_lookback,linear
transformer,2,8,36,key,140207_2,,0.36861497163772583,0.1845085471868515,0.5874166488647461,0.3913147449493408,0.9281850457191467,0.270935960591133,522,0.7222222222222222,0.5061956644058228,0.08815117180347443,0.01812904141843319,0.04277976602315903,0.0386999174952507,0.17533476650714874,0.788378119468689,0.3462173342704773,0.40474048256874084,0.34687569737434387,0.29631784558296204,0.28046873211860657,0.3279911279678345,0.3696058988571167,0.37368133664131165,0.40449464321136475,0.4183422923088074,0.430745929479599,0.41485700011253357,0.5831087231636047,0.6763045191764832,0.572307825088501,0.4837249517440796,0.4520838260650635,0.5221233367919922,0.5840631127357483,0.582940936088562,0.6255683898925781,0.6390088796615601,0.6504260301589966,0.6360886096954346,target_lookback,linear
routed,2,8,36,key,140207_2,,0.45809641879823104,0.2090229040467315,0.7315821650589548,0.39131473540272127,1.2503475979390544,0.270935960591133,522,,,0.08815116802760559,0.012594461222088406,0.045208841873914024,0.04025796338209178,0.16374100860498236,0.9911696889084008,0.3412812968322148,0.4236621129651779,0.43057539594143135,0.44848763769636113,0.45119843331663806,0.46585398580810866,0.48761662099661773,0.492906054479618,0.5024603491244816,0.5149279247233645,0.4557137675965366,0.48826872480817995,0.5747399114896422,0.7082812720263243,0.7123790730469141,0.7353592324419405,0.7313653111752579,0.7461180583573881,0.7725104541103772,0.7709204028416301,0.7780031137735017,0.7874237243387487,0.6883528921711592,0.749714157011852,target_lookback,linear
transformer,0,8,36,key,140214_1,,0.6059074997901917,0.29420915246009827,0.9833029508590698,0.8196722269058228,1.3856525421142578,0.23636363636363636,726,0.7699724517906336,0.6269598007202148,0.04559554532170296,0.021134598180651665,0.02936045452952385,0.05168735235929489,0.2766614258289337,1.332985281944275,0.4665713608264923,0.5447538495063782,0.5821110606193542,0.5992051959037781,0.5888015031814575,0.617203950881958,0.6520228981971741,0.6689426898956299,0.6320803165435791,0.6050140857696533,0.6381433010101318,0.6753528118133545,0.787661612033844,0.9142491817474365,0.9694679379463196,0.9909566044807434,0.9658424854278564,1.0039933919906616,1.052330732345581,1.0701518058776855,1.0017974376678467,0.9515331983566284,0.9952759742736816,1.0671939849853516,target_lookback,linear
routed,0,8,36,key,140214_1,,0.46586232227201546,0.2323874336901204,0.7542872755139208,0.8196722668757702,0.486271601579948,0.23636363636363636,726,,,0.045595547901909395,0.02093334259427252,0.04178381898067288,0.08068993636760739,0.24246649304329007,1.0163919226376057,0.18416103733497619,0.3966726708653394,0.4315838146218832,0.4789107031041048,0.47749004101141856,0.4919983561421998,0.5272827382583558,0.5537154380570772,0.5547282264979447,0.44010458487392107,0.47421713414258193,0.49673868470556076,0.3065557248844795,0.6638286072979066,0.7166172577682917,0.7894649555383154,0.7802300541192726,0.7977222900389938,0.8485295397668001,0.8841705829184637,0.8781808467144055,0.691208067807837,0.7393264779642695,0.7845526100992933,target_lookback,linear
persistence,-1,0,36,key,140214_1,,0.8672388792037964,0.3090488314628601,1.4084042310714722,0.41894206404685974,2.797342300415039,0.23636363636363636,726,,,0.03878471255302429,0.002299494808539748,0.03900054842233658,0.04353095218539238,0.4605136513710022,1.8961018323898315,0.5104096531867981,0.7174776792526245,0.8808343410491943,0.887796938419342,0.8949273824691772,0.9022326469421387,0.9096400737762451,0.9172343015670776,0.9250588417053223,0.933049738407135,0.9412545561790466,0.9399836659431458,0.8634366393089294,1.2049274444580078,1.46846342086792,1.46846342086792,1.46846342086792,1.46846342086792,1.46846342086792,1.46846342086792,1.46846342086792,1.46846342086792,1.46846342086792,1.4859861135482788,target_lookback,linear
climatology,-1,0,36,key,140214_1,,1.4550602327698048,0.8250578004168081,2.361418863935828,2.2091251147661937,2.7973425486638517,0.23636363636363636,726,,,0.12944249238890973,0.008073520898929196,0.08539567227556215,0.09357232950383844,0.9144443679822917,3.144592940041164,1.3938288503702032,1.4044069740796647,1.4152328558263323,1.426420272632277,1.4378772758701648,1.449615019142487,1.461595362228072,1.4738785778748853,1.4864996783640068,1.4994274730658084,1.5127005068821784,1.520318565178993,2.35791888670204,2.35791888670204,2.35791888670204,2.35791888670204,2.35791888670204,2.35791888670204,2.35791888670204,2.35791888670204,2.35791888670204,2.35791888670204,2.35791888670204,2.4013019718141533,target_lookback,linear
ridge,-1,0,36,key,140214_1,,0.3748479279302204,0.2013939739194001,0.6055067442629791,0.6379119964233897,0.486271601579948,0.23636363636363636,726,,,0.02313003106655657,0.01741626655167293,0.05161016875961417,0.09054227186124711,0.31777539941773936,0.7799440283712691,0.27289446610569873,0.3368632553314764,0.3828467302046229,0.40808776899508076,0.41226411507887856,0.4085701593359675,0.38095913925799607,0.3653587246764235,0.36751859965609324,0.38557860744222033,0.39493735135204394,0.3692929539882353,0.4597997754613669,0.5632861150972415,0.6353104879105694,0.6719419733207769,0.6728275251027126,0.6608332911372946,0.6102780900431893,0.5802441065301284,0.5795574151665408,0.6040991277687613,0.6141604634120926,0.5814204985052797,target_lookback,linear
transformer,1,7,36,key,140214_1,,0.5432907938957214,0.23136547207832336,0.8818960785865784,0.43387115001678467,1.6377631425857544,0.23636363636363636,726,0.7933884297520661,0.648730456829071,0.03901473060250282,0.01328042708337307,0.028018712997436523,0.03625839576125145,0.3814481496810913,1.1631430387496948,0.4625987410545349,0.5035854578018188,0.5426493287086487,0.5581103563308716,0.5661087036132812,0.5494821071624756,0.5381011962890625,0.5862590670585632,0.5299990177154541,0.5346721410751343,0.5726620554924011,0.5771667957305908,0.7821473479270935,0.8444491624832153,0.9043758511543274,0.9229909777641296,0.9289899468421936,0.893975019454956,0.8685289025306702,0.9385213255882263,0.8410086631774902,0.8409743905067444,0.89255291223526,0.9121565222740173,target_lookback,linear
routed,1,7,36,key,140214_1,,0.27742604163395085,0.1471719275145028,0.44681164198766904,0.43387112611827194,0.486271601579948,0.23636363636363636,726,,,0.03901473236628429,0.012887197503435019,0.04062065938834777,0.07940862668499507,0.2847465999600946,0.5545244140288701,0.174995638048919,0.2170815569236336,0.2836231891837931,0.3152115418964377,0.29632164772634134,0.29343232331125374,0.2925210281755131,0.2936541289117161,0.28835380265467053,0.3031402647819855,0.28698018621781446,0.2626427876544836,0.29231139571943443,0.3597836771765853,0.4685094419641117,0.5173316420215434,0.48124181519144726,0.4724784647546985,0.467161620553439,0.4656224127316359,0.45422632151623593,0.47525560826558055,0.4457650514527641,0.4143415267977253,target_lookback,linear
transformer,2,9,36,key,140214_1,,0.5292489528656006,0.22351790964603424,0.8587243556976318,0.4150020480155945,1.6010546684265137,0.23636363636363636,726,0.8264462809917356,0.589299201965332,0.04165290668606758,0.01967409998178482,0.0357893630862236,0.042512767016887665,0.32027265429496765,1.1467036008834839,0.4500277638435364,0.5006601810455322,0.5390194654464722,0.5508608222007751,0.5114521980285645,0.5195960402488708,0.5570446848869324,0.536837100982666,0.5685328841209412,0.5589132905006409,0.5344449281692505,0.524446427822113,0.7607653141021729,0.8396182656288147,0.896261990070343,0.9109563827514648,0.8387529850006104,0.8447411060333252,0.8991923928260803,0.8591313362121582,0.901947021484375,0.8785328269004822,0.8331751227378845,0.8285972476005554,target_lookback,linear
routed,2,9,36,key,140214_1,,0.2690269165484339,0.14312954368960845,0.43290777664467656,0.41500206404616896,0.486271601579948,0.23636363636363636,726,,,0.04165290929710481,0.019588186020920943,0.04035556882390239,0.07833254960895411,0.2547784686778843,0.5466694196164369,0.15933382241204236,0.2372866327627379,0.288368597379725,0.29917731256627894,0.2905200157764003,0.2842073219250345,0.26422249959710636,0.2754545656081988,0.294494387845174,0.26864382999040604,0.2686442257596824,0.27756617220875096,0.2664486332978186,0.39513233644321566,0.47670272936270014,0.4905199535308477,0.4713367068514035,0.45581908373343366,0.42086208888443183,0.43591944534603133,0.4639388381885788,0.4192530638266287,0.4176696558557404,0.43768777374330553,target_lookback,linear
transformer,0,4,36,key,140214_2,,0.5847028493881226,0.2992092967033386,0.9122633337974548,0.9968200922012329,0.6692361235618591,0.29577464788732394,522,0.8601532567049809,0.9756699204444885,0.0935308113694191,0.026219533756375313,0.06118106096982956,0.04786619544029236,0.2531316876411438,1.2565968036651611,0.46634405851364136,0.6051636934280396,0.5841309428215027,0.6137887239456177,0.5914758443832397,0.5877169966697693,0.5981337428092957,0.5970165133476257,0.5860037803649902,0.5983861684799194,0.5942549109458923,0.5935806035995483,0.7660605907440186,0.9866059422492981,0.9402582049369812,0.9784597158432007,0.9318403601646423,0.9163623452186584,0.9218745231628418,0.9079357385635376,0.8822364211082458,0.8875899910926819,0.8985889554023743,0.90949547290802,target_lookback,linear
routed,0,4,36,key,140214_2,,0.6703674580628697,0.3557572036159856,1.0468445753639986,0.9968200601004192,1.1572796818374793,0.29577464788732394,522,,,0.09353081436201856,0.02498613881778905,0.05703909265327587,0.04984101282644223,0.31150696179827525,1.4377012183719367,0.46435469493779125,0.6254631953910158,0.6894648384753097,0.7234376881614164,0.7067718903695809,0.6887809358587433,0.6799536219199497,0.6895849350130059,0.679966205276465,0.684570417421816,0.6867611925509159,0.7167368911460039,0.763015098395975,1.0196820130805992,1.110998315273337,1.1542250495535584,1.1147080371192688,1.074858859569439,1.048576334524299,1.0506528906949955,1.0243743181730287,1.0166260844073098,1.0389031982767711,1.100202180232904,target_lookback,linear
persistence,-1,0,36,key,140214_2,,0.6243318319320679,0.32415324449539185,0.9757938385009766,1.0764923095703125,0.678322434425354,0.29577464788732394,522,,,0.070655956864357,0.00935399904847145,0.04254981502890587,0.0417429655790329,0.40366631746292114,1.311288595199585,0.47237852215766907,0.6202549338340759,0.6111087799072266,0.6177008748054504,0.6245223879814148,0.6315692663192749,0.638870894908905,0.6464317440986633,0.6541441679000854,0.6621376276016235,0.6616405844688416,0.6611169576644897,0.7775528430938721,1.0112438201904297,0.9857755303382874,0.9857755303382874,0.9857755303382874,0.9857755303382874,0.9857755303382874,0.9857755303382874,0.9857755303382874,0.9857755303382874,1.0008076429367065,1.0174534320831299,target_lookback,linear
climatology,-1,0,36,key,140214_2,,0.5898892241521795,0.3697754700001107,0.9201399873802397,1.0044913366584713,0.6783224079478486,0.29577464788732394,522,,,0.09941625477773752,0.010472143223256257,0.028409474877419787,0.0858740640671327,0.6941952541397867,1.0960274550779403,0.5581013201995186,0.5638040773323315,0.569756828247983,0.5759007959340879,0.5822601117629533,0.5888287155737043,0.5956362098321892,0.6026854041414529,0.6098585929360745,0.6172922582885012,0.6155652243927888,0.6137420438300768,0.9172481288754145,0.9172481288754145,0.9172481288754145,0.9172481288754145,0.9172481288754145,0.9172481288754145,0.9172481288754145,0.9172481288754145,0.9172481288754145,0.9172481288754145,0.9292661977486325,0.9426033867300955,target_lookback,linear
ridge,-1,0,36,key,140214_2,,0.554571404148657,0.2827137165606296,0.8640827003047042,0.7054947387288686,1.1572796818374793,0.29577464788732394,522,,,0.10705410013259989,0.026166388780001954,0.057822017161838546,0.0670456181672118,0.308416219109468,1.1747593497444775,0.45544579256732515,0.5704132223765606,0.5610952308046513,0.5745075275919839,0.5767239324994917,0.5664832553401608,0.5604761596833975,0.5537521071386042,0.5401872681863323,0.5391950024870171,0.5548037774984877,0.600607923661689,0.7467596501931095,0.9255263187422883,0.9028191377896179,0.9144683797781585,0.9079185806756712,0.8817311421285258,0.8625181430772453,0.842229071197943,0.8116191445974074,0.7998902721691759,0.8364413954648289,0.9217828589240148,target_lookback,linear
transformer,1,4,36,key,140214_2,,0.6467612981796265,0.3221818506717682,1.0095460414886475,1.0662044286727905,0.8597457408905029,0.29577464788732394,522,0.8582375478927203,0.9220244288444519,0.08757602423429489,0.022256916388869286,0.076581671833992,0.0437605082988739,0.1957361251115799,1.404566764831543,0.45385032892227173,0.60276198387146,0.6386488676071167,0.6495267152786255,0.6731467843055725,0.6522533893585205,0.6569105386734009,0.6444658041000366,0.6784883141517639,0.682596743106842,0.7074967622756958,0.7272962927818298,0.7461894750595093,0.9815215468406677,1.030379056930542,1.036130428314209,1.0621707439422607,1.0152209997177124,1.010573387145996,0.9809956550598145,1.0211676359176636,1.015087604522705,1.0671199560165405,1.119359016418457,target_lookback,linear
routed,1,4,36,key,140214_2,,0.7003870875728527,0.36261083542062933,1.093932178374711,1.0662044726117732,1.1572796818374793,0.29577464788732394,522,,,0.08757602519042093,0.02146000688927948,0.07132508369768666,0.03903599525389713,0.28011736310381213,1.5112404725718456,0.4529118946399054,0.6190960486222387,0.7221340470842081,0.7146379733721445,0.7543567556107739,0.7253944218158528,0.7302709216047737,0.6934746095249654,0.7118949988758086,0.7192231047940012,0.7466464080846726,0.8031302538557834,0.7449271815472446,1.0087024123932629,1.1658971016582778,1.140483480598658,1.19086021541117,1.1302314064532175,1.125420600385099,1.056162620608214,1.0717647897648785,1.0698128969878915,1.126653042755933,1.2363669459444862,target_lookback,linear
transformer,2,7,36,key,140214_2,,0.5984299778938293,0.2983953058719635,0.9351308941841125,0.795260488986969,1.2044636011123657,0.29577464788732394,522,0.8180076628352491,0.6372212767601013,0.0662108063697815,0.022132039070129395,0.04963913559913635,0.03648056834936142,0.22947882115840912,1.2936192750930786,0.4331780672073364,0.5525951385498047,0.5915206074714661,0.6043766140937805,0.6137031316757202,0.6366338133811951,0.6355113387107849,0.6322968006134033,0.6196010112762451,0.5950154066085815,0.6363764405250549,0.6325081586837769,0.711812436580658,0.9008222818374634,0.9540168046951294,0.9648873805999756,0.9688892960548401,0.9941164255142212,0.9810237884521484,0.9638545513153076,0.9332605004310608,0.8843650221824646,0.9623961448669434,0.9734491109848022,target_lookback,linear
routed,2,7,36,key,140214_2,,0.5870574291810058,0.2996575228765414,0.9173383570251289,0.7952605164129295,1.1572796818374793,0.29577464788732394,522,,,0.06621080687362663,0.021650886849790583,0.04538864582046931,0.04065275539216749,0.26886631660416266,1.260699404464187,0.4309724048809505,0.551887955228982,0.6215310521810204,0.6201217370592206,0.6228569266036524,0.6174730288344443,0.6081666939813177,0.5770693743281867,0.5747508488072985,0.5697862251229917,0.6008209971830242,0.6407381642654904,0.7086884239704018,0.8996210668024921,1.0028556079350457,0.9904584756252841,0.9833110908161703,0.9638851913937223,0.9385875945873695,0.879189882118074,0.8654530578716656,0.8466387102223615,0.9084548167134546,0.9861492892700816,target_lookback,linear
transformer,0,9,36,key,140227_1,,0.5001810193061829,0.25061577558517456,0.8456226587295532,0.7711224555969238,1.488637924194336,0.07428571428571429,2538,0.7777777777777778,0.5983126759529114,0.12436395138502121,0.005073810461908579,0.06353841722011566,0.0459374338388443,0.26889222860336304,1.1287479400634766,0.3461015224456787,0.4509415328502655,0.5118821263313293,0.5189347863197327,0.5565900802612305,0.5136195421218872,0.5242694020271301,0.5143070816993713,0.5255956649780273,0.5209184288978577,0.49766021966934204,0.49354392290115356,0.5899257063865662,0.7693907618522644,0.8719894289970398,0.882823646068573,0.9445579051971436,0.8701367378234863,0.885953426361084,0.8663384914398193,0.8835891485214233,0.8726392388343811,0.8318127989768982,0.8257325887680054,target_lookback,linear
routed,0,9,36,key,140227_1,,0.4887608436179288,0.24719115115175064,0.8260500712008801,0.7711224652485886,1.3325146639207412,0.07428571428571429,2538,,,0.12436394881747233,0.00485300385875498,0.06329109525313206,0.045284925993090024,0.2620424668081069,1.1027517199793784,0.2974209831687849,0.41790584689934884,0.4932315841349757,0.5044347540533057,0.5530629550285157,0.515332303188616,0.5253013103538268,0.5181455563368094,0.5194861392179704,0.5082543745729157,0.483317882739799,0.483089995899115,0.505017278646522,0.711952734254474,0.8396775603572771,0.857805629156467,0.938626636937492,0.8730906219782725,0.8876960509655618,0.8730951225332608,0.8731693485831701,0.8511275170338801,0.8074755301071291,0.8078509716061204,target_lookback,linear
persistence,-1,0,36,key,140227_1,,0.4558243155479431,0.1576305776834488,0.7699966430664062,0.34824687242507935,2.5436182022094727,0.07428571428571429,2538,,,0.12620475888252258,0.0025716684758663177,0.05438363179564476,0.029122650623321533,0.29435640573501587,1.0164440870285034,0.32270583510398865,0.4090821444988251,0.4671911895275116,0.4682811498641968,0.4693787693977356,0.47048404812812805,0.4715486764907837,0.47263097763061523,0.4737602770328522,0.47488176822662354,0.4760010838508606,0.47426292300224304,0.5494502186775208,0.6968451142311096,0.7954176664352417,0.7954176664352417,0.7954176664352417,0.7954176664352417,0.7954176664352417,0.7954176664352417,0.7954176664352417,0.7954176664352417,0.7954176664352417,0.7959924340248108,target_lookback,linear
climatology,-1,0,36,key,140227_1,,1.1881458267963159,0.6460265669661087,2.019619938444685,1.9715435552481004,2.543618188263567,0.07428571428571429,2538,,,0.1500912385573354,0.009631326845964731,0.05628593938677133,0.08842607502568538,0.730067897609936,2.676295101776399,1.173162264124041,1.1758415819955612,1.178539647293141,1.1812898985511775,1.1840594954348282,1.1868486246763228,1.1896383401286141,1.1924519320681173,1.1953012739937048,1.1981648154871638,1.2010450013254224,1.2028133535282128,2.0186271384317163,2.0186271384317163,2.0186271384317163,2.0186271384317163,2.0186271384317163,2.0186271384317163,2.0186271384317163,2.0186271384317163,2.0186271384317163,2.0186271384317163,2.0186271384317163,2.0306595227578845,target_lookback,linear
ridge,-1,0,36,key,140227_1,,1.1493214304841848,0.5843575250527151,1.9501451232439617,1.9914226737502474,1.3325146639207412,0.07428571428571429,2538,,,0.20806186281940303,0.025958908313544294,0.06033476130409313,0.11106535287455281,0.7964200794875165,2.5610197536978605,0.8366911781262868,1.142625106228506,1.2954808637913888,1.2639846521012432,1.179508735643256,1.1905023819988114,1.2410512013459711,1.241248385651906,1.1657589020539598,1.1084478633446335,1.078378887135693,0.9610289870023119,1.4384247424213779,1.961349439979955,2.218829283674198,2.158958777324268,2.008823726657772,2.021833983982241,2.102154451927817,2.096835639829286,1.9636620928695894,1.8601402467978416,1.8045643035635721,1.6151362997703258,target_lookback,linear
transformer,1,4,36,key,140227_1,,0.4365657567977905,0.17578043043613434,0.7366309762001038,0.39019954204559326,2.325345039367676,0.07428571428571429,2538,0.9562647754137116,0.8411733508110046,0.1233094185590744,0.018783003091812134,0.05720103904604912,0.04486946389079094,0.3138667047023773,0.9637694358825684,0.3395218849182129,0.4467528164386749,0.4761821925640106,0.4545319378376007,0.44628408551216125,0.44644591212272644,0.4306700527667999,0.4412277340888977,0.44421520829200745,0.42692190408706665,0.43228399753570557,0.4411870241165161,0.5778557658195496,0.7615371346473694,0.8091554641723633,0.7717621326446533,0.755794882774353,0.7547937035560608,0.7248731255531311,0.7410287261009216,0.7440004944801331,0.7138462066650391,0.7216253876686096,0.7402770519256592,target_lookback,linear
routed,1,4,36,key,140227_1,,0.31228871141522385,0.15439257788573513,0.5223472291183824,0.3901995419804944,1.3325146639207412,0.07428571428571429,2538,,,0.12330941846373356,0.017940455403598735,0.055954396115615986,0.042584604818376275,0.2850866044405964,0.662909492668377,0.2670541953190424,0.33571161470999267,0.34494599336295956,0.3220562081495797,0.30723909180739056,0.3173472053070362,0.30539266461591125,0.31094390472044053,0.3060964104554157,0.31808496177243306,0.30524653654285944,0.30019513519365815,0.45145791075737035,0.5679648450762391,0.5809687915538524,0.5421578694307583,0.5156283823289181,0.5324357008471184,0.508996867224089,0.5176325744713128,0.5069298326450596,0.5278352564498956,0.5050375141556314,0.49894023704260204,target_lookback,linear
transformer,2,9,36,key,140227_1,,0.5333651900291443,0.26953983306884766,0.9028661251068115,0.8774350881576538,1.1744621992111206,0.07428571428571429,2538,0.7222222222222222,0.5161990523338318,0.12277927249670029,0.007998094893991947,0.059995561838150024,0.039577558636665344,0.2529815435409546,1.2117862701416016,0.33895429968833923,0.4728633165359497,0.5430655479431152,0.4956822693347931,0.5466636419296265,0.5239254832267761,0.5467554330825806,0.5903252959251404,0.600310742855072,0.5795658230781555,0.5574014186859131,0.5625280737876892,0.5778894424438477,0.8072138428688049,0.9264737963676453,0.8430754542350769,0.9277670383453369,0.8871942758560181,0.9240774512290955,0.9962553381919861,1.0107331275939941,0.973219633102417,0.9333022236824036,0.945679783821106,target_lookback,linear
routed,2,9,36,key,140227_1,,0.5428014456011762,0.2750540904119295,0.9190221553592084,0.8774351021439972,1.3325146639207412,0.07428571428571429,2538,,,0.12277927247706193,0.008414367050833474,0.059879149326559335,0.04038698464619016,0.26686272974428665,1.231739883809378,0.3089642068977194,0.4740992509410928,0.5599877981530056,0.5172797335502143,0.5661370580329814,0.5459584207786903,0.5639917797024513,0.5984743719263798,0.6103656986651447,0.5909408122429127,0.5637482389597916,0.5563163562159722,0.5255961626446373,0.8091793647154992,0.9556515667659365,0.880215330947626,0.9612068604138335,0.9249721673334294,0.9536029194174829,1.0101858773618972,1.027859793417014,0.9925116301198007,0.9440501140946455,0.9351073815270289,target_lookback,linear
transformer,0,5,36,key,140313_1,,0.6425120234489441,0.3709329068660736,1.0223002433776855,1.0106596946716309,1.208253026008606,0.053974484789008834,2658,0.554928517682468,0.8081477880477905,0.16571439802646637,0.038475025445222855,0.1773669719696045,0.13349972665309906,0.685174822807312,1.2029471397399902,0.4363671839237213,0.5724648237228394,0.6410930156707764,0.6643725037574768,0.6527124643325806,0.6580978035926819,0.6500580906867981,0.693475067615509,0.6926541924476624,0.6699035167694092,0.6585639119148254,0.6847825050354004,0.6985388398170471,0.9155606627464294,1.0263301134109497,1.0626133680343628,1.0427976846694946,1.0455644130706787,1.0338211059570312,1.1004987955093384,1.0978052616119385,1.0585249662399292,1.0374548435211182,1.0823462009429932,target_lookback,linear
routed,0,5,36,key,140313_1,,0.629072299413302,0.3639540266159646,1.0002543993079245,1.0106597772493673,0.796092057959825,0.053974484789008834,2658,,,0.16571440039432575,0.038363616051227616,0.17743200474593712,0.13356182787494045,0.6779071387840276,1.1739986460277596,0.43844960907998576,0.5716879902918077,0.6308502285167721,0.6497778827840468,0.6375124586016641,0.6446238027909346,0.6362851407412627,0.6719603257495512,0.6709147812131654,0.6518171316570952,0.6469155244725676,0.6685049234471612,0.7019852847908282,0.9141777902870871,1.0091071861306309,1.0384814309586867,1.0181345950492915,1.02345000196969,1.0115196083080846,1.0651400742626467,1.0624669130341045,1.0292263873851448,1.018572854270272,1.055854688482294,target_lookback,linear
persistence,-1,0,36,key,140313_1,,0.6068935394287109,0.3214929699897766,0.9650312662124634,0.9782726764678955,0.6930167078971863,0.053974484789008834,2658,,,0.162364661693573,0.02985091134905815,0.16848184168338776,0.13129417598247528,0.6771740913391113,1.1231215000152588,0.4373002052307129,0.5599676966667175,0.6044710874557495,0.6215142607688904,0.622671365737915,0.6271300911903381,0.6285441517829895,0.6299619078636169,0.6310096979141235,0.6321589350700378,0.6332306265830994,0.6319422721862793,0.7005906701087952,0.8957314491271973,0.967439591884613,0.9933301210403442,0.9929437637329102,0.9979682564735413,0.9979682564735413,0.9979682564735413,0.9979682564735413,0.9979682564735413,0.9979682564735413,0.9994158744812012,target_lookback,linear
climatology,-1,0,36,key,140313_1,,0.9897422109638707,0.609027933579434,1.5844519597795175,1.6205924333890023,0.6930166468061926,0.053974484789008834,2658,,,0.16712669245661566,0.019003067526542385,0.14062442305244374,0.28130307394102966,1.867158557880814,1.3524271468124631,0.9780392592662667,0.9801678886739107,0.9823212443619784,0.9845113926392182,0.9867163083888401,0.9889341374216746,0.9911669664071118,0.9934112673223713,0.9954302118029748,0.9975228734326026,0.99957582903342,1.00014558494876,1.58390815262181,1.58390815262181,1.58390815262181,1.58390815262181,1.58390815262181,1.58390815262181,1.58390815262181,1.58390815262181,1.58390815262181,1.58390815262181,1.58390815262181,1.590492498177216,target_lookback,linear
ridge,-1,0,36,key,140313_1,,0.7516862009335117,0.4344756088718358,1.2026337906936304,1.2217561530958199,0.796092057959825,0.053974484789008834,2658,,,0.16119513772458674,0.028244611897333988,0.15460817231122942,0.13459571604302747,0.7344334712259364,1.44210656088105,0.4965876109962038,0.6054280180735598,0.7604598836850801,0.7559911992392612,0.7890386872712154,0.8133014188511122,0.8229101889531522,0.8176100726632557,0.7575167481788164,0.7565583396766113,0.7920027239586254,0.7932913364381388,0.7989285845719504,0.9719628975992609,1.2257033179521573,1.2158089824253917,1.2670546789417534,1.3036823744283565,1.3160657646496208,1.3041555785657035,1.2040554279396407,1.2000600027378268,1.2550205958187395,1.2614540679914303,target_lookback,linear
transformer,1,4,36,key,140313_1,,0.6018587350845337,0.31673333048820496,0.956014096736908,0.9621784687042236,0.8406625986099243,0.053974484789008834,2658,0.6316779533483823,0.8432506918907166,0.16514503955841064,0.03140466660261154,0.17369864881038666,0.13409355282783508,0.6773056983947754,1.1098911762237549,0.4370240569114685,0.5503506064414978,0.5949069261550903,0.6190053224563599,0.6140953302383423,0.6240355968475342,0.6242380738258362,0.622044563293457,0.6270732879638672,0.6304746270179749,0.6312757134437561,0.6255074739456177,0.6997880339622498,0.8802223205566406,0.9510192275047302,0.9863339066505432,0.9787126183509827,0.9905104041099548,0.9892926216125488,0.9852437376976013,0.9915037751197815,0.9924765229225159,0.9940030574798584,0.9909816980361938,target_lookback,linear
routed,1,4,36,key,140313_1,,0.6006298332748989,0.3171673391332549,0.9539525930857473,0.9621784876824668,0.796092057959825,0.053974484789008834,2658,,,0.1651450304441916,0.03126262794387361,0.17488010063938209,0.13289762816278705,0.6725555787106335,1.1088953539429136,0.4371293906064099,0.5487854863205776,0.5961344247695112,0.6202638320495419,0.6149924618691052,0.6211835662493546,0.620998234080715,0.6176798817885093,0.6190697436320738,0.6294767935739115,0.6317838577988617,0.6281124841025867,0.6997533102002885,0.8776846815177858,0.9531925906215819,0.9879750406468502,0.9801829958059276,0.985782723169197,0.9837829660379777,0.9778950014650042,0.9787854873392229,0.9908677371093134,0.9948269490150234,0.9952097194757098,target_lookback,linear
transformer,2,5,36,key,140313_1,,0.5981180667877197,0.320696085691452,0.9493072628974915,0.9429892301559448,1.0539131164550781,0.053974484789008834,2658,0.5895410082768999,0.7297247052192688,0.16784411668777466,0.03409017249941826,0.1776794046163559,0.13394546508789062,0.6845468282699585,1.0969363451004028,0.43309035897254944,0.5514320135116577,0.593163251876831,0.6120100021362305,0.6153846383094788,0.6287736892700195,0.6242936849594116,0.6242160201072693,0.61931312084198,0.6208239793777466,0.6164834499359131,0.6159821152687073,0.6933939456939697,0.8810548782348633,0.9490712285041809,0.9758033752441406,0.9799821376800537,0.9973370432853699,0.9905707836151123,0.9857853055000305,0.9767055511474609,0.9762093424797058,0.9709152579307556,0.9731941223144531,target_lookback,linear
routed,2,5,36,key,140313_1,,0.5898379363721605,0.31670698362775174,0.9356495534578269,0.9429892587906811,0.796092057959825,0.053974484789008834,2658,,,0.16784411488254233,0.03399408216410842,0.17765703439006977,0.13509281135157192,0.6767259846589105,1.0802692736101294,0.43526659929918615,0.5501599872119068,0.58770329964859,0.605097560219272,0.6082008651203332,0.6149001036599488,0.6101159553000377,0.608419235771404,0.6061462070234063,0.6127114690397596,0.6111911334226804,0.6089716434116683,0.6967761634927474,0.8785289726351678,0.9401920494853548,0.9645516743338749,0.9679515123463258,0.97464492742145,0.9673136266266817,0.9597946668385983,0.9550499058320057,0.9629302054614524,0.962335409072072,0.9617819537226557,target_lookback,linear
transformer,0,7,3,key,140120_1,,1.0022697448730469,0.5090938806533813,1.6620110273361206,1.6090058088302612,2.0245718955993652,0.11482254697286012,1326,0.8469079939668175,1.3004852533340454,0.17437705397605896,0.025016427040100098,0.08240486681461334,0.05441930145025253,1.0025330781936646,2.084505319595337,0.7667673230171204,0.8971874117851257,0.874870777130127,1.0797920227050781,1.0153582096099854,0.9992050528526306,1.027353048324585,1.1121846437454224,1.0656183958053589,1.1149773597717285,1.0110852718353271,1.0282208919525146,1.298186182975769,1.5138002634048462,1.470644235610962,1.809614658355713,1.6940819025039673,1.660200834274292,1.697511911392212,1.8313884735107422,1.7453243732452393,1.8178648948669434,1.6403411626815796,1.6827062368392944,target_lookback,log
routed,0,7,3,key,140120_1,,1.0501172552180147,0.531060122404524,1.7419317485262298,1.6090057687152706,2.5432579059187543,0.11482254697286012,1326,,,0.1743770527280802,0.024379086616408967,0.08138120134699528,0.05165491594214088,1.0242706007006694,2.1960369137664544,0.7843269370822562,0.9200387875536318,0.9240907176204349,1.1049127436700714,1.0692042481346002,1.0696596079685696,1.0662216183947106,1.1655263488719585,1.1174103987721957,1.170851839005067,1.0749455055054105,1.0956694868661814,1.3282852492944988,1.5529137783678908,1.5542804145511917,1.8520778340885877,1.7845009202750273,1.7778624233665496,1.7621343839956503,1.919672806022353,1.8307876436730257,1.9095600883693324,1.7446311295446524,1.7936506591621415,target_lookback,log
transformer,1,8,3,key,140120_1,,0.8409294486045837,0.400441437959671,1.3929171562194824,1.1371359825134277,2.6323142051696777,0.11482254697286012,1326,0.8235294117647058,1.2006092071533203,0.1663430780172348,0.02264275774359703,0.084780253469944,0.05269555747509003,1.0413553714752197,1.6465463638305664,0.565173864364624,0.7150698304176331,0.6816174983978271,0.7566011548042297,0.7121867537498474,0.8009836673736572,0.8897247910499573,0.9954934120178223,1.022129774093628,0.9495008587837219,0.9435127377510071,0.9631784558296204,0.9520865082740784,1.2026985883712769,1.1441264152526855,1.2656457424163818,1.1829057931900024,1.3261150121688843,1.4700206518173218,1.6382815837860107,1.6749751567840576,1.5477737188339233,1.5313127040863037,1.5759203433990479,target_lookback,log
routed,1,8,3,key,140120_1,,0.8294693990657269,0.40337968291795845,1.3737883261693158,1.1371359651897068,2.5432579059187543,0.11482254697286012,1326,,,0.1663430754065403,0.021927467961484436,0.0842493050752011,0.05244115321095589,1.0616006018095843,1.6037975094349335,0.5773298943883322,0.7066627120711996,0.6991856395249847,0.7434092677367687,0.7795673998993696,0.8294607465263296,0.8777460949420622,0.9550907494571101,0.9671786265367873,0.9403562694339279,0.8851578931270829,0.9295918321266315,0.9731421546383896,1.188592176832466,1.1742894056423567,1.2436378346627048,1.2963653930866308,1.3738866470882254,1.4498534539739525,1.5712271327422327,1.584310085026501,1.5327468244687534,1.4360127390986357,1.5206479664548698,target_lookback,log
transformer,2,9,3,key,140120_1,,0.9198505282402039,0.46312692761421204,1.5246630907058716,1.449781060218811,2.0103883743286133,0.11482254697286012,1326,0.803921568627451,1.1016451120376587,0.16892486810684204,0.022261792793869972,0.08171410858631134,0.05727868527173996,1.0398304462432861,1.8559632301330566,0.618104100227356,0.7531245946884155,0.8919015526771545,0.9123069643974304,1.0615253448486328,0.8747959136962891,0.9977121949195862,0.9817118644714355,1.039893388748169,0.9402263760566711,0.9742918610572815,0.9257338047027588,1.0439398288726807,1.2686289548873901,1.5001996755599976,1.5282151699066162,1.771949052810669,1.4509247541427612,1.6477352380752563,1.6147465705871582,1.7045403718948364,1.5326519012451172,1.5804815292358398,1.5130069255828857,target_lookback,log
routed,2,9,3,key,140120_1,,0.9729901118804535,0.4849574767117053,1.6134479948074407,1.4497811076013947,2.5432579059187543,0.11482254697286012,1326,,,0.16892486639869825,0.02076123287580101,0.081512647036102,0.05399107207092935,1.0601886861112317,1.9838551749629154,0.6400088820362498,0.7806781485836458,0.9181239460744285,0.921182194261573,1.1003043931388294,0.936297292414276,1.0807292387827274,1.0520659625890865,1.1038011312794938,1.025258786839312,1.016977507876164,1.023691188016084,1.0815675687645607,1.315792723075589,1.5447599658275262,1.5433966800054022,1.8371379585274905,1.5538957464695755,1.7858402444875299,1.7312611654040349,1.809828591010574,1.6721244621993996,1.6502023680992441,1.6743100193797325,target_lookback,log
transformer,0,25,3,key,140206_1,,0.6682389974594116,0.3100801408290863,1.068292260169983,1.2239997386932373,0.42519447207450867,0.270935960591133,522,0.5325670498084292,0.48883023858070374,0.08629961311817169,0.040391094982624054,0.05635988339781761,0.08022743463516235,0.3626995384693146,1.505536437034607,0.5311264991760254,0.5126603841781616,0.5468029379844666,0.6353126168251038,0.8880845904350281,0.713699460029602,0.642890214920044,0.6859021782875061,0.6316532492637634,0.6228737831115723,0.8455201387405396,0.7042115926742554,0.8990842700004578,0.8561609387397766,0.9061021208763123,1.0419278144836426,1.442073106765747,1.1446839570999146,1.0198934078216553,1.0757465362548828,0.9770526885986328,0.951553225517273,1.2776830196380615,1.0810874700546265,target_lookback,log
routed,0,25,3,key,140206_1,,0.6868908530693592,0.32793350476509003,1.09767915565724,1.2239996943885498,0.6447644681080827,0.270935960591133,522,,,0.0862996149113371,0.04076756921332806,0.06769011466001873,0.09228733714019903,0.39548813365531216,1.5406256910272964,0.5771818450775418,0.6013911415097415,0.5897421610372858,0.6730296279396221,0.9006408366003803,0.7204212853227842,0.6454197507466265,0.6983770167892548,0.6212859805499408,0.6107488002483751,0.8486618904348544,0.7043474973289655,0.9773282518167429,1.0054597854216067,0.9755425878598442,1.1026859176922446,1.4617537584106297,1.154946657473131,1.023324884380338,1.0947317062045838,0.9606502112599334,0.9327268652664163,1.2824526639091893,1.081297818123783,target_lookback,log
transformer,1,4,3,key,140206_1,,0.7460563778877258,0.34200319647789,1.1945072412490845,0.7574476003646851,1.9293826818466187,0.270935960591133,522,0.8563218390804598,1.1281774044036865,0.058453142642974854,0.046997953206300735,0.05300242826342583,0.053557757288217545,0.4801485538482666,1.661393642425537,0.6101279854774475,0.79023677110672,0.7282276749610901,0.7633325457572937,0.7570074200630188,0.7773855328559875,0.7456193566322327,0.688458263874054,0.645092248916626,0.7386346459388733,0.7905119061470032,0.9054592251777649,1.0336319208145142,1.3263179063796997,1.2091574668884277,1.254136085510254,1.2299014329910278,1.2489757537841797,1.1841166019439697,1.0803742408752441,0.999584436416626,1.1293261051177979,1.1959940195083618,1.3939956426620483,target_lookback,log
routed,1,4,3,key,140206_1,,0.45713326174646723,0.2442312975389589,0.7286408231767987,0.7574475948518913,0.6447644681080827,0.270935960591133,522,,,0.0584531436962165,0.044103947521063544,0.061526283117120925,0.08934457217744898,0.4782535718306326,0.9315226610786611,0.48536073397816926,0.5704768906403391,0.44906622583766004,0.4110118428814511,0.3784184192867261,0.44018990342195546,0.4456659085221977,0.45579448520892657,0.3973753259538511,0.4243878855004049,0.4551196123537362,0.530069852249168,0.8210413056266069,0.9547498890334226,0.7408476954715297,0.6699759843443368,0.6080536386249986,0.7028648047093431,0.7045941776097111,0.7132148649162718,0.6128195330549081,0.6447038383761451,0.6870052405646354,0.814480400746202,target_lookback,log
transformer,2,4,3,key,140206_1,,0.712875247001648,0.3446459174156189,1.1407333612442017,0.7805363535881042,1.7786166667938232,0.270935960591133,522,0.7624521072796935,0.9242451786994934,0.06101345270872116,0.04837373271584511,0.054846301674842834,0.07349717617034912,0.5108821988105774,1.5686752796173096,0.6204203963279724,0.7869113087654114,0.6531583666801453,0.6503956913948059,0.6587415337562561,0.724564254283905,0.6923965215682983,0.7467321753501892,0.7765649557113647,0.7675860524177551,0.7348194718360901,0.7463856339454651,1.0485031604766846,1.319846749305725,1.0831190347671509,1.0669419765472412,1.0683534145355225,1.1637355089187622,1.0989798307418823,1.17147958278656,1.2044752836227417,1.1760759353637695,1.1121035814285278,1.147540807723999,target_lookback,log
routed,2,4,3,key,140206_1,,0.46820750873055217,0.2542726004936924,0.7461947391937934,0.7805363300887779,0.6447644681080827,0.270935960591133,522,,,0.06101344945156806,0.04617534937214901,0.06562406462942204,0.08989165425493564,0.4980214215112094,0.9491938824608582,0.4867038844901956,0.5668744273296996,0.47921877352632997,0.4464681670810999,0.4187879267037879,0.42254665837379213,0.4545571087575324,0.4646783140069947,0.46901713758094926,0.46474246972559485,0.45674288035543,0.4571329000810343,0.8207080850411943,0.9481312722579149,0.7902967238979486,0.7284257442936316,0.673540895120773,0.6729163322329262,0.7191559707064887,0.7260173094950906,0.7262157304830106,0.7107919999613544,0.6903826924005465,0.7000444956109585,target_lookback,log
transformer,0,23,3,key,140207_2,,0.42804205417633057,0.1992320418357849,0.6828436255455017,0.3479597270488739,1.1811755895614624,0.270935960591133,522,0.7241379310344828,0.36707594990730286,0.08820153772830963,0.011403649114072323,0.035826414823532104,0.06385339796543121,0.19325916469097137,0.9184615612030029,0.25502821803092957,0.31081435084342957,0.34476733207702637,0.4088849723339081,0.4713630676269531,0.448712021112442,0.49096915125846863,0.47765782475471497,0.5208591818809509,0.42608264088630676,0.48150667548179626,0.46756675839424133,0.4261707663536072,0.5167554020881653,0.5691803693771362,0.6684431433677673,0.7624995112419128,0.7195741534233093,0.7778646945953369,0.7482023239135742,0.8070417642593384,0.647767186164856,0.7271283864974976,0.7176527976989746,target_lookback,log
routed,0,23,3,key,140207_2,,0.41632229945111504,0.1938200452606694,0.6642051370295724,0.3479597058821567,1.1412748579760958,0.270935960591133,522,,,0.08820154067311774,0.011615579201030722,0.03945094161427419,0.05161917305919119,0.1817328254142418,0.894528896906722,0.3031458216414114,0.37468981911153243,0.37744611897903174,0.36838928525485165,0.3866433678300944,0.39338612183475885,0.42724528312376886,0.4626735716786253,0.5000603891857751,0.5099790437452604,0.43948354914381216,0.45103107662195646,0.5090547688719939,0.6251640325617888,0.6238858658727069,0.6022656562896842,0.6261042937204924,0.6303009334525379,0.6760090627622821,0.7244234073011873,0.7747958510156802,0.7772199194119812,0.663269731942875,0.6920622601141294,target_lookback,log
transformer,1,17,3,key,140207_2,,0.5097242593765259,0.2129625678062439,0.8149271607398987,0.3252984285354614,1.4718717336654663,0.270935960591133,522,0.6666666666666666,0.3358815014362335,0.08349873125553131,0.010169045999646187,0.03301725164055824,0.05167194828391075,0.16672755777835846,1.1062648296356201,0.2953355312347412,0.335702508687973,0.45634689927101135,0.5031102299690247,0.45584243535995483,0.5027901530265808,0.5768227577209473,0.5744207501411438,0.6107656955718994,0.6663495898246765,0.5513274669647217,0.5370897650718689,0.4949961006641388,0.5581426620483398,0.7564809322357178,0.825293242931366,0.7384313344955444,0.8062291741371155,0.9153744578361511,0.9009464383125305,0.9464482069015503,1.0208346843719482,0.8338002562522888,0.8261024951934814,target_lookback,log
routed,1,17,3,key,140207_2,,0.4108263607174367,0.18700379892592311,0.6557783256938765,0.3252984237761299,1.1412748579760958,0.270935960591133,522,,,0.08349873582988983,0.010223773965850134,0.03584459737111504,0.0476180450702236,0.17060371029641017,0.8847166509180944,0.3016185647496126,0.3627332942925195,0.34491841749876606,0.34613276139599647,0.39812836256868617,0.3855451353282193,0.4205241923239575,0.46121162296326507,0.4980142665082072,0.5079105569392467,0.4448676257494514,0.4533154394064463,0.5056753586116381,0.6040582972120008,0.5706387992165614,0.5659283728292279,0.6439217312785768,0.6168622043773841,0.6661451528791622,0.7228135515659273,0.7709693965649878,0.7773240952365067,0.6722505292719567,0.6966995627629552,target_lookback,log
transformer,2,23,3,key,140207_2,,0.40457233786582947,0.1970246434211731,0.6454699039459229,0.3737334907054901,1.0779104232788086,0.270935960591133,522,0.6455938697318008,0.31473788619041443,0.07843088358640671,0.010548552498221397,0.04255412518978119,0.05795707181096077,0.2253207117319107,0.8593336343765259,0.2552644908428192,0.3011798560619354,0.3368341624736786,0.34244415163993835,0.379831463098526,0.4207446277141571,0.4377775192260742,0.5099097490310669,0.45034080743789673,0.43970903754234314,0.4735642075538635,0.48473790287971497,0.42619118094444275,0.5012261271476746,0.5567440390586853,0.5601391792297363,0.6116845011711121,0.6722756028175354,0.6930109858512878,0.7997376322746277,0.697069525718689,0.6721121668815613,0.7159321308135986,0.7449637651443481,target_lookback,log
routed,2,23,3,key,140207_2,,0.42218927896064373,0.2018561982170112,0.6743364289596283,0.37373350242004855,1.1412748579760958,0.270935960591133,522,,,0.078430886066214,0.011239041624276401,0.035239052720747385,0.046631586191162415,0.22930241406135174,0.8991510966559797,0.313459921533499,0.374762152098088,0.369033780999966,0.3668717836360153,0.3862207787316949,0.41083455342283703,0.4239100683709279,0.47081964263113013,0.5089631383002496,0.5204571000961818,0.4592602856323438,0.4598946253999154,0.526343844165107,0.6262665226154704,0.6110074922488775,0.6006704987327709,0.6249074518249605,0.6581303877723822,0.6713826943661719,0.7378564866043622,0.7882842219267698,0.7966075392008207,0.6942248541578879,0.7065656460044051,target_lookback,log
transformer,0,30,3,key,140214_1,,0.24439741671085358,0.1304253488779068,0.3952271342277527,0.3611367344856262,0.4893966019153595,0.23636363636363636,726,0.7162534435261708,0.2660544812679291,0.04520511254668236,0.017648866400122643,0.02050868421792984,0.03133486583828926,0.26476621627807617,0.4842877686023712,0.22987407445907593,0.23472069203853607,0.23283617198467255,0.23908962309360504,0.23783022165298462,0.24238085746765137,0.23514939844608307,0.2251913994550705,0.23551547527313232,0.25340577960014343,0.32812005281448364,0.23032519221305847,0.38725757598876953,0.3920169174671173,0.3868790566921234,0.39417213201522827,0.3893936574459076,0.39143112301826477,0.3782343864440918,0.3590218424797058,0.3728540241718292,0.39762285351753235,0.5106820464134216,0.3604070544242859,target_lookback,log
routed,0,30,3,key,140214_1,,0.2267291549378107,0.12099657407227694,0.3658071938088607,0.3611367467203372,0.38050474316196414,0.23636363636363636,726,,,0.045205113682820056,0.015276984721344793,0.0213261433032069,0.04783584930030168,0.3082120773118158,0.4112548096132374,0.22041406999220733,0.22075514503505397,0.204937309840105,0.20677925017442972,0.22199169620367265,0.2224250077815704,0.22778518492459673,0.23574415160615234,0.24176791614466833,0.22218742777742356,0.25510361815052246,0.2431329822057466,0.37144096564820706,0.36853223133917734,0.3407313764826267,0.34011772974369125,0.36242703523293934,0.3577763016881588,0.36446284350146013,0.3743865802653733,0.3812647544805512,0.3475950189242029,0.3963725134083673,0.38085840418674854,target_lookback,log
transformer,1,12,3,key,140214_1,,0.3908418118953705,0.17343822121620178,0.6332253217697144,0.3253820538520813,1.1637771129608154,0.23636363636363636,726,0.7892561983471075,0.41134947538375854,0.05211103707551956,0.01126231998205185,0.03552417829632759,0.041197218000888824,0.2604294717311859,0.8390762805938721,0.27293214201927185,0.3664787709712982,0.37068843841552734,0.3540565073490143,0.38920852541923523,0.38319116830825806,0.4309517741203308,0.4134288728237152,0.44282543659210205,0.4015997648239136,0.382468581199646,0.47153154015541077,0.459441214799881,0.6148107647895813,0.6166699528694153,0.5819342136383057,0.6356823444366455,0.6226479411125183,0.6942077875137329,0.659507155418396,0.7023041248321533,0.6313915252685547,0.5957751870155334,0.744905948638916,target_lookback,log
routed,1,12,3,key,140214_1,,0.2106640589353499,0.11105474991890384,0.3392203969264511,0.3253820501169088,0.38050474316196414,0.23636363636363636,726,,,0.05211103527054091,0.010174814090142661,0.02221671233977336,0.04658693098060548,0.27198224296631407,0.39045684390345636,0.2244275312762849,0.20667756744306826,0.20134526958584892,0.18123317061816344,0.18763034886723046,0.18858657410449337,0.19194707770218644,0.20289495998765478,0.20242529327921116,0.21872683362382955,0.2868145151581446,0.22372525880868152,0.37766908196509086,0.34604215895336365,0.33466296469759205,0.29322598048943516,0.30030025295606216,0.3029190465611748,0.30585608370766837,0.321760529379609,0.31833186694367577,0.342478562090098,0.4461772476613662,0.3523666973428024,target_lookback,log
transformer,2,8,3,key,140214_1,,0.31904834508895874,0.14732970297336578,0.516933023929596,0.3716485798358917,0.8272259831428528,0.23636363636363636,726,0.8829201101928374,0.43599647283554077,0.03886121138930321,0.010535081848502159,0.03476190194487572,0.02939056046307087,0.17559649050235748,0.6944530606269836,0.28258100152015686,0.26736488938331604,0.31476300954818726,0.32268574833869934,0.3370910584926605,0.37032338976860046,0.31374749541282654,0.3151959180831909,0.316306471824646,0.31359338760375977,0.32721325755119324,0.3437981605529785,0.47603100538253784,0.4468354880809784,0.5236032605171204,0.53237384557724,0.5509619116783142,0.602263331413269,0.5054149627685547,0.5033454895019531,0.5015867948532104,0.4929315745830536,0.509882926940918,0.5425254106521606,target_lookback,log
routed,2,8,3,key,140214_1,,0.23136156827576077,0.11479520353757618,0.37376079329260453,0.3716485798104639,0.38050474316196414,0.23636363636363636,726,,,0.038861211830814466,0.008937834068869114,0.02448061085496321,0.04571975055153437,0.2534215065887984,0.456462611462682,0.234316763218163,0.23822596695674297,0.19427693660156287,0.2000465731799904,0.20312716969578082,0.20825672632359743,0.2077557035996742,0.23417585741874178,0.23058715497735335,0.2823087886449494,0.27064041725632254,0.2647361950479307,0.39485222864638814,0.399077090852787,0.3218957437915791,0.3293208117362884,0.329343235729352,0.33649275484195645,0.3320953453408757,0.3722978507229125,0.3633267290789297,0.4431039268222945,0.4214625877658244,0.41719780282566443,target_lookback,log
transformer,0,38,3,key,140214_2,,0.4947330057621002,0.24393615126609802,0.7706344127655029,0.5658624172210693,1.1160149574279785,0.29577464788732394,522,0.5383141762452107,0.3308943808078766,0.11280424147844315,0.016995416954159737,0.04897378012537956,0.03423711657524109,0.18296872079372406,1.0671037435531616,0.3566893935203552,0.4772757589817047,0.44919314980506897,0.4822308123111725,0.48490801453590393,0.5293245315551758,0.5910637974739075,0.5570474863052368,0.5266531705856323,0.4887104630470276,0.47808516025543213,0.5029571056365967,0.5858118534088135,0.7760280966758728,0.7202265858650208,0.7659332156181335,0.7593024373054504,0.8246405124664307,0.9116937518119812,0.8486772179603577,0.7906336784362793,0.7242652773857117,0.7203261852264404,0.7714853286743164,target_lookback,log
routed,0,38,3,key,140214_2,,0.4546198800963768,0.22622334105867575,0.7074526156464866,0.5658624120690545,0.9642347069224062,0.29577464788732394,522,,,0.11280424224211248,0.015670557836219814,0.048696621315376054,0.038265979854886376,0.20915897931167943,0.9718763594260491,0.3602339893882248,0.462656395052973,0.3974295603434207,0.324908953028471,0.3253769413090032,0.3472876940058262,0.4409828621318574,0.4362186376052648,0.4780534597967247,0.5942627204911157,0.6343851200762839,0.5928865673883237,0.591835933316853,0.7522054638901906,0.6356510136780861,0.5118711078776826,0.5033962110119328,0.5384449833375194,0.6788381025011746,0.6631812416889546,0.7168527992447622,0.8823735290861279,0.9580025389067064,0.9106275893781673,target_lookback,log
transformer,1,4,3,key,140214_2,,0.5823809504508972,0.2934368848800659,0.9094470143318176,0.8080382943153381,1.114351511001587,0.29577464788732394,522,0.8601532567049809,0.8167117238044739,0.08167240768671036,0.01807337999343872,0.05418452247977257,0.035982683300971985,0.22839833796024323,1.2571778297424316,0.42829954624176025,0.5237463712692261,0.5561776757240295,0.5099641680717468,0.5509840250015259,0.5835821628570557,0.5919193625450134,0.6141485571861267,0.6504036784172058,0.6814514398574829,0.6479089260101318,0.6598261594772339,0.7034959197044373,0.8526788949966431,0.8972461223602295,0.8130432367324829,0.8698543310165405,0.9105103015899658,0.9129669666290283,0.9363900423049927,0.9800457954406738,1.0110862255096436,0.9788653254508972,1.0148464441299438,target_lookback,log
routed,1,4,3,key,140214_2,,0.5490416896729354,0.2688079718779542,0.8572065655170764,0.8080383634809402,0.9642347069224062,0.29577464788732394,522,,,0.08167240508137913,0.017206773695524258,0.048807498581244876,0.04001812607804793,0.20727935167824346,1.186348907320633,0.42346004239014257,0.5212128961932043,0.5544289147657258,0.45830804403814646,0.4679179202187982,0.3948410520786201,0.49537591820042876,0.5541308875932837,0.5824665968450603,0.7417302531447879,0.716563607565331,0.6348816971287984,0.6955886052469742,0.8491758203228245,0.894695245504457,0.730545068420623,0.7380515410900281,0.6147548495654875,0.7633513764883496,0.844339140309139,0.877295641256439,1.1013331325564342,1.0830902551492316,0.9763250114763481,target_lookback,log
transformer,2,4,3,key,140214_2,,0.6161546111106873,0.3094358444213867,0.9626866579055786,0.8054147362709045,1.260493278503418,0.29577464788732394,522,0.8735632183908046,0.8444183468818665,0.0676155537366867,0.01781878061592579,0.058760471642017365,0.03836642578244209,0.23823265731334686,1.331393837928772,0.4427920877933502,0.5127270221710205,0.5460538864135742,0.6122745871543884,0.655958890914917,0.6916096210479736,0.7607635259628296,0.6735933423042297,0.6081698536872864,0.5891227126121521,0.6432493925094604,0.6315047144889832,0.7276729941368103,0.8345075249671936,0.8808995485305786,0.9764006733894348,1.0355254411697388,1.0799602270126343,1.174597144126892,1.0274795293807983,0.9164577722549438,0.87647545337677,0.9717966914176941,0.9706208109855652,target_lookback,log
routed,2,4,3,key,140214_2,,0.5477524414071654,0.2736543978235772,0.8554660039088761,0.8054147749104531,0.9642347069224062,0.29577464788732394,522,,,0.06761555454514159,0.016955775582434485,0.05515108539257258,0.03915157561467705,0.24094760103048538,1.1776555904214148,0.4388954858676659,0.5074908964857161,0.47283455643272243,0.43155368843704645,0.41190330287981797,0.5189071207954703,0.6705296838284124,0.4818995521995129,0.5339082265313813,0.6612511663829638,0.7454486596320069,0.655387554801643,0.7212747455629005,0.826139850392059,0.7624607068923122,0.6864898884480933,0.6493370303982378,0.8097532671004286,1.0349372276118836,0.7342210668537846,0.8041516490316979,0.9841879587014453,1.1269334587488316,1.0075214463788718,target_lookback,log
transformer,0,8,3,key,140227_1,,0.4680964946746826,0.24053983390331268,0.7908198833465576,0.8001357316970825,0.6638546586036682,0.07428571428571429,2538,0.7962962962962963,0.5313953757286072,0.12497856467962265,0.01806262694299221,0.054581090807914734,0.04263268783688545,0.26451513171195984,1.0528192520141602,0.40483710169792175,0.5615347027778625,0.5277869701385498,0.41668710112571716,0.48276692628860474,0.44463902711868286,0.447509765625,0.34301283955574036,0.506919801235199,0.4481678009033203,0.5022863149642944,0.4885244071483612,0.6894686818122864,0.9595378637313843,0.8993523716926575,0.7068456411361694,0.8190472722053528,0.7519152164459229,0.753806471824646,0.5736832618713379,0.8513545393943787,0.7502917051315308,0.8401483297348022,0.8208091855049133,target_lookback,log
routed,0,8,3,key,140227_1,,0.499740602909184,0.25684088832671226,0.8451368309507274,0.8001357401981284,1.279412701379992,0.07428571428571429,2538,,,0.12497856109316323,0.018127062553144738,0.05411278862526939,0.04259984250062326,0.29473629678156693,1.1224385368569265,0.4005887847272211,0.5676984498235833,0.5492815827868162,0.4506997465287575,0.5233693411232792,0.48962223300274565,0.488795305494179,0.39380193636847466,0.5421800050728679,0.48911792109216173,0.5408000271635603,0.5268725250545698,0.6824204629014337,0.9702162435848356,0.9364524741639539,0.765526476646618,0.8888285002222404,0.8291037793830698,0.8245973742904293,0.6608879226467907,0.9114273258023988,0.8199343606220637,0.9054085949752361,0.8860785087952487,target_lookback,log
transformer,1,3,3,key,140227_1,,0.4808841049671173,0.22823630273342133,0.8117371201515198,0.6648142337799072,1.8336610794067383,0.07428571428571429,2538,0.966903073286052,1.0022233724594116,0.12841066718101501,0.010879023000597954,0.05949918180704117,0.06798025220632553,0.3016681969165802,1.0736888647079468,0.42882397770881653,0.5954969525337219,0.45806655287742615,0.48028770089149475,0.46939635276794434,0.40341266989707947,0.3335937559604645,0.3708757162094116,0.6158586740493774,0.4811009466648102,0.5894924402236938,0.4557526111602783,0.7331245541572571,1.0190434455871582,0.7792440056800842,0.8153237104415894,0.7955384254455566,0.6782934665679932,0.5577665567398071,0.6204648613929749,1.0369104146957397,0.8031299114227295,0.9823111295700073,0.7641358375549316,target_lookback,log
routed,1,3,3,key,140227_1,,0.43248485937870507,0.22049212713047264,0.7285213704486198,0.664814248512908,1.279412701379992,0.07428571428571429,2538,,,0.12841066758226305,0.010595280413809484,0.058709006255911265,0.06801001142190982,0.3250928788327787,0.9488933209812306,0.3716160830844436,0.47300431469867416,0.37399493840249187,0.3736819460786479,0.39584298236841975,0.3664961319452933,0.3056077028109857,0.3436489681496189,0.5965671434153117,0.47112369623789935,0.5942149021451656,0.42076352760005997,0.6335250353762092,0.8073177597292113,0.6334431294044399,0.6307425931945893,0.668695392190883,0.6144414948131416,0.5092677339270634,0.5735901711079866,1.004116480054742,0.78612945794501,0.9903465298005918,0.7043845895164852,target_lookback,log
transformer,2,7,3,key,140227_1,,0.5754707455635071,0.29657506942749023,0.9748058915138245,0.9855508208274841,0.8293117880821228,0.07428571428571429,2538,0.8282111899133175,0.6963357925415039,0.12428753823041916,0.010155993513762951,0.058165717869997025,0.04718518629670143,0.37744197249412537,1.2855902910232544,0.3337944447994232,0.4373408854007721,0.48550093173980713,0.5430982112884521,0.6003615856170654,0.6059880256652832,0.6071017384529114,0.5269994735717773,0.54695063829422,0.6249427795410156,0.7732203602790833,0.7070314288139343,0.568743884563446,0.7458338737487793,0.8277429938316345,0.9252349138259888,1.0205744504928589,1.0270838737487793,1.0261833667755127,0.8876162171363831,0.9184209704399109,1.0501748323440552,1.2983012199401855,1.1912543773651123,target_lookback,log
routed,2,7,3,key,140227_1,,0.5962154371693865,0.3062866631825851,1.010323702202678,0.9855508201057789,1.279412701379992,0.07428571428571429,2538,,,0.12428753371124746,0.010457040663777619,0.05814111028602127,0.046990042792124063,0.3840224070525907,1.3342449921892703,0.3319158353441628,0.44430003504761667,0.5063123683486436,0.5577224955071385,0.6217651510892074,0.6304041895783293,0.6285576614045302,0.5517798886817767,0.5733868227472201,0.6548841711745214,0.7964771088272555,0.7335041899991712,0.5654625291715306,0.7577965071929821,0.8636476822838244,0.950330974014577,1.057308725059128,1.0689199198963908,1.06291517447979,0.9300082190406473,0.9635558746540202,1.1009293271469882,1.3375736066110069,1.236202007238348,target_lookback,log
transformer,0,5,3,key,140313_1,,0.6867586970329285,0.4134407043457031,1.095526099205017,1.0868018865585327,1.2384976148605347,0.053974484789008834,2658,0.5496613995485328,0.8527870774269104,0.1674235463142395,0.03263738378882408,0.16456422209739685,0.13623285293579102,0.714468777179718,1.2968523502349854,0.6066358089447021,0.6729702353477478,0.7043353915214539,0.6759456992149353,0.5489307045936584,0.6617490649223328,0.6457000970840454,0.6705277562141418,0.7436473369598389,0.7617066502571106,0.828497052192688,0.6863294243812561,0.9806034564971924,1.081671118736267,1.1337743997573853,1.082982063293457,0.8709133863449097,1.051824927330017,1.0236263275146484,1.0646520853042603,1.1815983057022095,1.206297755241394,1.3139814138412476,1.0899988412857056,target_lookback,log
routed,0,5,3,key,140313_1,,0.6741933052307761,0.4043928008553254,1.0749135107614702,1.0868019333299233,0.8396421240575335,0.053974484789008834,2658,,,0.16742353785986824,0.03255642630636999,0.16487335594966282,0.13730758197474038,0.6994777797402891,1.273046619866075,0.6057514933326464,0.6704893223840871,0.6926105158015822,0.6628034672718054,0.5454689646854817,0.649428223349976,0.6295982913860818,0.6533522657265235,0.7262704687321571,0.7435425442048266,0.8057873590193839,0.6752742780951156,0.979246681188295,1.0773214557243045,1.1144393219340376,1.0609620818917562,0.8650651759335534,1.0311560262152935,0.9974877285890789,1.0367660156668697,1.1535171997224263,1.1767584203434887,1.2774182649020538,1.0720963593517505,target_lookback,log
transformer,1,9,3,key,140313_1,,0.66717129945755,0.3910420835018158,1.0634452104568481,1.0258994102478027,1.5829920768737793,0.053974484789008834,2658,0.4620015048908954,0.6983977556228638,0.17085671424865723,0.02893691323697567,0.16368895769119263,0.13398446142673492,0.6607933044433594,1.2711200714111328,0.39114779233932495,0.49483054876327515,0.5860043168067932,0.5647508502006531,0.7505871057510376,0.7676869630813599,0.7436953783035278,0.8108075261116028,0.71806800365448,0.6547514796257019,0.736003577709198,0.6704394221305847,0.6213954091072083,0.783820390701294,0.9347702264785767,0.9001213908195496,1.202642560005188,1.2285709381103516,1.186476469039917,1.2930402755737305,1.1402643918991089,1.0344154834747314,1.1637357473373413,1.0613681077957153,target_lookback,log
routed,1,9,3,key,140313_1,,0.6386703740980872,0.3763912254356158,1.016717765180778,1.0258993928787141,0.8396421240575335,0.053974484789008834,2658,,,0.17085671627471624,0.028826070618452722,0.16374120318136864,0.1354118109789934,0.651114463677554,1.2081118398320367,0.39141612956970057,0.49425797053472964,0.5691253012508887,0.5548841071790177,0.7305348859601472,0.7422344093305238,0.7068896033207257,0.7692801123379659,0.6726811082166141,0.602953756861382,0.6927866311907475,0.6379995915341548,0.6216592931039977,0.7832373513145126,0.9066303818888457,0.8835112547693369,1.1694377255921555,1.1870328341253054,1.1267430988302807,1.225614705525355,1.0662882510759695,0.9500598344653762,1.0939113369867868,1.0086409706026849,target_lookback,log
transformer,2,6,3,key,140313_1,,0.6039919853210449,0.3616948425769806,0.9585462808609009,0.943093478679657,1.1974400281906128,0.053974484789008834,2658,0.5624529721595184,0.8058698773384094,0.16800588369369507,0.03458143025636673,0.1839057058095932,0.13085228204727173,0.6754491329193115,1.1143813133239746,0.413753479719162,0.5575599670410156,0.6374820470809937,0.5956200957298279,0.5670754909515381,0.6348013877868652,0.6183509230613708,0.6751120686531067,0.6184384226799011,0.6547263264656067,0.6249114274978638,0.6151641011238098,0.6586285829544067,0.8908531665802002,1.0220472812652588,0.9481795430183411,0.8989205360412598,1.0090713500976562,0.9812208414077759,1.07193922996521,0.9742465019226074,1.0331608057022095,0.9819013476371765,0.9675021767616272,target_lookback,log
routed,2,6,3,key,140313_1,,0.5914399977277552,0.3537327454730912,0.9378011187188733,0.9430934503042085,0.8396421240575335,0.053974484789008834,2658,,,0.16800587583685453,0.03444021251994803,0.1840401499824891,0.13314646644863545,0.6646505827715012,1.0886408036933926,0.41305220105642276,0.5567878408920834,0.6313280726451024,0.5909184566284907,0.5646116444612961,0.6247210492099903,0.6050453678030252,0.6529091363041994,0.5950221298392993,0.6253905626063461,0.6032929869684563,0.604325294719044,0.6573029913402388,0.8894270749589737,1.0118300452494104,0.9399370219885108,0.8948043397843584,0.9924801150434543,0.9592474527591699,1.0357033002104936,0.9357037989934814,0.9854039361967686,0.9467549242237577,0.9497745896349881,target_lookback,log
transformer,0,8,6,key,140120_1,,1.1965205669403076,0.5889521837234497,1.9857858419418335,1.9829319715499878,2.0076520442962646,0.11482254697286012,1326,0.8167420814479638,1.167972207069397,0.18127350509166718,0.017546411603689194,0.08769384026527405,0.05143839120864868,0.9648177623748779,2.580108880996704,0.7651922702789307,1.033244252204895,1.080466389656067,1.2426649332046509,1.2189432382583618,1.2193554639816284,1.2472562789916992,1.3620405197143555,1.1781495809555054,1.2918225526809692,1.2955048084259033,1.3414708375930786,1.2956362962722778,1.745483636856079,1.817414402961731,2.0842349529266357,2.0360090732574463,2.0263922214508057,2.062955141067505,2.244290828704834,1.930023193359375,2.108386278152466,2.1045379638671875,2.196866512298584,target_lookback,log
routed,0,8,6,key,140120_1,,1.2429115801709185,0.6158151506585384,2.063080724078853,1.9829319637459943,2.599274598774789,0.11482254697286012,1326,,,0.18127349908615786,0.01675843028193026,0.08940263055752523,0.05648873548867488,0.9910283882805871,2.684333985271361,0.8066742048728526,1.0818942019111026,1.1693904536250717,1.3171884828883895,1.2604538155284297,1.2538458561612995,1.2857341018972726,1.396690214847518,1.231140199696101,1.3431769514552467,1.3236568769737085,1.3698504935341655,1.3667068276294825,1.828306198383838,1.9682408009663233,2.2096965557892623,2.1053878192190107,2.0835059322232112,2.126645266224937,2.301549417069717,2.017287908563723,2.192489944768298,2.1504595876280517,2.243520987650802,target_lookback,log
transformer,1,12,6,key,140120_1,,0.8703392148017883,0.43769094347953796,1.4425894021987915,1.4122318029403687,1.6580634117126465,0.11482254697286012,1326,0.777526395173454,1.0203803777694702,0.16033726930618286,0.020250555127859116,0.07944866269826889,0.04847494140267372,1.0390573740005493,1.7271770238876343,0.6811533570289612,0.867971658706665,0.8976502418518066,0.85102379322052,0.7959359288215637,0.9049999713897705,0.8854294419288635,1.0065655708312988,0.9399858713150024,0.9339826703071594,0.8395872116088867,0.8062345385551453,1.151122808456421,1.464024543762207,1.5104072093963623,1.4244661331176758,1.3268944025039673,1.502243161201477,1.4636021852493286,1.657357931137085,1.5399090051651,1.522740125656128,1.361475944519043,1.317275047302246,target_lookback,log
routed,1,12,6,key,140120_1,,0.9611542463879138,0.47659372732627514,1.594102983204962,1.4122318960771314,2.599274598774789,0.11482254697286012,1326,,,0.16033726773276105,0.01936386645452212,0.08059379851760919,0.05589890191519649,1.062828743523334,1.952610573307125,0.7133360957857887,0.9460859182124506,1.0288128326926276,0.960399455011715,0.9240760470616788,0.9877412137170137,1.005158736625323,1.0925990368958058,1.021236600273667,1.0131852991891481,0.9260638979502439,0.870446336542402,1.2063018172458364,1.5970676769001046,1.732470221333163,1.608997823958966,1.5417621900365666,1.6402219918986012,1.6622825562961034,1.7996335891680328,1.6736545775730232,1.6526635746178588,1.502743800868442,1.4230511777083652,target_lookback,log
transformer,2,12,6,key,140120_1,,0.9547219276428223,0.47885775566101074,1.5828269720077515,1.5154448747634888,2.028485059738159,0.11482254697286012,1326,0.7496229260935143,1.0046288967132568,0.17308031022548676,0.01919269934296608,0.08105151355266571,0.0483546257019043,1.038608431816101,1.9469062089920044,0.6131560206413269,0.8163902759552002,0.8923473954200745,1.0842328071594238,0.9728884100914001,1.019193172454834,0.9685015082359314,1.0474624633789062,1.023330569267273,0.9974706172943115,1.0150281190872192,0.9356318116188049,1.0352009534835815,1.3763617277145386,1.5012269020080566,1.816685438156128,1.6227084398269653,1.6926501989364624,1.600550889968872,1.7239127159118652,1.6762059926986694,1.626462697982788,1.647802710533142,1.528945803642273,target_lookback,log
routed,2,12,6,key,140120_1,,1.0105336981575221,0.5049445203348694,1.675900441885464,1.515444929101888,2.599274598774789,0.11482254697286012,1326,,,0.17308031709196436,0.01827409175579601,0.0816500210350558,0.05681474335678942,1.0617882291586167,2.079206545232588,0.665069540448002,0.8993767836300827,1.0067956965748153,1.1478847816949145,1.0326390799001262,1.0580030609371849,1.023678048463146,1.0948389711558655,1.0812418843336835,1.0180493819702898,1.053957127306226,0.9797567659715573,1.1242430162746706,1.517746419269431,1.695016944512664,1.9238757807809088,1.7229496488083813,1.7570965313891191,1.6921135810967058,1.8021347679186739,1.7716168154932483,1.660224103957285,1.7113427294093535,1.6016300867245346,target_lookback,log
transformer,0,4,6,key,140206_1,,0.6765601634979248,0.35937803983688354,1.0824097394943237,0.9480641484260559,1.3804534673690796,0.270935960591133,522,0.842911877394636,1.0480940341949463,0.05843076854944229,0.04029287025332451,0.04823996499180794,0.08561450242996216,0.5296529531478882,1.4713233709335327,0.6448017954826355,0.7266079783439636,0.6407113075256348,0.7007627487182617,0.6410789489746094,0.6163904666900635,0.6380834579467773,0.7148186564445496,0.6818533539772034,0.7508141994476318,0.7474492192268372,0.6017588376998901,1.0924906730651855,1.21785306930542,1.0619885921478271,1.1494007110595703,1.0397155284881592,0.9854637980461121,1.0127804279327393,1.1208549737930298,1.057583212852478,1.1504862308502197,1.1315736770629883,0.9265657067298889,target_lookback,log
routed,0,4,6,key,140206_1,,0.5456965928867707,0.3003396847440309,0.8706698332914293,0.9480641702760997,0.6158687920222571,0.270935960591133,522,,,0.05843077227776197,0.0380552020043323,0.06313016398394196,0.10981035085169889,0.5369166536482621,1.1321140063749722,0.584174793427371,0.6550701565885321,0.4995476536039755,0.4540006256217452,0.4470039145196807,0.48417877039249835,0.5281849747117201,0.5698225748569207,0.5298857401179428,0.6313262102277964,0.5791804294506383,0.548608820286781,0.9890611065041676,1.0952302074052618,0.8219828426341264,0.7369948129999134,0.7177817375586086,0.7692990464253135,0.8370928004850182,0.8930027329197058,0.8214577565258578,0.9674266016065838,0.8765512881667187,0.8445777310299589,target_lookback,log
transformer,1,5,6,key,140206_1,,0.7310123443603516,0.38230979442596436,1.1701242923736572,1.0398316383361816,1.4642449617385864,0.270935960591133,522,0.867816091954023,1.130914330482483,0.0520087368786335,0.05309181287884712,0.04919246956706047,0.07075762003660202,0.4956013858318329,1.6191056966781616,0.6218762993812561,0.7602421045303345,0.7007735371589661,0.6566172242164612,0.6858493089675903,0.6912959218025208,0.7194089293479919,0.7485219240188599,0.8565657734870911,0.7592124342918396,0.7869861125946045,0.7958133816719055,1.0542792081832886,1.2752659320831299,1.1628165245056152,1.0773590803146362,1.1133801937103271,1.1095129251480103,1.1421124935150146,1.1739377975463867,1.3285247087478638,1.162408709526062,1.190778136253357,1.2247542142868042,target_lookback,log
routed,1,5,6,key,140206_1,,0.5912988263117079,0.3227400929110945,0.9439623622194411,1.0398316937193448,0.6158687920222571,0.270935960591133,522,,,0.0520087373360665,0.052836403041777835,0.06481060892692439,0.10892378726549239,0.5279415457840719,1.254420930376511,0.5259833619734646,0.6182730429922452,0.598940732411799,0.525167187911712,0.48446285985488174,0.5157881904734593,0.571107003827298,0.6337241966373353,0.783827528070282,0.6206072785436002,0.558601988630324,0.6310385535958413,0.8901096240256994,1.0331998304688845,0.9884231054876809,0.8552917570272704,0.7807340150151948,0.8240664245084104,0.9049832073499784,0.9928736537350794,1.2155549755587451,0.949669254979142,0.844360784038446,0.9703805707709723,target_lookback,log
transformer,2,9,6,key,140206_1,,0.7960006594657898,0.3946077227592468,1.274343729019165,1.4188071489334106,0.7596194744110107,0.270935960591133,522,0.789272030651341,1.0062967538833618,0.08724374324083328,0.03588484227657318,0.05197795853018761,0.04819035902619362,0.49568971991539,1.7776724100112915,0.7719513773918152,0.7435276508331299,0.5913233160972595,0.6706681847572327,0.8305890560150146,1.0348511934280396,1.0323991775512695,0.748757004737854,0.7883747816085815,0.7503724098205566,0.7990034222602844,0.6774870157241821,1.3091498613357544,1.2481673955917358,0.9806726574897766,1.099807858467102,1.348386526107788,1.6639935970306396,1.640933871269226,1.1729722023010254,1.2222752571105957,1.147753357887268,1.2077140808105469,1.0427608489990234,target_lookback,log
routed,2,9,6,key,140206_1,,0.7838270860965132,0.3960291324493934,1.253148203168171,1.4188071569240346,0.6158687920222571,0.270935960591133,522,,,0.08724374015013685,0.035380605064268725,0.06762804144990722,0.11065223626885932,0.5459334352478084,1.7287296344179914,0.7916488408819986,0.7824932198844954,0.6096461021007482,0.6877997826466673,0.8235195651694527,0.9916474860595444,1.001312135285266,0.7791300010174458,0.7678130862512195,0.7057248340624844,0.708141197407128,0.6352655412309817,1.341875144911724,1.310457729193324,1.0054922103626227,1.1235048645148762,1.3335583866643064,1.5926183548400932,1.5904991047857946,1.2208977484695929,1.1903136937248944,1.0794171841554776,1.069771596036342,0.9776055683676633,target_lookback,log
transformer,0,67,6,key,140207_2,,0.40829673409461975,0.21195527911186218,0.650726318359375,0.45880326628685,0.9982277154922485,0.270935960591133,522,0.4942528735632184,0.2675946354866028,0.09842516481876373,0.011332605965435505,0.04225356504321098,0.048558205366134644,0.22307686507701874,0.8672635555267334,0.32497528195381165,0.35618120431900024,0.42892056703567505,0.35414281487464905,0.34240466356277466,0.3825104236602783,0.39816370606422424,0.4051404595375061,0.4786780774593353,0.44902390241622925,0.46738746762275696,0.5113698840141296,0.5468549132347107,0.5944139361381531,0.7103397846221924,0.5781682729721069,0.5533653497695923,0.61163729429245,0.62874835729599,0.6321324706077576,0.7390093803405762,0.6856324672698975,0.7044622898101807,0.7832987904548645,target_lookback,log
routed,0,67,6,key,140207_2,,0.41735376052616435,0.2157833648627436,0.6652854291862508,0.4588032620323733,1.0330422014009313,0.270935960591133,522,,,0.09842516589983648,0.011587185484040873,0.04646610835787528,0.04517625426260585,0.23003609140093045,0.8862200067870593,0.36723191676165784,0.40262231702735557,0.3613923552653446,0.3804621900374634,0.3917063343430419,0.39049941123935955,0.39506916857528107,0.41060277722105015,0.5056303546141935,0.5082252696390694,0.43693344534414946,0.4608963322275562,0.6189519603332857,0.6730206698334571,0.5970632440463558,0.6219189538251771,0.6342004211862685,0.6244276120426869,0.6238593031096201,0.6402933275186378,0.7811140533473986,0.7769181241875449,0.6580932046349276,0.7049871695716561,target_lookback,log
transformer,1,28,6,key,140207_2,,0.6171045303344727,0.2534911036491394,0.9878893494606018,0.34440621733665466,1.811868667602539,0.270935960591133,522,0.6379310344827587,0.3216853141784668,0.075603187084198,0.014375963248312473,0.03323543444275856,0.043253082782030106,0.23901905119419098,1.3357113599777222,0.43212997913360596,0.4611659348011017,0.5207722783088684,0.5845876932144165,0.6238235831260681,0.6892408132553101,0.7205281257629395,0.7401533126831055,0.7322047352790833,0.6882231831550598,0.5966640114784241,0.5713185667991638,0.7303473353385925,0.7713566422462463,0.8641480207443237,0.9597365260124207,1.013002634048462,1.107366681098938,1.1446632146835327,1.1621016263961792,1.135850191116333,1.0544745922088623,0.9026052355766296,0.8791958689689636,target_lookback,log
routed,1,28,6,key,140207_2,,0.383894732239502,0.18381337875628107,0.6128742176403201,0.3444062194016064,1.0330422014009313,0.270935960591133,522,,,0.07560318192147043,0.012858919669918811,0.03821523923388128,0.0389479858114311,0.20920555304080826,0.8170177489367914,0.3288958055744319,0.3473439761633496,0.3632806552868257,0.3623976987650524,0.36751923321347396,0.36136356031872396,0.38495769914751504,0.37364601331112474,0.4454822981943891,0.45653233035190033,0.40491761713444235,0.41885230855195366,0.554003468470746,0.5791769813420828,0.6012371846652235,0.5930680713590806,0.5945790965033761,0.5786294721981738,0.6098953914710141,0.584601928022364,0.6897594735387425,0.6983513549085298,0.6116466360974236,0.6437679022317306,target_lookback,log
transformer,2,45,6,key,140207_2,,0.4799181818962097,0.2223038375377655,0.7671889662742615,0.4167640209197998,1.30575692653656,0.270935960591133,522,0.5363984674329502,0.2897333800792694,0.0784328505396843,0.008115103468298912,0.037558481097221375,0.047028180211782455,0.17233994603157043,1.0393192768096924,0.3091306984424591,0.4618258476257324,0.5410351157188416,0.5234149098396301,0.48449069261550903,0.4236500561237335,0.43299055099487305,0.3974470794200897,0.4558505415916443,0.5711007118225098,0.6042996048927307,0.512564480304718,0.5203143358230591,0.7721931338310242,0.8975079655647278,0.8596274852752686,0.7862101793289185,0.6792100071907043,0.6859155893325806,0.6211230754852295,0.7055505514144897,0.873637318611145,0.9140130877494812,0.7881532907485962,target_lookback,log
routed,2,45,6,key,140207_2,,0.4038362259227006,0.19953952779529005,0.6448016606508779,0.416764025341743,1.0330422014009313,0.270935960591133,522,,,0.07843284946339141,0.008965471600055269,0.03909519767264131,0.04201482945463354,0.1760119845389886,0.8684704683977448,0.31466487806490506,0.40309526115525945,0.37023431993255435,0.375382573377441,0.3822167170675252,0.399538844136695,0.3909039944781014,0.39778682484806277,0.4615041567067996,0.48946250999194785,0.42846256495494095,0.4372453638950899,0.5299067514746938,0.6737679543020978,0.6123252887443021,0.6153983604528515,0.6195995861243709,0.6402956418195463,0.6185947866697787,0.621250941650859,0.7142331943525434,0.7484517160373313,0.6471576979437077,0.6717743376724244,target_lookback,log
transformer,0,12,6,key,140214_1,,0.3354044258594513,0.17032143473625183,0.5425013303756714,0.47152888774871826,0.7258239984512329,0.23636363636363636,726,0.7768595041322314,0.37385138869285583,0.06746432930231094,0.009731000289320946,0.02776825986802578,0.036543671041727066,0.23758891224861145,0.714628279209137,0.35248488187789917,0.3153960108757019,0.279132604598999,0.31421202421188354,0.35352063179016113,0.3393286466598511,0.28777486085891724,0.34807199239730835,0.3232746720314026,0.3544333875179291,0.4096498191356659,0.3382015526294708,0.5949496030807495,0.5255371332168579,0.46236181259155273,0.5179006457328796,0.5774205327033997,0.5490589737892151,0.4631617069244385,0.5560487508773804,0.5107964277267456,0.5560433864593506,0.6373242735862732,0.5331343412399292,target_lookback,log
routed,0,12,6,key,140214_1,,0.28942009701071436,0.1580635178133206,0.46668283244295694,0.4715288914406809,0.4506703405335642,0.23636363636363636,726,,,0.06746433173899156,0.008997533363458526,0.02971612303770355,0.05652803974714919,0.3109169512518995,0.5726967956958546,0.2324834982406578,0.26985928669791587,0.23338961172593728,0.2801455137648505,0.2840738585158595,0.28701658708092465,0.24892706059590916,0.3126140468032762,0.309908070525991,0.30389779255798816,0.41494192137881175,0.272786789713936,0.39119399060314664,0.4488483651063757,0.38599540450015174,0.4603638182664626,0.46203094063269173,0.46140199229961737,0.3971048822457591,0.4966800499734313,0.48840105497584585,0.4756367299088508,0.6456060358251289,0.42931697868941276,target_lookback,log
transformer,1,10,6,key,140214_1,,0.38937023282051086,0.1801500916481018,0.6297760605812073,0.39698678255081177,1.0811264514923096,0.23636363636363636,726,0.7506887052341598,0.4154341518878937,0.07111434638500214,0.00888771191239357,0.046952102333307266,0.03966169059276581,0.20950409770011902,0.8470540046691895,0.3183610141277313,0.35638323426246643,0.4088232219219208,0.40063825249671936,0.4005719721317291,0.38073718547821045,0.3809591233730316,0.45128852128982544,0.4367503225803375,0.4017367959022522,0.3378843665122986,0.3847881555557251,0.5354375839233398,0.5935864448547363,0.6794517636299133,0.6588244438171387,0.6524192094802856,0.6158745884895325,0.6115245223045349,0.7212678790092468,0.6927143335342407,0.631395697593689,0.5260644555091858,0.6075155138969421,target_lookback,log
routed,1,10,6,key,140214_1,,0.25527247088105454,0.13982789518270805,0.4103099807810407,0.3969867633691536,0.4506703405335642,0.23636363636363636,726,,,0.0711143460016599,0.008937199321486539,0.03388972298773147,0.05670087901314273,0.28106787539087985,0.49964249972685054,0.22466803468299626,0.25510491294626036,0.286854415450553,0.23876726888888475,0.23607837252876349,0.24999471240011353,0.2352731391343214,0.23526587869994192,0.22435786974658198,0.3079397634000946,0.2907451983118295,0.2688891001000715,0.37764142470089274,0.4263994791860505,0.4756496186310732,0.38909028350077257,0.37754558538551,0.3982207296717819,0.3713262495017725,0.3719635648795092,0.35194425676599145,0.4828948818457338,0.4523204121612568,0.42387930277102165,target_lookback,log
transformer,2,15,6,key,140214_1,,0.2659113109111786,0.12413344532251358,0.4300411641597748,0.314113587141037,0.6809166669845581,0.23636363636363636,726,0.8512396694214877,0.33863669633865356,0.045490071177482605,0.012560317292809486,0.032104503363370895,0.03244275599718094,0.1879560649394989,0.5666012763977051,0.2805783152580261,0.2694545090198517,0.2951931059360504,0.23991215229034424,0.2125263214111328,0.19172318279743195,0.25672322511672974,0.2563403844833374,0.2803657054901123,0.30186235904693604,0.3040306270122528,0.2832651138305664,0.47258350253105164,0.4514558017253876,0.4913501441478729,0.3950866758823395,0.3452610969543457,0.30955037474632263,0.4079451560974121,0.40894266963005066,0.4446673095226288,0.4737672507762909,0.4737631380558014,0.4470940828323364,target_lookback,log
routed,2,15,6,key,140214_1,,0.21824034669328468,0.11385471069883354,0.35121546861708797,0.314113566469932,0.4506703405335642,0.23636363636363636,726,,,0.04549007230791273,0.012065684895320491,0.03161366688194901,0.05552620176656984,0.26626804898232875,0.4136067451045243,0.20636159402167398,0.1759737414134315,0.19171649255296147,0.1933619348685692,0.2089251846724598,0.25025277150325254,0.22310804747954222,0.21367585307485823,0.23024672182127723,0.21994150320199923,0.2536222836408307,0.2488543164496634,0.3470828863749904,0.2938968055997624,0.3181788493987408,0.31647517651312035,0.337324626424179,0.40355430427897465,0.3514919781685282,0.33750613241981586,0.36228512284810427,0.34329615330430097,0.3949795520838664,0.39257670762243685,target_lookback,log
transformer,0,4,6,key,140214_2,,0.5619641542434692,0.27775001525878906,0.8766317963600159,0.6370216608047485,1.2775064706802368,0.29577464788732394,522,0.7183908045977011,0.576304018497467,0.10096291452646255,0.014411823824048042,0.05709950253367424,0.03684573993086815,0.2764643132686615,1.2005460262298584,0.4400748610496521,0.522247850894928,0.4927305579185486,0.485682874917984,0.5181592702865601,0.640460193157196,0.6818399429321289,0.5970326662063599,0.5727381110191345,0.6080078482627869,0.5684379935264587,0.608635663986206,0.7223986983299255,0.8502908945083618,0.7903838157653809,0.7750270366668701,0.81716388463974,0.9995580315589905,1.0523167848587036,0.9064046740531921,0.8620163202285767,0.9038468599319458,0.8559219241142273,0.9342028498649597,target_lookback,log
routed,0,4,6,key,140214_2,,0.5135603752401456,0.2564863551098049,0.8005474972193071,0.6370216529699183,1.0957143277542412,0.29577464788732394,522,,,0.10096291474845262,0.012971005810166896,0.05517017967519669,0.042264760330560626,0.26232102587803413,1.0940976208853475,0.44301231131992225,0.5215859539002984,0.4927655566939373,0.3492153013484002,0.34794705531731607,0.37511327773287007,0.45860634813097734,0.5580209649962616,0.6141184361474518,0.6135807912453074,0.6635626895434233,0.659374400250219,0.7278034213114377,0.8492995454361378,0.7906841799207885,0.5561061060608192,0.5465483936012687,0.5831368663128651,0.7063581430648632,0.8462678177250984,0.9246124869758581,0.912177438281224,1.0007289029164028,1.0126873862258756,target_lookback,log
transformer,1,8,6,key,140214_2,,0.6563633680343628,0.30179619789123535,1.0256808996200562,0.6659631729125977,1.581412434577942,0.29577464788732394,522,0.7720306513409961,0.5371496677398682,0.08467188477516174,0.014599095098674297,0.04695950448513031,0.027938788756728172,0.19596999883651733,1.4274041652679443,0.41842153668403625,0.5590535402297974,0.5939754843711853,0.6274728178977966,0.6688076853752136,0.7032725214958191,0.6830241084098816,0.7276681065559387,0.7443352937698364,0.7253165245056152,0.7066229581832886,0.7105984687805176,0.6877701282501221,0.9111751914024353,0.9579416513442993,0.9999774694442749,1.0563222169876099,1.0976665019989014,1.054521083831787,1.1100974082946777,1.1218007802963257,1.0796501636505127,1.0684529542922974,1.0924150943756104,target_lookback,log
routed,1,8,6,key,140214_2,,0.523370093625679,0.25801230591745833,0.8169656820268351,0.6659632132380151,1.0957143277542412,0.29577464788732394,522,,,0.08467188168107494,0.014755490986221904,0.045165442736776265,0.03564343754672862,0.2204160809251751,1.1265399831726042,0.4145764046363462,0.5135399498857877,0.47136376914959366,0.3867635758522784,0.3482998871272387,0.3913272787271656,0.48975447387010906,0.5648226607482143,0.6033730385184499,0.5782589567747844,0.720805174473785,0.7273865608235855,0.6813277634420641,0.8364645394763083,0.7590911799013477,0.6137937489526812,0.5480344295588948,0.6082558327835781,0.7555030099432773,0.8607675964921152,0.908668164480503,0.8600249537810266,1.0899696861196169,1.118349502472328,target_lookback,log
transformer,2,2,6,key,140214_2,,0.5704135894775391,0.29311251640319824,0.8906824588775635,0.9517055153846741,0.7250028848648071,0.29577464788732394,522,0.8735632183908046,0.8745182156562805,0.07844118773937225,0.01875925436615944,0.0566517598927021,0.037158265709877014,0.36802664399147034,1.1970432996749878,0.4960661828517914,0.5528227090835571,0.5779759287834167,0.6058915257453918,0.49590715765953064,0.5807827115058899,0.5476826429367065,0.5151663422584534,0.5645976066589355,0.5225141644477844,0.6989893317222595,0.6792206764221191,0.8156960606575012,0.8990617990493774,0.9321942925453186,0.9650914669036865,0.782526969909668,0.9056808948516846,0.8443148732185364,0.785201370716095,0.8482103943824768,0.7774398326873779,1.0578029155731201,1.0450770854949951,target_lookback,log
routed,2,2,6,key,140214_2,,0.6378256691352128,0.3117394991079426,0.9964695424749599,0.9517055462246047,1.0957143277542412,0.29577464788732394,522,,,0.07844119035070908,0.01796036923647368,0.055206619848110754,0.039404740764056,0.21153413104809993,1.383769267493667,0.47820847364717994,0.5508660717255114,0.5988188775398102,0.6110492686889156,0.47073791656496594,0.5849628208049913,0.6028987753306315,0.641969754165257,0.6920912938542028,0.6579469742029775,0.8692042475183638,0.8610613802755592,0.7862681523567457,0.895787213415567,0.9657968243729649,0.9735992565638548,0.7421612083148952,0.91242882479812,0.9301880998118087,0.9790896371182853,1.0413820152623807,0.9796358852091198,1.3157947283702331,1.3256659964340791,target_lookback,log
transformer,0,8,6,key,140227_1,,0.6390038728713989,0.3048388957977295,1.0834380388259888,1.0927133560180664,0.9603686332702637,0.07428571428571429,2538,0.7549251379038613,0.5108397006988525,0.1281532496213913,0.012608694843947887,0.055474456399679184,0.043078698217868805,0.24768085777759552,1.4633270502090454,0.3379288613796234,0.5470702648162842,0.577117919921875,0.7213838696479797,0.550948441028595,0.6843298673629761,0.6659318804740906,0.593184232711792,0.6745163202285767,0.6851625442504883,0.7723371982574463,0.7514430284500122,0.5749003887176514,0.9357281923294067,0.985236406326294,1.229313850402832,0.9356442093849182,1.162202000617981,1.1277081966400146,1.0000841617584229,1.1361429691314697,1.1524919271469116,1.296871304512024,1.2668818235397339,target_lookback,log
routed,0,8,6,key,140227_1,,0.6566745568778299,0.312413874511,1.113657735626238,1.092713353679177,1.3476255741403753,0.07428571428571429,2538,,,0.12815325918306816,0.012635322236839972,0.055387015595483584,0.043663842740150276,0.22713921073142748,1.5079605886909262,0.3017991998005641,0.5456303905255355,0.588423073769284,0.727401523812962,0.5710856920838292,0.7075990004967952,0.6922602276971284,0.6227895310004078,0.7046599827058037,0.7182354580167074,0.79600237930085,0.7704395124838509,0.511814935437577,0.9331958220427526,1.0046623936963754,1.2396097475726162,0.9701875652472631,1.201994237325576,1.17265463802298,1.0506155214472357,1.1873738254095685,1.20851031117116,1.3368318821795313,1.299117149198709,target_lookback,log
transformer,1,4,6,key,140227_1,,0.45139840245246887,0.20549361407756805,0.7617531418800354,0.5744784474372864,1.9231935739517212,0.07428571428571429,2538,0.9208037825059102,0.7372850179672241,0.1286950409412384,0.008912366814911366,0.06005669757723808,0.04023994505405426,0.27980467677116394,1.0083731412887573,0.331808865070343,0.47488680481910706,0.569437563419342,0.49707940220832825,0.5455344319343567,0.4237661361694336,0.5445618033409119,0.3459053337574005,0.384685754776001,0.3311319947242737,0.5044407248497009,0.35785922408103943,0.56293785572052,0.8111003637313843,0.9718548655509949,0.8442161083221436,0.925578236579895,0.7143288254737854,0.9199493527412415,0.5775694251060486,0.6420239806175232,0.548868715763092,0.8436536192893982,0.5967419147491455,target_lookback,log
routed,1,4,6,key,140227_1,,0.3944022724518987,0.19739640597053795,0.6636408345056275,0.5744784084579998,1.3476255741403753,0.07428571428571429,2538,,,0.12869504464157575,0.008846056595363576,0.060370378687563404,0.04026903724711077,0.29806029114117477,0.8638129894014521,0.26758209401856425,0.3530745526191358,0.4370055791707494,0.41686834397313044,0.45743124216946923,0.39818145934909555,0.48829150646749464,0.3318162201311596,0.37419637728020205,0.3478256131037554,0.4684144797884025,0.33139273217332,0.4498815735553678,0.5993705570132605,0.7428521134733523,0.7054934165601342,0.7738671068499285,0.6702961984035861,0.8236357912542521,0.5533291454440579,0.6240305352775409,0.5775505531909514,0.7825393119301571,0.5512787669131747,target_lookback,log
transformer,2,6,6,key,140227_1,,0.49490782618522644,0.24460038542747498,0.8366519808769226,0.8432863354682922,0.7490657567977905,0.07428571428571429,2538,0.859338061465721,0.6353622078895569,0.12550662457942963,0.00826184917241335,0.0625368282198906,0.03885246068239212,0.2931540012359619,1.1108545064926147,0.2927607595920563,0.4206766188144684,0.4003170430660248,0.4097256362438202,0.4518829882144928,0.5504282116889954,0.5705872178077698,0.5176810026168823,0.5853944420814514,0.5854809284210205,0.5182780027389526,0.5539613962173462,0.4970269799232483,0.7163721919059753,0.6794553399085999,0.6935905814170837,0.7651503086090088,0.9320720434188843,0.9644865393638611,0.8715154528617859,0.9851628541946411,0.9829479455947876,0.8665895462036133,0.9313884377479553,target_lookback,log
routed,2,6,6,key,140227_1,,0.5263923084409371,0.25976381932876835,0.8906260631075487,0.8432863268451504,1.3476255741403753,0.07428571428571429,2538,,,0.12550662430120316,0.008434431543133678,0.06277046602389397,0.03963766848403854,0.3151608532563737,1.1818039108181673,0.26556877637807874,0.4159258726799495,0.43759621414021993,0.4371357980927683,0.48876526484800437,0.5819791290447744,0.6036636833855054,0.5598627543505065,0.6281641534640788,0.6338628299451544,0.5646674379354939,0.5873792886955611,0.4492270658566502,0.7079184857485216,0.7442236905701642,0.7408806565859438,0.8285856079050846,0.9861595407343542,1.0209974549200116,0.9435808666694421,1.0579247697631204,1.0650216936357078,0.9452147705132936,0.988236157570848,target_lookback,log
transformer,0,6,6,key,140313_1,,0.8325157761573792,0.4818113446235657,1.3317363262176514,1.3118605613708496,1.6414819955825806,0.053974484789008834,2658,0.4714070729872084,0.7506955862045288,0.17119473218917847,0.032060153782367706,0.18842749297618866,0.13633033633232117,0.6607742309570312,1.6453336477279663,0.47797659039497375,0.7345475554466248,1.0167696475982666,0.9566417932510376,0.6949105858802795,0.8095253705978394,0.8902649283409119,0.8412396311759949,0.7764137387275696,0.7552722692489624,0.9096410870552063,0.9880260229110718,0.7672414779663086,1.1796528100967407,1.6449486017227173,1.54294753074646,1.1087952852249146,1.2964451313018799,1.4196528196334839,1.3374056816101074,1.2334668636322021,1.1932530403137207,1.4424207210540771,1.5759743452072144,target_lookback,log
routed,0,6,6,key,140313_1,,0.8080487427681871,0.4665090339605597,1.2918272704039049,1.311860620676657,0.8686683966397987,0.053974484789008834,2658,,,0.17119473059773582,0.031976030387513794,0.18892048994911972,0.13537081366004694,0.6515841080434648,1.5930232357086886,0.47981356073830495,0.7301186871755341,0.9900247906142303,0.9306492216683483,0.6793603963830784,0.7862628406090232,0.8605767571724546,0.8115935943435256,0.7459362440819008,0.7272288926228545,0.8759347079086212,0.9522302966350147,0.7702802688434887,1.1724135717141821,1.601091702650207,1.5004888577921722,1.082671912759671,1.2586748941379233,1.371317672363552,1.2892789873956407,1.1840170882790846,1.147750507441042,1.388138478505203,1.5182561613520438,target_lookback,log
transformer,1,7,6,key,140313_1,,0.8096098303794861,0.4654633402824402,1.295141577720642,1.2547154426574707,1.8665791749954224,0.053974484789008834,2658,0.45560571858540255,0.7205531001091003,0.17140163481235504,0.03278917819261551,0.17644073069095612,0.13521058857440948,0.6627953052520752,1.5943633317947388,0.4309915006160736,0.6094582080841064,0.9179030060768127,0.9065774083137512,0.8162060976028442,0.7601080536842346,0.8221657276153564,0.8097085952758789,0.8310610055923462,0.8219844102859497,0.9618411064147949,0.894156813621521,0.6897154450416565,0.9762688875198364,1.483009934425354,1.4585329294204712,1.3111945390701294,1.2155876159667969,1.311252474784851,1.2903655767440796,1.3196662664413452,1.3013834953308105,1.5279172658920288,1.423517107963562,target_lookback,log
routed,1,7,6,key,140313_1,,0.7739769731905374,0.4463630750479936,1.2369585780687813,1.2547154314958502,0.8686683966397987,0.053974484789008834,2658,,,0.1714016292868636,0.03271044997197206,0.17697446624871224,0.135886633587888,0.6511445391286197,1.5173915713434736,0.42989745936093304,0.6043459723266694,0.8873027850780661,0.8664868453804737,0.7712117117467961,0.7142544951741749,0.7716757526521999,0.7603084737339771,0.7846222574137897,0.7810300043817894,0.926254964563622,0.870785110365931,0.6877344453362668,0.9678322533423067,1.4328131356032363,1.392660164758745,1.2374863488127426,1.1408939272982224,1.228962895834186,1.2097733045322263,1.2441512704818767,1.2349502291031969,1.4707136110918329,1.3857598014862569,target_lookback,log
transformer,2,8,6,key,140313_1,,0.6320450901985168,0.38481026887893677,1.004554271697998,1.0001055002212524,1.0795542001724243,0.053974484789008834,2658,0.5255831452219714,0.738962709903717,0.168312668800354,0.03654768690466881,0.18394072353839874,0.13107840716838837,0.6664921045303345,1.1847487688064575,0.436965674161911,0.5788018703460693,0.6389798521995544,0.5665391087532043,0.6673911809921265,0.6956251859664917,0.679468035697937,0.7340653538703918,0.6959227323532104,0.6532146334648132,0.5913974046707153,0.5958759188652039,0.6992892622947693,0.9275806546211243,1.0231298208236694,0.9014132618904114,1.0672824382781982,1.108929991722107,1.0797182321548462,1.162419319152832,1.1024069786071777,1.0305627584457397,0.9250045418739319,0.9383293390274048,target_lookback,log
routed,2,8,6,key,140313_1,,0.625355785328654,0.3804616373590455,0.9934553632674183,1.0001055511408101,0.8686683966397987,0.053974484789008834,2658,,,0.1683126649247854,0.03643315918726565,0.18449708656085104,0.13294122490162819,0.6580120593078352,1.1720972021769196,0.43820989266202426,0.5813095147259971,0.6351516603720243,0.5660159343023083,0.6606891796057223,0.6883412861019343,0.6701310158298207,0.7171349312136522,0.6814007922429817,0.6404754270596322,0.5865415085858322,0.5943046152141129,0.701414361255253,0.931640170377027,1.016369431806974,0.9001203870366106,1.056256130343149,1.0970514786541632,1.0643874785054908,1.134502796146437,1.0786145789853367,1.0097845617192052,0.9170772470721702,0.9357633433026675,target_lookback,log
transformer,0,3,12,key,140120_1,,1.0415211915969849,0.4552871584892273,1.7277348041534424,1.1678268909454346,3.9348971843719482,0.11482254697286012,1326,0.7745098039215687,1.197551965713501,0.16793356835842133,0.028271591290831566,0.08449229598045349,0.05551799386739731,0.9933198690414429,2.187509536743164,0.6561433672904968,0.8789603114128113,1.000045657157898,1.0162166357040405,1.1025620698928833,1.084943175315857,1.1509438753128052,1.108364224433899,1.0929088592529297,1.1209698915481567,1.1108226776123047,1.105100154876709,1.1084444522857666,1.4828369617462158,1.6831777095794678,1.7038739919662476,1.8407948017120361,1.8026623725891113,1.902698278427124,1.825182318687439,1.7905651330947876,1.8288296461105347,1.803165316581726,1.808992624282837,target_lookback,log
routed,0,3,12,key,140120_1,,0.8805220654683235,0.4254055957704464,1.4587396617732924,1.1678269269124653,2.8316868886993256,0.11482254697286012,1326,,,0.16793356510719373,0.028005420128535487,0.08648530571921696,0.06416550019517189,1.014172881637096,1.76585141242714,0.6980560282727382,0.847024866438222,0.9024036831312817,0.8444920444898039,0.879988892036584,0.873874773284927,0.9443869521380966,0.9957369203325165,0.9442136812821517,0.8974686222546937,0.8659692741739923,0.8506924698373399,1.1803817105314893,1.4283318796337392,1.5176251555981382,1.414112065739211,1.4668198923472016,1.4494281238751219,1.5585291293747838,1.6386064727818221,1.5452985062726938,1.4621444908881214,1.4031181383924418,1.3902685916514428,target_lookback,log
transformer,1,10,12,key,140120_1,,0.8980546593666077,0.4442237317562103,1.4888808727264404,1.3071479797363281,2.4766898155212402,0.11482254697286012,1326,0.7782805429864253,1.0137443542480469,0.15802961587905884,0.02025887370109558,0.08033806830644608,0.05530025437474251,1.0397597551345825,1.7999353408813477,0.6043218374252319,0.7973521947860718,0.7138078212738037,0.7471374869346619,0.8082970976829529,0.8612644672393799,0.8534733653068542,1.0240702629089355,1.0788732767105103,1.0314222574234009,1.032710075378418,1.1137511730194092,1.0199586153030396,1.3430688381195068,1.1987714767456055,1.2500115633010864,1.3466943502426147,1.429444670677185,1.4107509851455688,1.6863024234771729,1.7689869403839111,1.6828460693359375,1.6766669750213623,1.8225977420806885,target_lookback,log
routed,1,10,12,key,140120_1,,0.9406190623002934,0.46191462293910157,1.5598540942878452,1.3071479576471001,2.8316868886993256,0.11482254697286012,1326,,,0.15802961434666674,0.01976068021842349,0.08079447709488449,0.061461091622103906,1.0599444278225536,1.9007578896555357,0.7079557234984255,0.8999287909463183,0.8500351266373706,0.8290432462633971,0.884683815309544,0.9244926438004497,0.9595753027788718,1.0844800595616797,1.0639301041972073,0.9878820735524612,0.9719913891708207,1.082575611100108,1.1977639092070669,1.5178372389732444,1.4299241666421636,1.388443588122595,1.4748891976793206,1.5347170424155205,1.586881429771592,1.786077680564242,1.7443164214627036,1.6114268705791885,1.577544552013827,1.7713034719156633,target_lookback,log
transformer,2,4,12,key,140120_1,,1.1111565828323364,0.47883135080337524,1.8433901071548462,1.226653814315796,4.241997241973877,0.11482254697286012,1326,0.8197586726998491,1.3360111713409424,0.1788814812898636,0.024670740589499474,0.08773702383041382,0.056275662034749985,1.0082474946975708,2.3544318675994873,0.6624612212181091,0.8962830901145935,1.0419371128082275,1.0579781532287598,1.123155951499939,1.1790595054626465,1.252159833908081,1.2654072046279907,1.209455966949463,1.1995843648910522,1.1568769216537476,1.1840765476226807,1.1195522546768188,1.5120517015457153,1.753589153289795,1.771500825881958,1.8738751411437988,1.9590767621994019,2.0720434188842773,2.0855350494384766,1.9807237386703491,1.9578431844711304,1.8782325983047485,1.938205599784851,target_lookback,log
routed,2,4,12,key,140120_1,,0.9061018935933544,0.4391865336001779,1.5008689113957983,1.2266538723525477,2.8316868886993256,0.11482254697286012,1326,,,0.17888148705157264,0.024162628213314934,0.08971942321654415,0.06196327298325714,1.029148890483585,1.8241898818599838,0.7019300652406976,0.879862896249241,0.9313202151920005,0.864744509169894,0.8753945917878455,0.915257212184161,0.9982392608256541,1.0504575049770006,0.9690409364604071,0.9195517281774181,0.8717151522415891,0.8617271254236715,1.1873217634152586,1.4838836826819262,1.5660787613249014,1.4450219053160973,1.4573044591655009,1.5176011361732966,1.6495037334600675,1.729951349900978,1.5843385064557558,1.4985460455326183,1.412371808657203,1.4075377014678188,target_lookback,log
transformer,0,5,12,key,140206_1,,0.694688081741333,0.3650090992450714,1.111640214920044,1.0999780893325806,1.1424307823181152,0.270935960591133,522,0.7777777777777778,0.9144116044044495,0.04699495807290077,0.042067814618349075,0.05745949223637581,0.08061376959085464,0.5044580101966858,1.5262525081634521,0.8082794547080994,0.6667381525039673,0.5903273820877075,0.5451641082763672,0.6020642518997192,0.6914964318275452,0.6434310078620911,0.6908613443374634,0.7572687268257141,0.764685869216919,0.773166298866272,0.7796369194984436,1.3696495294570923,1.1178556680679321,0.9783462285995483,0.8925216197967529,0.9751847386360168,1.1086969375610352,1.0205620527267456,1.0846426486968994,1.1746242046356201,1.1716352701187134,1.1702665090560913,1.200645923614502,target_lookback,log
routed,0,5,12,key,140206_1,,0.6233855262365263,0.33068095977976875,0.9959382824760818,1.0999781385155942,0.6364876591873064,0.270935960591133,522,,,0.046994959383531675,0.0407000970405672,0.07291125349844284,0.1022651489581946,0.5429757380484578,1.3299759862810736,0.796659320474473,0.5719042447679618,0.4611510733063793,0.4602464802168043,0.5948070051021264,0.6591415060298111,0.533042833451605,0.59808539580199,0.7289664735521777,0.6897182180998025,0.6854612613100147,0.6261435971672222,1.3494072912651855,0.9544341188759231,0.7572078447862689,0.7488393680437594,0.961528899096606,1.0558198060179806,0.8445015276590592,0.9383422517893929,1.1306454745923211,1.0566997569406626,1.0373231327781653,0.9638868987913998,target_lookback,log
transformer,1,6,12,key,140206_1,,0.7603257298469543,0.38924264907836914,1.2177402973175049,1.1496431827545166,1.384448528289795,0.270935960591133,522,0.8850574712643678,1.1873780488967896,0.0479908213019371,0.04224514588713646,0.04614612087607384,0.057049211114645004,0.49269795417785645,1.6926696300506592,0.6358424425125122,0.7814821004867554,0.6920639276504517,0.6922138929367065,0.6854138970375061,0.7340831756591797,0.7779058218002319,0.8086336851119995,0.8661201000213623,0.7993639707565308,0.8027786016464233,0.8630355000495911,1.0772802829742432,1.3117717504501343,1.149305820465088,1.1367603540420532,1.1132307052612305,1.1790847778320312,1.2357711791992188,1.2698261737823486,1.343335509300232,1.2249541282653809,1.214861273765564,1.329261302947998,target_lookback,log
routed,1,6,12,key,140206_1,,0.6481578533638885,0.34130297223145595,1.0360258890622593,1.1496432107323888,0.6364876591873064,0.270935960591133,522,,,0.04799082461023835,0.04111994008882208,0.06668757921130568,0.1006215922408317,0.5427357079336445,1.3933317320163134,0.5270550501487595,0.6561719017375434,0.5927722878095533,0.5772522985185775,0.5247202877755123,0.5649020187391514,0.6341210639589963,0.726210216477502,0.8281229809946952,0.7124782515386487,0.6608340197847922,0.758285767408896,0.8914420314075729,1.0966016127075624,0.9786238546259091,0.9430246591102681,0.8474675516455962,0.9046075718772738,1.0062725610952095,1.139841276520043,1.2845136616503183,1.09173566376331,0.9996403194226295,1.1677253520899153,target_lookback,log
transformer,2,6,12,key,140206_1,,0.7028688788414001,0.37011876702308655,1.1250675916671753,0.9724546670913696,1.4584788084030151,0.270935960591133,522,0.8237547892720306,1.0085687637329102,0.03705247864127159,0.05021284520626068,0.0526178777217865,0.07288077473640442,0.5182616710662842,1.541823387145996,0.6117764115333557,0.73907870054245,0.6506789922714233,0.623824417591095,0.6421640515327454,0.6818759441375732,0.6936165690422058,0.7218602299690247,0.7379453778266907,0.7628011703491211,0.8075416684150696,0.7762875556945801,1.0367000102996826,1.2391399145126343,1.0796457529067993,1.0235610008239746,1.0421918630599976,1.094844937324524,1.101316213607788,1.1318562030792236,1.1437677145004272,1.1683313846588135,1.222267508506775,1.195591688156128,target_lookback,log
routed,2,6,12,key,140206_1,,0.5599873336357121,0.3129068193209392,0.8939873085140998,0.9724547226444398,0.6364876591873064,0.270935960591133,522,,,0.03705247786151953,0.0489262291539006,0.07047529956521754,0.1011530756773066,0.5539884066729331,1.1610055982688388,0.487464257245622,0.5968379871731344,0.5933644596064042,0.4814679319376588,0.5168776146315294,0.5423409931132369,0.5482733129054134,0.5840761108332719,0.584886325097489,0.5839570040166927,0.5911124944228465,0.6118879979470528,0.824171437924398,0.9957884245307528,0.9795760670343377,0.7840998742368189,0.8341985509154679,0.8682900133482457,0.869285744022112,0.9157671809677723,0.90620496695226,0.8934707133441481,0.8941400568289961,0.9420339473668984,target_lookback,log
transformer,0,69,12,key,140207_2,,0.4295637309551239,0.205851212143898,0.686295747756958,0.4186035692691803,1.1255662441253662,0.270935960591133,522,0.5287356321839081,0.2590384781360626,0.07696913927793503,0.012883365154266357,0.03816939517855644,0.04141566902399063,0.19562798738479614,0.922846257686615,0.3256221115589142,0.4023067057132721,0.44680076837539673,0.4465388059616089,0.396371990442276,0.35958513617515564,0.3740493357181549,0.43165314197540283,0.49336865544319153,0.5211148262023926,0.4872979521751404,0.46164625883102417,0.5487454533576965,0.6718963384628296,0.7403332591056824,0.731584906578064,0.6423346400260925,0.5757662653923035,0.5923505425453186,0.6765673756599426,0.7637858390808105,0.797264814376831,0.7368229627609253,0.7095220685005188,target_lookback,log
routed,0,69,12,key,140207_2,,0.38389657810758687,0.1926967033905611,0.6129120577778513,0.41860357986529423,0.9565595171175668,0.270935960591133,522,,,0.07696914600092611,0.011426509052858252,0.03857379913283072,0.03405221315699196,0.21079416516272348,0.8167118727809792,0.3169919512559836,0.36253387970189205,0.36573934818559145,0.3605556448766345,0.3721677208088308,0.39300226278219996,0.4126147111266727,0.4258135044525171,0.42879868064264104,0.4189485048834076,0.35355931612172525,0.39841408571604897,0.5340860900877654,0.6052887437820491,0.6053626011402913,0.5898919883051128,0.6029340910131237,0.6302114023399783,0.6538649352412477,0.6668758558304786,0.6633965035280817,0.6399655372145351,0.533781601036155,0.6117685502865341,target_lookback,log
transformer,1,36,12,key,140207_2,,0.375288724899292,0.18398521840572357,0.5984442234039307,0.3695031404495239,0.9769589304924011,0.270935960591133,522,0.5421455938697318,0.2752782106399536,0.08316367119550705,0.013728129677474499,0.03484400361776352,0.050427623093128204,0.19128558039665222,0.8006099462509155,0.2613014280796051,0.31550297141075134,0.2949035167694092,0.32211849093437195,0.33675676584243774,0.3455882966518402,0.3326006829738617,0.35668593645095825,0.38927802443504333,0.4806545078754425,0.5389558672904968,0.4945519268512726,0.4367823600769043,0.5246084928512573,0.48631739616394043,0.5267074108123779,0.5441004633903503,0.5523204207420349,0.5250996351242065,0.5575315356254578,0.6015525460243225,0.7346473336219788,0.814513623714447,0.7602365612983704,target_lookback,log
routed,1,36,12,key,140207_2,,0.3695006636027012,0.18222979233057798,0.5894480869798762,0.3695031411217587,0.9565595171175668,0.270935960591133,522,,,0.08316366121618919,0.011540222713005815,0.03485370113821101,0.037459207181862325,0.1982160209344586,0.7864573959514433,0.29656667956078164,0.3215169415884828,0.31420019106939184,0.34963586732543983,0.3955255287024893,0.3895474424597896,0.39958416214588355,0.38966229802410024,0.41316555408709116,0.4025710451622405,0.3518078110313906,0.41251146821638646,0.4973543115075821,0.5351970802583709,0.5197471088907086,0.5730901999929777,0.6409831536177079,0.6241519203738755,0.632968190732127,0.6095107182427437,0.6386675682894528,0.6144083095025633,0.5300870085107451,0.6334207723078374,target_lookback,log
transformer,2,39,12,key,140207_2,,0.34512388706207275,0.17084918916225433,0.5498903393745422,0.3374561071395874,0.8997905254364014,0.270935960591133,522,0.5651340996168582,0.2720954418182373,0.08038774877786636,0.007681755814701319,0.03657706826925278,0.0516335628926754,0.18220335245132446,0.7342746257781982,0.2512851357460022,0.26132825016975403,0.24965330958366394,0.27881550788879395,0.25282052159309387,0.32648730278015137,0.31268781423568726,0.34854844212532043,0.39168229699134827,0.43147948384284973,0.4531445801258087,0.53014075756073,0.42004498839378357,0.4320782721042633,0.41056933999061584,0.4540576934814453,0.404140830039978,0.5223920345306396,0.49425801634788513,0.544813871383667,0.6055467128753662,0.6595914959907532,0.6843951940536499,0.8151736259460449,target_lookback,log
routed,2,39,12,key,140207_2,,0.36081051514811047,0.17945230043586613,0.5752663842266003,0.33745611090347105,0.9565595171175668,0.270935960591133,522,,,0.08038775139589109,0.008213885786031463,0.04196710983661031,0.042840100051453514,0.20733511627720652,0.7643396509086982,0.29767901399925967,0.2987953062943998,0.3004204825623172,0.31846285450093487,0.33747096889277856,0.36215887195698887,0.3999305920827562,0.41362259694337555,0.4285385913845713,0.4228955904564268,0.34510656297077896,0.4017950601783021,0.5001833216302571,0.4963777887134951,0.4958755518511003,0.5199924105474928,0.5441799024287777,0.5799848288464626,0.6334414362256217,0.6473358368495685,0.6632531863988305,0.6461703786543771,0.5201429357137414,0.6167936722946968,target_lookback,log
transformer,0,9,12,key,140214_1,,0.4037783741950989,0.1945907175540924,0.6544818878173828,0.4815097749233246,1.0311042070388794,0.23636363636363636,726,0.7837465564738292,0.4196237325668335,0.051335107535123825,0.002439770381897688,0.02630193531513214,0.04534013196825981,0.25700923800468445,0.8705930709838867,0.34849071502685547,0.3937302827835083,0.38493040204048157,0.4001501500606537,0.40394559502601624,0.44415393471717834,0.37010616064071655,0.40964049100875854,0.41518181562423706,0.4249458611011505,0.39818549156188965,0.4525304138660431,0.5883074998855591,0.6599811315536499,0.6414309740066528,0.6604970693588257,0.6617830991744995,0.7191408276557922,0.5960158109664917,0.654701828956604,0.6572975516319275,0.6684324145317078,0.6207944750785828,0.7149619460105896,target_lookback,log
routed,0,9,12,key,140214_1,,0.2975311684246818,0.15584200886203767,0.480014215879572,0.4815098071865938,0.47515013368633513,0.23636363636363636,726,,,0.05133511134847615,0.0022583162610232722,0.03608860614798749,0.06985946648215322,0.2987634810377266,0.5990197034759566,0.18061297404493673,0.2689544504579794,0.3077800181430953,0.3112493358999535,0.3295285824121732,0.2693660946601828,0.26910424757273277,0.3357948912889269,0.3362269234277416,0.33840457251801,0.2714188416305955,0.32703208797052424,0.3019468229217267,0.4489009987474922,0.5108396432557825,0.512145376753747,0.5371243908837073,0.4293934373876158,0.4291379246499699,0.5338061734630236,0.5300135151761683,0.531412680995736,0.4227444773734024,0.5163197496597259,target_lookback,log
transformer,1,6,12,key,140214_1,,0.5407160520553589,0.23870088160037994,0.8762670159339905,0.5039587616920471,1.5582160949707031,0.23636363636363636,726,0.7975206611570248,0.5317004919052124,0.06869226694107056,0.00831906870007515,0.04255342856049538,0.06118926405906677,0.2889525890350342,1.1791574954986572,0.48022493720054626,0.49181291460990906,0.4974418878555298,0.43643656373023987,0.49236443638801575,0.5618313550949097,0.6114006638526917,0.6240289211273193,0.5724882483482361,0.5753132700920105,0.6155137419700623,0.5170455574989319,0.8108370900154114,0.8167514204978943,0.8253720998764038,0.7214825749397278,0.8075932264328003,0.912591814994812,0.9866795539855957,0.9966645836830139,0.9079479575157166,0.9048384428024292,0.9597511291503906,0.8168886303901672,target_lookback,log
routed,1,6,12,key,140214_1,,0.30931365520549403,0.16375688657817877,0.4973000742015348,0.5039587465400935,0.47515013368633513,0.23636363636363636,726,,,0.06869226635955601,0.008254703886876325,0.04545838455582583,0.08464281891417375,0.3016456751608805,0.6241094777831828,0.18747419206235272,0.24338397540328327,0.28232683700989303,0.3472807060444329,0.3376280641808849,0.4194580871156347,0.3319977338138455,0.3207975288945756,0.33864495076321943,0.28597043712116,0.2500836913088747,0.31013502790411107,0.30999139576191137,0.3917624341681966,0.4624933096220976,0.5719708633251255,0.5505731375768428,0.6777040561858177,0.531530514251256,0.5053508833352117,0.5338269984277736,0.4483795993896531,0.38853968071776285,0.4893118834057968,target_lookback,log
transformer,2,15,12,key,140214_1,,0.360723614692688,0.19331207871437073,0.5845451354980469,0.5478206276893616,0.6899612545967102,0.23636363636363636,726,0.696969696969697,0.33573469519615173,0.0463213287293911,0.013606276363134384,0.030386222526431084,0.03678857907652855,0.29373809695243835,0.7576582431793213,0.31963542103767395,0.2814822793006897,0.28846827149391174,0.33234989643096924,0.3614489436149597,0.3332902789115906,0.3552887737751007,0.36327534914016724,0.4162885844707489,0.3879895508289337,0.41846394538879395,0.4595780372619629,0.5380966663360596,0.4710509479045868,0.4789513945579529,0.5472531318664551,0.5925408601760864,0.5419479012489319,0.5724778771400452,0.5797589421272278,0.6602059602737427,0.6098438501358032,0.6519703269004822,0.7256201505661011,target_lookback,log
routed,2,15,12,key,140214_1,,0.3290391507147553,0.1798208942315629,0.5315413489405028,0.5478206142306523,0.47515013368633513,0.23636363636363636,726,,,0.046321325946520955,0.013551694249361408,0.03596531531046809,0.07241095464131747,0.34292658614032745,0.6577108568375514,0.19957915839400475,0.22960019851328056,0.27115872154994214,0.3362028729226542,0.36496861889137555,0.33996127055730985,0.3168679724251628,0.36870024127899065,0.3979802623375011,0.33207930652821227,0.32958145500091907,0.42235090487215077,0.33415418259816837,0.3824419918292879,0.44816576240289474,0.5520846295440928,0.5957396469171571,0.5499196259005376,0.5076308738127147,0.5861705040019957,0.6294153545390525,0.5210668293899623,0.5130118005116389,0.6666673769088263,target_lookback,log
transformer,0,4,12,key,140214_2,,0.6633196473121643,0.32779768109321594,1.0363823175430298,1.134222149848938,0.7539510726928711,0.29577464788732394,522,0.6819923371647509,0.6804044842720032,0.07312379777431488,0.01796247623860836,0.06133865937590599,0.04478338733315468,0.28087541460990906,1.428860068321228,0.513490617275238,0.5877393484115601,0.6452736258506775,0.5738142132759094,0.5938828587532043,0.7318487763404846,0.7718827128410339,0.6212359070777893,0.6080999970436096,0.7385818958282471,0.7305434346199036,0.8334690928459167,0.8447486758232117,0.9570837020874023,1.0404075384140015,0.9133427143096924,0.9364978671073914,1.1423254013061523,1.190049171447754,0.948004424571991,0.9167975783348083,1.0992664098739624,1.105089545249939,1.2836382389068604,target_lookback,log
routed,0,4,12,key,140214_2,,0.7470776893925062,0.3732525557618196,1.1678783036572042,1.1342220689901013,1.2443536454467696,0.29577464788732394,522,,,0.07312379397622533,0.017401137301393796,0.05626354314306596,0.04155997466297378,0.23871711562780407,1.6231418079829796,0.4969614474898364,0.6114895995812315,0.7178065698075717,0.6257658150940866,0.6712387957208047,0.8432059266864237,0.9035953250324275,0.7560445557998375,0.7070277697463411,0.8141848419099956,0.8177361304393159,0.9637730595145765,0.8176600274339305,0.9962363299708935,1.1580310963085687,0.9972908392089255,1.0590533741290518,1.316604727257513,1.394833623538823,1.153963139891811,1.0662369683878163,1.2121309510806169,1.2373058980517975,1.4845615747746619,target_lookback,log
transformer,1,4,12,key,140214_2,,0.635849118232727,0.3202681541442871,0.993245542049408,1.0553216934204102,0.8268961310386658,0.29577464788732394,522,0.8697318007662835,0.9366478323936462,0.07204136252403259,0.019590100273489952,0.06187126412987709,0.048092637211084366,0.24648058414459229,1.373537302017212,0.4587756395339966,0.5704507231712341,0.5768199563026428,0.6829897165298462,0.735466718673706,0.6228798627853394,0.5739316940307617,0.6584773659706116,0.7415472269058228,0.725862443447113,0.6099981665611267,0.6508765816688538,0.754688024520874,0.9288013577461243,0.9290900826454163,1.0899254083633423,1.1616737842559814,0.9711137413978577,0.8842512965202332,1.0028200149536133,1.1174966096878052,1.0800180435180664,0.92226642370224,1.0017436742782593,target_lookback,log
routed,1,4,12,key,140214_2,,0.7131140335318161,0.3605417205334082,1.1145765498785025,1.0553218180214385,1.2443536454467696,0.29577464788732394,522,,,0.07204135733560754,0.01909277367143782,0.05588814278787408,0.04780102297338077,0.239044580150581,1.5474168616851962,0.4478259149859851,0.5900829219251194,0.6234979415484156,0.732897807545345,0.8210182105775905,0.7422678301527901,0.6745117332101571,0.7607738260195703,0.8526959167310642,0.801259110356565,0.7105226609402168,0.7661531986238159,0.736707446648122,0.9615890094062937,1.005102806549302,1.1702088755720184,1.2968646269774604,1.158340116038413,1.0401483519768941,1.159872146521798,1.2854601178537126,1.192604548987091,1.0747592397673857,1.179596353873516,target_lookback,log
transformer,2,5,12,key,140214_2,,0.6714044809341431,0.3312312364578247,1.0493351221084595,0.935502290725708,1.2802561521530151,0.29577464788732394,522,0.7816091954022989,0.724368155002594,0.07348019629716873,0.019751282408833504,0.04922862350940704,0.042991455644369125,0.22139161825180054,1.457384467124939,0.46469607949256897,0.6079028248786926,0.7365480065345764,0.7108048796653748,0.7106729745864868,0.6464343070983887,0.7002776861190796,0.7011997103691101,0.7340885400772095,0.6330381035804749,0.688826322555542,0.7028317451477051,0.7630584836006165,0.9911503195762634,1.1889698505401611,1.1349647045135498,1.1213001012802124,1.0092566013336182,1.0807137489318848,1.0697284936904907,1.1062949895858765,0.9424272775650024,1.0416135787963867,1.0808262825012207,target_lookback,log
routed,2,5,12,key,140214_2,,0.663204035141139,0.33332998667878555,1.0364821586119817,0.9355023028289958,1.2443536454467696,0.29577464788732394,522,,,0.07348019764922381,0.01924937036300387,0.04801058250014225,0.04466994310805167,0.250618961312206,1.4344629133471811,0.46510709161302144,0.6020565758967374,0.7139064549764118,0.6770346519185578,0.6936863547159415,0.6514556322905776,0.6858905419726111,0.7768214985156472,0.7688183939276038,0.6315344216595012,0.6108527405889685,0.647189520649168,0.7642051492609145,0.9816573481058254,1.1521614349251037,1.0812084792251653,1.0945891543193234,1.0168373201879495,1.0582529934110176,1.1852243633163102,1.158769108404746,0.9401828158816747,0.9232938488884703,0.9948767645964761,target_lookback,log
transformer,0,8,12,key,140227_1,,0.6870278716087341,0.32323458790779114,1.1654603481292725,1.1610660552978516,1.218892216682434,0.07428571428571429,2538,0.7553191489361702,0.5229198932647705,0.12641063332557678,0.004446818958967924,0.05612896755337715,0.056504108011722565,0.2480863332748413,1.5767143964767456,0.43297675251960754,0.5065736174583435,0.6827413439750671,0.6677252650260925,0.6689577102661133,0.7169936299324036,0.573306679725647,0.8453148603439331,0.7530388236045837,0.7762601971626282,0.8285092115402222,0.684629499912262,0.7380034327507019,0.8654581904411316,1.164792776107788,1.1393650770187378,1.1377381086349487,1.2182592153549194,0.969828724861145,1.4300850629806519,1.2706105709075928,1.3059169054031372,1.3918293714523315,1.1529276371002197,target_lookback,log
routed,0,8,12,key,140227_1,,0.6937034381823143,0.32332405050050145,1.176858367472619,1.161066064411915,1.358341161131473,0.07428571428571429,2538,,,0.12641063342495362,0.00505549540344847,0.056616809185013876,0.0566418057764019,0.1934501154693852,1.5990381894474697,0.42073881817359393,0.5194864605687152,0.6980649897446666,0.6743539799343137,0.6802449082167565,0.7305879585381178,0.5982042259118404,0.8515496686739821,0.7586476516364942,0.7813230906132147,0.824971517210837,0.6787623839566377,0.716817744050377,0.8876655163717941,1.1911737532930888,1.150646517117587,1.1570629640611663,1.241476776941077,1.0123527688475598,1.4406957188416076,1.2801403774334135,1.3145233229300746,1.385857851591804,1.1429591280813445,target_lookback,log
transformer,1,4,12,key,140227_1,,0.4791570007801056,0.21539652347564697,0.8091526031494141,0.5948009490966797,2.098785638809204,0.07428571428571429,2538,0.9286840031520882,0.8179027438163757,0.12897978723049164,0.005347347352653742,0.06122554838657379,0.05122976377606392,0.29507121443748474,1.0716338157653809,0.29622215032577515,0.4360281229019165,0.5846112370491028,0.3905923366546631,0.48265716433525085,0.5438297986984253,0.5074211359024048,0.40534478425979614,0.4129706919193268,0.5565165281295776,0.5975401401519775,0.44798535108566284,0.502629280090332,0.7432891130447388,0.9979314208030701,0.6597884893417358,0.8171545267105103,0.9208436012268066,0.8562147617340088,0.6799185872077942,0.6900175213813782,0.9329253435134888,1.0002996921539307,0.7489911317825317,target_lookback,log
routed,1,4,12,key,140227_1,,0.4050165930810358,0.2014489375525983,0.6815941722506157,0.5948009237859812,1.358341161131473,0.07428571428571429,2538,,,0.12897978447004968,0.005836032690285308,0.06105872538261363,0.05184583658723635,0.28850773072321007,0.8923008138483831,0.2652290113108705,0.3377240495985403,0.46896228966929215,0.3166382205079724,0.38779584019192814,0.4659998280843929,0.41311168226553224,0.336146029692935,0.3616366478155456,0.5075751694430801,0.5461407908303897,0.3634932586504279,0.448402953217959,0.5722554720185704,0.7979275962991744,0.5308021663326494,0.6532718077869373,0.7871738790667913,0.6944168270167563,0.5610490885493263,0.60197771079936,0.8497035320392676,0.9131863400726543,0.6040032189576947,target_lookback,log
transformer,2,3,12,key,140227_1,,0.39298978447914124,0.18272686004638672,0.6609682440757751,0.4822589159011841,1.727089762687683,0.07428571428571429,2538,0.9562647754137116,0.9532150626182556,0.1293143332004547,0.009764384478330612,0.05895388498902321,0.04950074106454849,0.2770390510559082,0.8660644888877869,0.3584069311618805,0.4604969024658203,0.45818066596984863,0.4218551516532898,0.5034315586090088,0.4404776394367218,0.3463459312915802,0.32470059394836426,0.341310977935791,0.3104037046432495,0.34713008999824524,0.3354111313819885,0.6107708811759949,0.7855178713798523,0.7798248529434204,0.7146496176719666,0.8538079261779785,0.7443646788597107,0.5792311429977417,0.5396174192428589,0.5676211714744568,0.5105335116386414,0.5757576823234558,0.5547541379928589,target_lookback,log
routed,2,3,12,key,140227_1,,0.35402329342268896,0.17447100705008345,0.5935997290082328,0.4822589109727911,1.358341161131473,0.07428571428571429,2538,,,0.12931433397856415,0.010016067463440458,0.05982373380680779,0.05032751365202963,0.25227258024286453,0.7768189110352647,0.305705223994814,0.3995334449091657,0.4181157132645567,0.381197320099282,0.4353304210947657,0.3938778672569737,0.3170312993266771,0.2965006460095104,0.299776987702968,0.29870209475539883,0.32923092022841083,0.32641669148963365,0.5185637289820527,0.679336398192221,0.7101931554143333,0.6439807825662844,0.7364040844939761,0.6642313299631413,0.5284585780712338,0.4908123581032706,0.49604336445518393,0.49028993512268554,0.5451312369785312,0.5391851688005082,target_lookback,log
transformer,0,5,12,key,140313_1,,0.7767655253410339,0.4579225182533264,1.2406233549118042,1.2190009355545044,1.5720378160476685,0.053974484789008834,2658,0.5173062452972159,0.8997843861579895,0.17062298953533173,0.033877190202474594,0.19214469194412231,0.13330160081386566,0.69135582447052,1.5100328922271729,0.4754851162433624,0.7444362044334412,0.837279736995697,0.8574771881103516,0.7538284659385681,0.9227942228317261,0.8769295811653137,0.8103907704353333,0.8100437521934509,0.8006353974342346,0.6469928026199341,0.6813201308250427,0.7632058262825012,1.2006354331970215,1.3477877378463745,1.378711462020874,1.2087925672531128,1.4804656505584717,1.3992935419082642,1.2896132469177246,1.2832739353179932,1.2683559656143188,1.0201287269592285,1.0740442276000977,target_lookback,log
routed,0,5,12,key,140313_1,,0.7529869301920536,0.4438535573330372,1.2016802046158042,1.2190009131326023,0.842112441859041,0.053974484789008834,2658,,,0.1706229811282074,0.033806216681988535,0.19311743360414088,0.13409176210076407,0.6761053217345147,1.4605588958728868,0.4757784677068756,0.7390006835853995,0.8122867124167367,0.8322698875187495,0.734138128068343,0.8928309063182622,0.8454266828990318,0.7756418149359808,0.7755317672861994,0.7685853288206538,0.6296558697319472,0.6619099751509163,0.7634909001941893,1.1914943771877964,1.3063295931761574,1.3372284604862592,1.1766397951053515,1.4316652477303795,1.3477563142402256,1.2330202553345966,1.2270819768169159,1.2163942210981706,0.9920472882539185,1.0423665924792362,target_lookback,log
transformer,1,10,12,key,140313_1,,0.694686770439148,0.4079599976539612,1.108218789100647,1.0772780179977417,1.553499698638916,0.053974484789008834,2658,0.4857035364936042,0.7200498580932617,0.16927900910377502,0.028861334547400475,0.1698690801858902,0.13180390000343323,0.665561854839325,1.3328404426574707,0.41516196727752686,0.6338196992874146,0.7807052135467529,0.8328346610069275,0.6910426616668701,0.7118827700614929,0.6947662234306335,0.7091472148895264,0.693476140499115,0.6851648688316345,0.665523111820221,0.746034562587738,0.6634034514427185,1.0174840688705444,1.258094072341919,1.340390920639038,1.1024601459503174,1.136110544204712,1.1064411401748657,1.1275873184204102,1.0967061519622803,1.0838745832443237,1.051308274269104,1.1833667755126953,target_lookback,log
routed,1,10,12,key,140313_1,,0.6688670913381343,0.39455214562956215,1.065910431372134,1.0772779341760774,0.842112441859041,0.053974484789008834,2658,,,0.16927900954169864,0.02877199321493166,0.17033559905065201,0.1328249487038052,0.6531860552173403,1.2773572888913696,0.41628733641319837,0.6232997597208881,0.7454791075644565,0.7986239923027877,0.665559927955736,0.6874300082492432,0.6674867404346222,0.6807772911637808,0.6584573172270803,0.6510579340797054,0.6398924028694127,0.725755249670887,0.6650983542938594,1.0000689862372534,1.2000840580856107,1.2842694103855867,1.060383849490972,1.0959406127669102,1.0617112116636236,1.0815100972551626,1.039459848574957,1.0285099251176015,1.0098666873167594,1.1504814752163313,target_lookback,log
transformer,2,7,12,key,140313_1,,0.6069787740707397,0.3522564470767975,0.9644985198974609,0.9418239593505859,1.2991825342178345,0.053974484789008834,2658,0.5398796087283672,0.7369809746742249,0.17037944495677948,0.02760341763496399,0.1689433455467224,0.13312925398349762,0.6681842803955078,1.1261004209518433,0.42889830470085144,0.5315921306610107,0.5636031031608582,0.5639710426330566,0.6097761392593384,0.6293962597846985,0.6903857588768005,0.5760640501976013,0.6472858190536499,0.6749155521392822,0.6916738748550415,0.6341093182563782,0.6863070130348206,0.8449374437332153,0.8994632959365845,0.9005765914916992,0.9694201946258545,1.000990390777588,1.098038911819458,0.9089957475662231,1.023074746131897,1.065269947052002,1.0931600332260132,1.0043925046920776,target_lookback,log
routed,2,7,12,key,140313_1,,0.5900770406295464,0.3436203557600927,0.9367131110226316,0.9418239647607873,0.842112441859041,0.053974484789008834,2658,,,0.17037944370904154,0.02750177535799395,0.168572093861719,0.13448660850891056,0.6580462151753257,1.0898510982615286,0.43026222417834553,0.5326817243902401,0.5556627031429802,0.5593726828173187,0.5946601411532821,0.6090376670020365,0.661711464426693,0.5581799037393711,0.6184022349317736,0.6460754550974036,0.6668680898887429,0.6162011991553291,0.688501536009508,0.8467475720416643,0.8864253927376872,0.89301674939779,0.9444479577504129,0.9675606679819344,1.0510137804390802,0.8796607800023244,0.975689976671703,1.0183553270419767,1.0530742910423492,0.97530933984404,target_lookback,log
transformer,0,3,18,key,140120_1,,1.0641833543777466,0.4628545343875885,1.7649041414260864,1.1747493743896484,4.060666084289551,0.11482254697286012,1326,0.7503770739064857,1.155576467514038,0.18054556846618652,0.02172958292067051,0.0895300954580307,0.05537499114871025,1.000771403312683,2.2402172088623047,0.6359076499938965,0.8901130557060242,1.021887183189392,1.0347223281860352,1.06162428855896,1.1107070446014404,1.1402395963668823,1.1649755239486694,1.1716158390045166,1.1728216409683228,1.1451581716537476,1.1342089176177979,1.0740538835525513,1.5017280578613281,1.7182703018188477,1.7327903509140015,1.771227240562439,1.8455262184143066,1.8860204219818115,1.9179415702819824,1.919746994972229,1.9128214120864868,1.8593225479125977,1.855495810508728,target_lookback,log
routed,0,3,18,key,140120_1,,0.9118480574498601,0.4325658808991627,1.5103127517044623,1.174749324579402,3.037598074912212,0.11482254697286012,1326,,,0.1805455644668718,0.02121078368917462,0.0917096555079627,0.06411907940677102,1.0076065995803052,1.8496608834436103,0.7080389180299967,0.9266991003472976,0.9776608660341526,0.9224879761306385,0.9260700705830742,0.937898663833625,0.971861965984059,0.9875162856594581,0.946490101643929,0.9029315549808009,0.8577078917159012,0.8431009651094146,1.1977955665321873,1.5640061602280384,1.6432526306669313,1.5432063844759822,1.5432637953542203,1.556219175624741,1.6055457497290313,1.6237780968726487,1.5484269668224537,1.4697445599920909,1.3897519029290872,1.3759156640537151,target_lookback,log
transformer,1,4,18,key,140120_1,,1.0580946207046509,0.4668678641319275,1.7551292181015015,1.188646912574768,3.992008924484253,0.11482254697286012,1326,0.8182503770739065,1.416387677192688,0.1723184883594513,0.029133183881640434,0.08908020704984665,0.050507694482803345,0.9990947842597961,2.226250410079956,0.7680415511131287,0.9024723768234253,1.073927879333496,1.0519113540649414,1.0339292287826538,1.1289852857589722,1.1164767742156982,1.129452109336853,1.0988306999206543,1.1162642240524292,1.1003015041351318,1.1401886940002441,1.3009577989578247,1.5228674411773682,1.8075369596481323,1.7637431621551514,1.7257682085037231,1.8757448196411133,1.8473750352859497,1.8590725660324097,1.799089789390564,1.8197585344314575,1.7859622240066528,1.8661872148513794,target_lookback,log
routed,1,4,18,key,140120_1,,0.9173007630171175,0.43838524700897763,1.51990748861127,1.1886469427944324,3.037598074912212,0.11482254697286012,1326,,,0.17231848825572546,0.028940103067929733,0.09006873838113742,0.060008175094978584,1.0063691870806177,1.86514188699763,0.8021446041625302,0.9289941659937901,0.9794187267745966,0.9320647114372146,0.9185549857971668,0.9588342749054524,0.9667752335854053,0.98814364020786,0.9257328263476599,0.8855062770117446,0.8546921833940361,0.8432387270015939,1.3593234055653387,1.5680235797689188,1.6474858198513784,1.5617736718786082,1.5318726030008758,1.5908239089266436,1.5980965076155444,1.6248316728811334,1.5133090229357837,1.4407200445831094,1.3846390452777457,1.3772954531437742,target_lookback,log
transformer,2,3,18,key,140120_1,,1.0592890977859497,0.46786314249038696,1.7573294639587402,1.2379066944122314,3.8835501670837402,0.11482254697286012,1326,0.8129713423831071,1.3216328620910645,0.16922324895858765,0.02555295079946518,0.08978593349456787,0.04387469217181206,1.0048675537109375,2.2272088527679443,0.6372525095939636,0.8849063515663147,1.0327985286712646,1.0547242164611816,1.088793158531189,1.0955736637115479,1.1027716398239136,1.1268168687820435,1.1595251560211182,1.120940089225769,1.1164599657058716,1.2090004682540894,1.076160192489624,1.4931827783584595,1.7385904788970947,1.7684733867645264,1.8178859949111938,1.820760726928711,1.824558138847351,1.8553301095962524,1.9001375436782837,1.8280611038208008,1.812665581703186,1.977861762046814,target_lookback,log
routed,2,3,18,key,140120_1,,0.9377900247758273,0.44334089577490343,1.5543247058359255,1.237906690283938,3.037598074912212,0.11482254697286012,1326,,,0.16922324708331007,0.025525798628010892,0.09236544844018375,0.05430940032443267,1.011599454788129,1.9158191912616083,0.7140895266266862,0.9317677401406266,0.9782986911960194,0.966838442779711,0.9979129555400625,0.948403490881898,0.9776773223685944,0.9822040905965008,1.0150753389889215,0.9620413775868402,0.8742786325270759,0.8696739637649873,1.2080684249464475,1.573012965692261,1.6461687364153383,1.6202274726658106,1.6650152727330383,1.574295756339358,1.6161021654956196,1.6156855221014044,1.6618950750481325,1.56727744585193,1.4170880964399581,1.4187738555765148,target_lookback,log
transformer,0,5,18,key,140206_1,,0.7111600041389465,0.381012499332428,1.1377426385879517,1.0225389003753662,1.401482105255127,0.270935960591133,522,0.7931034482758621,0.962167501449585,0.07682275027036667,0.04246105998754501,0.052038345485925674,0.07528512179851532,0.5049777030944824,1.5662115812301636,0.6300240159034729,0.7187110781669617,0.6141067147254944,0.644012987613678,0.6622015833854675,0.7166659832000732,0.7122251391410828,0.7400777339935303,0.7397972941398621,0.7823377847671509,0.7968655228614807,0.7966858148574829,1.0679432153701782,1.2039060592651367,1.0177096128463745,1.055612564086914,1.0742607116699219,1.1507017612457275,1.130192518234253,1.1591721773147583,1.1468490362167358,1.1984490156173706,1.2053364515304565,1.2256571054458618,target_lookback,log
routed,0,5,18,key,140206_1,,0.6050716655765357,0.34074819285509284,0.9659396828200427,1.0225389148009347,0.7938434629762853,0.270935960591133,522,,,0.07682274926038052,0.040849199417119744,0.06655116847194319,0.10284068305795693,0.5269275531984617,1.2897762218114728,0.5746031792868199,0.6184693303266783,0.5651951141961631,0.5778792610416609,0.5567697197652842,0.6406130831952327,0.6048526491768629,0.5748599652769201,0.6326456003072856,0.6658078996553699,0.6508339889986933,0.6051810300122481,0.9728712237176877,1.033196303185246,0.9320860807979514,0.9433916310868479,0.8984954945210981,1.0265789934168272,0.9582460565795461,0.8985595419363805,0.980160487237779,1.0196650640160223,0.9837870908796438,0.9298562618104579,target_lookback,log
transformer,1,5,18,key,140206_1,,0.7409800887107849,0.3816942572593689,1.1865776777267456,1.0571578741073608,1.479649543762207,0.270935960591133,522,0.8984674329501916,1.1925002336502075,0.03609735518693924,0.045132268220186234,0.04890722408890724,0.06651018559932709,0.5180599689483643,1.6364973783493042,0.589392900466919,0.7503212094306946,0.6816323399543762,0.6232755184173584,0.7458188533782959,0.718913197517395,0.7316456437110901,0.7633791565895081,0.7926102876663208,0.8251643180847168,0.8283059000968933,0.8558878898620605,0.9990302920341492,1.2590210437774658,1.1309438943862915,1.0228666067123413,1.2110636234283447,1.1544955968856812,1.1622058153152466,1.1988595724105835,1.2294611930847168,1.264585256576538,1.2536615133285522,1.3177624940872192,target_lookback,log
routed,1,5,18,key,140206_1,,0.6212260311973695,0.33751361032358096,0.9927385433492791,1.0571578519164189,0.7938434629762853,0.270935960591133,522,,,0.036097353401796116,0.043029415096212074,0.06902644675043443,0.10164689489932748,0.5411625951109147,1.325734302901663,0.4858973889912964,0.5894573350179488,0.5405679710491591,0.5245252906833022,0.6956110572061999,0.5948779739350356,0.6009182268722738,0.6014869530837504,0.6942450352445919,0.7426504645313005,0.6997441244714514,0.6849649982208728,0.8216427074173112,0.984377484286107,0.890893571461082,0.8558369913502275,1.1267421102215156,0.9531054280487383,0.9534348329093019,0.9435372519327166,1.0766645403959028,1.1379974541150757,1.0587682890555123,1.0540403557467026,target_lookback,log
transformer,2,9,18,key,140206_1,,0.5658037662506104,0.29636165499687195,0.9041761159896851,1.01771879196167,0.4799289107322693,0.270935960591133,522,0.7701149425287356,0.836679995059967,0.07256974279880524,0.040661681443452835,0.05699896812438965,0.06850352883338928,0.48679864406585693,1.2102142572402954,0.6656180620193481,0.5006245374679565,0.3582192659378052,0.5246304273605347,0.5360320806503296,0.4612288475036621,0.5067514777183533,0.5790581703186035,0.6309165358543396,0.6709544658660889,0.6184126734733582,0.6886459589004517,1.1282740831375122,0.8382432460784912,0.5921837091445923,0.8543620705604553,0.86722731590271,0.7379552721977234,0.8029107451438904,0.9075899124145508,0.9777801036834717,1.0258164405822754,0.9358391761779785,1.0596750974655151,target_lookback,log
routed,2,9,18,key,140206_1,,0.6028641908998962,0.3317313599142377,0.9622212169516915,1.017718811313477,0.7938434629762853,0.270935960591133,522,,,0.0725697445419563,0.039715543027863655,0.07472209426842054,0.1036742992370665,0.5336214807663993,1.2808000893597358,0.6839981445180409,0.5587528028722861,0.4509140037338633,0.5669450644711213,0.548037092647595,0.4964713899770493,0.543452109940032,0.6002955219746502,0.6563850008434919,0.7181818619111846,0.6713275851749282,0.7144774250579333,1.1585100907454966,0.9321331475413848,0.7401649492889482,0.9206099556623729,0.8834808491974886,0.7933381249903976,0.8601974023142103,0.9414420820458257,1.0180165844488744,1.098552851685474,1.0160514228130089,1.0995419338424384,target_lookback,log
transformer,0,26,18,key,140207_2,,0.35382547974586487,0.1765415370464325,0.563793420791626,0.36594247817993164,0.9015838503837585,0.270935960591133,522,0.6455938697318008,0.29350364208221436,0.08469346165657043,0.010880764573812485,0.03851364925503731,0.04545046389102936,0.2078152596950531,0.7479813098907471,0.2848712205886841,0.39014822244644165,0.2912142276763916,0.3304543197154999,0.315713107585907,0.3170543909072876,0.33601003885269165,0.4257793128490448,0.4177519679069519,0.39183133840560913,0.3621031641960144,0.37244629859924316,0.4783933460712433,0.650500476360321,0.4793989062309265,0.5389271378517151,0.5101096630096436,0.5066972970962524,0.5317943096160889,0.6672036051750183,0.6466444134712219,0.5981144309043884,0.5449520349502563,0.5698238611221313,target_lookback,log
routed,0,26,18,key,140207_2,,0.40493331373838704,0.19196920719811666,0.6463198170618507,0.36594248494969905,1.0869456084414764,0.270935960591133,522,,,0.08469346350520321,0.010007341716647697,0.040288388234506985,0.03794488232812929,0.21681328467057603,0.8624539121569275,0.3234017553534596,0.3912211314234655,0.36928824375288327,0.37490797953059685,0.3753032401286768,0.3929330431907826,0.41643477040797827,0.4419592012921254,0.46243582564026003,0.4658544396350451,0.3959531857603404,0.4556895220829261,0.5447520049185373,0.6531499935484711,0.6106559521452971,0.6133579177010647,0.6078670481803854,0.6295527615220841,0.659969187906359,0.6921302602894116,0.716052404759667,0.7120420867633923,0.5965235498497866,0.6988733147036466,target_lookback,log
transformer,1,29,18,key,140207_2,,0.4780191481113434,0.20478887856006622,0.7637293338775635,0.32092660665512085,1.3695602416992188,0.270935960591133,522,0.6091954022988506,0.2938189208507538,0.08400769531726837,0.011143583804368973,0.036158621311187744,0.056057434529066086,0.16533590853214264,1.0355238914489746,0.3115329444408417,0.3719063997268677,0.40343430638313293,0.4130393862724304,0.39064136147499084,0.49355414509773254,0.5046262741088867,0.5928726196289062,0.6080122590065002,0.5922737121582031,0.5455408692359924,0.46715372800827026,0.5234140157699585,0.6198736429214478,0.6662907600402832,0.6753751039505005,0.6328386664390564,0.7922179102897644,0.80026775598526,0.9296899437904358,0.9421849846839905,0.9067815542221069,0.8240299224853516,0.7178246974945068,target_lookback,log
routed,1,29,18,key,140207_2,,0.3939648800975379,0.1820877351481074,0.6286387156766713,0.3209266072324916,1.0869456084414764,0.270935960591133,522,,,0.08400769629956924,0.011128666523104055,0.038272094072548175,0.04230971435309056,0.17042021318095205,0.8469104920856011,0.299347059605819,0.35088101340624317,0.3669770578304133,0.3620463799014762,0.36641370277633456,0.3807693489398699,0.4122799146775569,0.44298034861637975,0.4602589338872233,0.46028115596662783,0.38638130858446956,0.44145169517488525,0.5029659944091563,0.5843445165161673,0.6067111587772964,0.5914308841824257,0.5929574471378857,0.6101213513418134,0.6532314960272991,0.6939904255664446,0.712326663129995,0.7039657487816712,0.5820240618587861,0.6780921394885413,target_lookback,log
transformer,2,47,18,key,140207_2,,0.3724367916584015,0.18588563799858093,0.5943117141723633,0.4228011965751648,0.906985878944397,0.270935960591133,522,0.553639846743295,0.24996495246887207,0.077674999833107,0.010366418398916721,0.03532549738883972,0.04365800693631172,0.2709377110004425,0.7741614580154419,0.2784060835838318,0.3359795808792114,0.31512805819511414,0.30204281210899353,0.30312713980674744,0.33494797348976135,0.3321099877357483,0.375276118516922,0.44763100147247314,0.4818013608455658,0.47752097249031067,0.4646250009536743,0.46746450662612915,0.5606341361999512,0.5207805037498474,0.49245697259902954,0.4889695942401886,0.5354722738265991,0.5245435237884521,0.5874847173690796,0.6933977007865906,0.7372130751609802,0.7213521599769592,0.7144415378570557,target_lookback,log
routed,2,47,18,key,140207_2,,0.42017959960685847,0.20216855683074486,0.6711375557931523,0.4228012203976969,1.0869456084414764,0.270935960591133,522,,,0.07767500520176396,0.011101535796833642,0.040620929182361036,0.03993530243214625,0.2685268108120858,0.8849893755572924,0.34028858542854923,0.4048118862389748,0.4045972916367733,0.40785256117948687,0.4001143827429019,0.40944985975625187,0.43430156790371366,0.45427392062120026,0.46854003745824646,0.4750382214055844,0.40326468260636655,0.44562137350495845,0.5735155539281659,0.6770901893789998,0.6700512999122944,0.6679107058395056,0.6481899324381474,0.6557668512440855,0.6875619452296453,0.711498411302026,0.7258778874298625,0.726688741714693,0.6085266294708912,0.6850868075569588,target_lookback,log
transformer,0,8,18,key,140214_1,,0.4430656135082245,0.20164263248443604,0.7178284525871277,0.43978554010391235,1.2470580339431763,0.23636363636363636,726,0.8388429752066116,0.5322139263153076,0.05042291805148125,0.013610403053462505,0.039117105305194855,0.05890733376145363,0.26529958844184875,0.9591702222824097,0.3831090033054352,0.40878167748451233,0.37622424960136414,0.4484746754169464,0.4328668713569641,0.41640788316726685,0.4395195245742798,0.4539633095264435,0.481656551361084,0.48377344012260437,0.5202248096466064,0.4737721383571625,0.6466007828712463,0.6848276853561401,0.625836193561554,0.7408705353736877,0.707292914390564,0.675422191619873,0.7054615020751953,0.7258038520812988,0.7620025277137756,0.7607288360595703,0.8108609318733215,0.7482321262359619,target_lookback,log
routed,0,8,18,key,140214_1,,0.27524198695179974,0.1433340081456061,0.4426051498603681,0.4397855508684677,0.45159432407245204,0.23636363636363636,726,,,0.05042291840057598,0.013601239586020919,0.038751995965858585,0.08320306506868204,0.2187041682960399,0.5749781662803024,0.1949560108463078,0.25558488770657517,0.23332543046674623,0.25737357309277964,0.29909370890081544,0.29321360105813643,0.27513185770119114,0.2758190891598483,0.27339726255134594,0.3453042265113137,0.31278370233506114,0.27492150439030394,0.3255405686113323,0.4252030503597496,0.3837319347866029,0.42096485762411884,0.48430487035673464,0.47207818600166207,0.434486352008924,0.43683504245816446,0.4289155957242383,0.5420297552546758,0.48658469290468304,0.4331924855556386,target_lookback,log
transformer,1,14,18,key,140214_1,,0.3865561783313751,0.18185710906982422,0.6265579462051392,0.43482333421707153,1.0247182846069336,0.23636363636363636,726,0.78099173553719,0.4096936881542206,0.03818463534116745,0.010273991152644157,0.03385647386312485,0.04718171805143356,0.25338587164878845,0.8314449191093445,0.28018710017204285,0.3652647137641907,0.37114226818084717,0.381879985332489,0.36653557419776917,0.38152289390563965,0.3794029653072357,0.4123590886592865,0.4417474567890167,0.4225541353225708,0.4126184582710266,0.42035824060440063,0.47204285860061646,0.6118765473365784,0.6177482008934021,0.6303454041481018,0.6004044413566589,0.620042085647583,0.6120078563690186,0.6584689617156982,0.7003666758537292,0.6640048027038574,0.6412069201469421,0.6642380952835083,target_lookback,log
routed,1,14,18,key,140214_1,,0.2724834718787946,0.14086083812886296,0.43884525628038534,0.43482336607717936,0.45159432407245204,0.23636363636363636,726,,,0.03818463793666965,0.009502844285499029,0.04268835878007446,0.07666261508147029,0.23695763984108503,0.562764812916425,0.1925657542920417,0.22168686359746081,0.2798395295884574,0.2895135945777506,0.2651129449903188,0.2575684891060491,0.27789405908947457,0.2873526791158382,0.2352119972929438,0.3162595382211737,0.308876869003227,0.3249312249063994,0.3225651454009541,0.3689454466062721,0.46305816603928884,0.47509355271610354,0.42984971462649924,0.41324615397404707,0.44386002232721045,0.4548798909151299,0.3689234807586739,0.49588788573965914,0.4784403380527967,0.5132352478520357,target_lookback,log
transformer,2,23,18,key,140214_1,,0.3201022744178772,0.1646905094385147,0.5184738039970398,0.47118863463401794,0.6480766534805298,0.23636363636363636,726,0.7203856749311295,0.30676910281181335,0.04556349664926529,0.011638437397778034,0.027575507760047913,0.036464352160692215,0.2671602666378021,0.6696499586105347,0.3338761329650879,0.2983052134513855,0.3139176666736603,0.29261335730552673,0.31299668550491333,0.31777507066726685,0.3294302523136139,0.3485417366027832,0.32945212721824646,0.2902924418449402,0.3121027946472168,0.3588220179080963,0.5639154314994812,0.5001957416534424,0.5223217606544495,0.4830305278301239,0.5125896334648132,0.5146554112434387,0.5277473330497742,0.5561506748199463,0.5222938060760498,0.45630139112472534,0.4862293303012848,0.5664349794387817,target_lookback,log
routed,2,23,18,key,140214_1,,0.2893472691255926,0.1512049703043186,0.4666315059597419,0.4711886260030812,0.45159432407245204,0.23636363636363636,726,,,0.04556349674914169,0.009514211095012414,0.0366019162527374,0.07323523853093895,0.24841639291280423,0.5997439406642269,0.24436073767381092,0.2786837456907146,0.2977797959528427,0.2676955843083681,0.2647543460118454,0.2581669079589418,0.29398940871844703,0.29445864578988573,0.28481934334372055,0.3151785884327669,0.3156531423773351,0.3553025404671277,0.4111789185914122,0.46570651180435485,0.4932855220129226,0.4389188378355566,0.42965236609902796,0.41325842087637177,0.46789703298774454,0.4668394003973074,0.4490423848364246,0.4948919909547941,0.49177787229973413,0.5608610807573253,target_lookback,log
transformer,0,4,18,key,140214_2,,0.5317217111587524,0.2766050398349762,0.8294219374656677,0.8744906187057495,0.71070396900177,0.29577464788732394,522,0.8065134099616859,0.7948508858680725,0.08715593069791794,0.024013442918658257,0.05843224748969078,0.0447353720664978,0.31323182582855225,1.1231131553649902,0.4712189733982086,0.5986555218696594,0.46260932087898254,0.465424507856369,0.44469523429870605,0.5700069665908813,0.5616586208343506,0.4949602782726288,0.5944352746009827,0.628771185874939,0.5092594027519226,0.5622567534446716,0.7741586565971375,0.9710606932640076,0.7432546615600586,0.7422891855239868,0.6982500553131104,0.8892734050750732,0.8658035397529602,0.7537631988525391,0.894751787185669,0.9351880550384521,0.7690122723579407,0.8650155663490295,target_lookback,log
routed,0,4,18,key,140214_2,,0.6490748009049303,0.33322824962352815,1.0137605431781298,0.8744905744038373,1.2860191979272118,0.29577464788732394,522,,,0.08715592181463572,0.023299192966026998,0.05494137394407287,0.044895842266028524,0.29171460624872836,1.3943241269895108,0.4582611423153094,0.6192427619088018,0.5887463304518372,0.6056934173563825,0.5940118928047302,0.7252021642913653,0.7126717396489425,0.6634274703539835,0.747665247565468,0.7542773339930022,0.5933770059801406,0.7127024627943032,0.7528990515796133,1.0058894527155404,0.9485824098386793,0.9668054037507549,0.9352316375908409,1.1320878589655767,1.0996317758023355,1.0117523146855614,1.1265371848804275,1.1226363891461473,0.8967508194169557,1.097180823497031,target_lookback,log
transformer,1,4,18,key,140214_2,,0.6252506971359253,0.30973801016807556,0.9768823981285095,0.9892569780349731,0.9467686414718628,0.29577464788732394,522,0.8888888888888888,0.9473922848701477,0.07502370327711105,0.018270503729581833,0.055640995502471924,0.03441236913204193,0.23278075456619263,1.3525563478469849,0.45365968346595764,0.5669119358062744,0.5278979539871216,0.7172728776931763,0.7948216199874878,0.7486696839332581,0.6489228010177612,0.5791608095169067,0.6397372484207153,0.6141759753227234,0.561502993106842,0.5699587464332581,0.7460542917251587,0.9231793880462646,0.8508859276771545,1.1447759866714478,1.2553186416625977,1.169387936592102,1.0001877546310425,0.8827493786811829,0.9642369747161865,0.9137783050537109,0.8488050699234009,0.8753262758255005,target_lookback,log
routed,1,4,18,key,140214_2,,0.6945410895900552,0.3512871837511903,1.0855142171826073,0.9892569563961736,1.2860191979272118,0.29577464788732394,522,,,0.07502370632204187,0.017046480041410513,0.05047637518841517,0.04725064378755566,0.2894028957964792,1.4975055921965406,0.45789147568554345,0.577598712205344,0.5670548331082813,0.8038945937802283,0.8944161154633141,0.8446260726264345,0.7656825319737757,0.6649734975089623,0.7472766261237292,0.6302614845159376,0.605868590469162,0.6571095096503616,0.7532611849060551,0.94078646316457,0.914371292214976,1.2834555699002819,1.4126815820153713,1.3193590219819384,1.181095370715758,1.013960098101196,1.1266998087738067,0.9378027333944855,0.9161249723400461,1.01003882871008,target_lookback,log
transformer,2,4,18,key,140214_2,,0.6153572201728821,0.3161843717098236,0.9610850214958191,0.9022546410560608,1.0884329080581665,0.29577464788732394,522,0.8697318007662835,0.8288154602050781,0.08712088316679001,0.016449980437755585,0.05027495697140694,0.039220672100782394,0.26955023407936096,1.323280692100525,0.46591535210609436,0.5796892046928406,0.5295250415802002,0.6733460426330566,0.6447336077690125,0.563176155090332,0.5506150126457214,0.5774200558662415,0.6813686490058899,0.6670706272125244,0.7274656295776367,0.7197807431221008,0.7654417157173157,0.9445551037788391,0.853955090045929,1.0753291845321655,1.0178953409194946,0.8778296709060669,0.8487040400505066,0.8798306584358215,1.0272551774978638,0.9905783534049988,1.099371314048767,1.1061118841171265,target_lookback,log
routed,2,4,18,key,140214_2,,0.6598032637693969,0.34126613992789967,1.0307520123315153,0.902254692972266,1.2860191979272118,0.29577464788732394,522,,,0.08712088052116425,0.0161080490267672,0.04881869396768207,0.046678466196683734,0.2984919553069893,1.4173088624543932,0.4704684746109608,0.6048300502922778,0.5939702963390491,0.7582840950145587,0.7209961917599083,0.6737960838957405,0.5979529135902011,0.6342842422674138,0.7204304687921478,0.6654547479241596,0.7386760519082665,0.7236181533335464,0.7733114993357413,0.9856264597637155,0.958160143140981,1.2110846064954155,1.1384555699364038,1.0510165701251017,0.9220405085763564,0.9666363352924652,1.086285088914726,0.9881602002922742,1.1163885870031733,1.1120423892644893,target_lookback,log
transformer,0,7,18,key,140227_1,,0.8463386297225952,0.39035874605178833,1.4372162818908691,1.4451583623886108,1.3342872858047485,0.07428571428571429,2538,0.7781717888100866,0.6575931310653687,0.13803352415561676,0.006685175001621246,0.062194809317588806,0.03846285864710808,0.230242058634758,1.9534192085266113,0.4525759518146515,0.8916381001472473,0.9114294648170471,0.7827041745185852,1.0242424011230469,0.7840025424957275,0.9837650656700134,0.8330680727958679,0.7718765735626221,0.7590011358261108,0.8854491710662842,0.9392313361167908,0.7747270464897156,1.52985417842865,1.5601816177368164,1.334545373916626,1.7466148138046265,1.3322138786315918,1.6696205139160156,1.4093313217163086,1.301486849784851,1.2739495038986206,1.4863842725753784,1.5849007368087769,target_lookback,log
routed,0,7,18,key,140227_1,,0.8487262827991374,0.3914093645512762,1.4412929378489505,1.4451583313067542,1.3922243300941142,0.07428571428571429,2538,,,0.13803352606436617,0.007069205827877808,0.06164158797348748,0.03972183442325729,0.21924059001747073,1.960124181989596,0.4096662041075404,0.8791534476757226,0.9132923053129085,0.7865219131478316,1.0284119548815807,0.7957466233064934,0.9894450846209257,0.8450738338713001,0.7868699993658215,0.7686389092708441,0.8899731107575576,0.9369060003094101,0.7003408964050998,1.5083528960155317,1.5632602829436018,1.341070999926074,1.7537809582462989,1.3523127489342934,1.6792852496921011,1.4297328271183594,1.3269392925553136,1.290304061882143,1.494025935382528,1.5809579279717838,target_lookback,log
transformer,1,15,18,key,140227_1,,0.6429158449172974,0.3159482777118683,1.09014093875885,1.0967832803726196,1.0036861896514893,0.07428571428571429,2538,0.7115839243498818,0.5132118463516235,0.12767992913722992,0.005219597835093737,0.060856226831674576,0.035683635622262955,0.3301469087600708,1.458466649055481,0.2828061878681183,0.4934145212173462,0.5825221538543701,0.7272971272468567,0.700398862361908,0.7412511706352234,0.7020831108093262,0.6327024102210999,0.7080764174461365,0.6905589699745178,0.7044721245765686,0.6122189164161682,0.47910192608833313,0.8428713083267212,0.994355320930481,1.2414525747299194,1.1918190717697144,1.2590649127960205,1.1896134614944458,1.0680309534072876,1.1929776668548584,1.1604199409484863,1.1811749935150146,1.0308998823165894,target_lookback,log
routed,1,15,18,key,140227_1,,0.6612139039186223,0.3221894905550465,1.1214097989330207,1.0967832803896418,1.3922243300941142,0.07428571428571429,2538,,,0.12767992370076028,0.00561342612760437,0.06129905349108911,0.03690252927140785,0.30263074616869157,1.507169263239901,0.29047553084160666,0.5146793037296835,0.60443235843546,0.7452809764685377,0.7241163049912978,0.7642486190186286,0.7220392228597825,0.6541145779514395,0.7195802298931705,0.7125736589657067,0.7220236132459705,0.6215118241846749,0.49263419174013895,0.8794528359472613,1.031974491256015,1.2722490198185463,1.2324545458558875,1.2983545514748471,1.223657871483936,1.1046074934784624,1.2125508484182987,1.1977535599168754,1.2108551622570232,1.0466885619942,target_lookback,log
transformer,2,12,18,key,140227_1,,0.5599979758262634,0.2718966007232666,0.9483649134635925,0.9510477185249329,0.9142736792564392,0.07428571428571429,2538,0.7245862884160756,0.4743238687515259,0.12578855454921722,0.0031486130319535732,0.060731783509254456,0.03394113853573799,0.2395877093076706,1.277357816696167,0.42720848321914673,0.545824408531189,0.5572584271430969,0.5853290557861328,0.7121806144714355,0.6120452880859375,0.5351394414901733,0.4927493929862976,0.5972334742546082,0.5053020119667053,0.6037880778312683,0.49211597442626953,0.7314773201942444,0.9340622425079346,0.9511035084724426,0.9970571994781494,1.2124537229537964,1.03765869140625,0.9036619067192078,0.829039454460144,1.0051617622375488,0.8465019464492798,1.0116097927093506,0.8261777758598328,target_lookback,log
routed,2,12,18,key,140227_1,,0.5846875943512582,0.2804976432152815,0.9905998734950074,0.9510477248169508,1.3922243300941142,0.07428571428571429,2538,,,0.1257885539262478,0.003803406276024923,0.06121423630119097,0.035863477402847066,0.21595256388538575,1.339446277982122,0.4263791677698818,0.5630272127590178,0.586196263982941,0.6150337451616954,0.7363705444460652,0.6408280795120634,0.5652442087250759,0.5240761765107401,0.6283783979739161,0.5428921701120537,0.6172100471966301,0.5146048931164527,0.7300486265402242,0.9635703618020343,1.0008522261723538,1.0480791700495324,1.2538461282266447,1.0869413196378832,0.9551973482048093,0.8826222680388054,1.058115454290324,0.9104197500909574,1.0343235391516068,0.864491438106246,target_lookback,log
transformer,0,7,18,key,140313_1,,0.7457339763641357,0.4308406412601471,1.1917192935943604,1.162222981452942,1.6239334344863892,0.053974484789008834,2658,0.4642588412340105,0.7312270998954773,0.16792184114456177,0.03035745583474636,0.16854865849018097,0.1331390142440796,0.6617517471313477,1.4512592554092407,0.42566898465156555,0.626190721988678,0.7643069624900818,0.8016394376754761,0.7334655523300171,0.6350961923599243,0.7498564124107361,0.8039334416389465,0.7235764861106873,0.80290687084198,0.9270396828651428,0.8481471538543701,0.6808871030807495,1.00486421585083,1.230641484260559,1.2890855073928833,1.17385733127594,1.0114268064498901,1.1971639394760132,1.2813047170639038,1.147637128829956,1.2714223861694336,1.4720853567123413,1.3494386672973633,target_lookback,log
routed,0,7,18,key,140313_1,,0.717672268543602,0.4161791580381077,1.1459060399222196,1.1622229684003509,0.8080816415230112,0.053974484789008834,2658,,,0.16792185514750116,0.03027662212133984,0.16792107312654472,0.1340440006195772,0.6540433528655353,1.3897318688103937,0.4284827040284131,0.6243103636673146,0.741396374295919,0.7670429023096466,0.6990256626034056,0.6118714279665801,0.7183872639963934,0.7674429318499861,0.6886075922980214,0.7656368087643108,0.892892284046803,0.8148893996614606,0.6854741300280375,1.0015489874067995,1.1930472800242342,1.2325100677135536,1.1175247013618064,0.9732342313088498,1.1459647543873044,1.2219330429483446,1.0909184124843663,1.2109684499510547,1.4171734263610158,1.2956703628866764,target_lookback,log
transformer,1,7,18,key,140313_1,,0.7030317187309265,0.4005044400691986,1.1214112043380737,1.0925644636154175,1.541738748550415,0.053974484789008834,2658,0.5782543265613243,0.852626621723175,0.16805234551429749,0.029732918366789818,0.17564132809638977,0.135263130068779,0.6658015847206116,1.3513681888580322,0.42703941464424133,0.5516603589057922,0.6378554105758667,0.6533761620521545,0.7309920191764832,0.8256405591964722,0.7956939339637756,0.8181751370429993,0.6277245283126831,0.7116497159004211,0.7722002267837524,0.7835171222686768,0.6821407079696655,0.8787893056869507,1.0180343389511108,1.0430961847305298,1.1696696281433105,1.3228044509887695,1.2688838243484497,1.303713083267212,0.9926122426986694,1.1259740591049194,1.223623275756836,1.2466726303100586,target_lookback,log
routed,1,7,18,key,140313_1,,0.6772259477193807,0.38770628429742254,1.079126070931782,1.0925644814007553,0.8080816415230112,0.053974484789008834,2658,,,0.16805235095142046,0.029660308889331903,0.17613679969006704,0.13606041565834226,0.6601715453358586,1.2935915988713933,0.4286150495088275,0.5502179823921779,0.618538623212049,0.6318335477291046,0.7032519818300526,0.7940695482853611,0.7608978725675304,0.7763831183026716,0.5957140022501135,0.677985361221498,0.7445484806965232,0.7588209378146911,0.6850013204401781,0.8760920577343644,0.9856081717661437,1.0073936212401355,1.1240651357026687,1.271327800565957,1.2120294149559405,1.2359431283286586,0.9402788083595537,1.071279024801307,1.1790596592738045,1.2067507703787783,target_lookback,log
transformer,2,8,18,key,140313_1,,0.6575831770896912,0.3885112404823303,1.047081470489502,1.034279704093933,1.2503573894500732,0.053974484789008834,2658,0.48269375470278403,0.6787233948707581,0.17425647377967834,0.030766475945711136,0.1686626374721527,0.13547272980213165,0.6704872250556946,1.2442187070846558,0.48448434472084045,0.6018010377883911,0.641804039478302,0.5501453280448914,0.6058306097984314,0.6322752237319946,0.6814092397689819,0.7248510718345642,0.6272087693214417,0.8143781423568726,0.8043563365936279,0.6590608358383179,0.7784584760665894,0.9654136896133423,1.0277549028396606,0.8763870000839233,0.9653071761131287,1.0037614107131958,1.0789875984191895,1.1498193740844727,0.9902836680412292,1.294053316116333,1.2748234272003174,1.0430901050567627,target_lookback,log
routed,2,8,18,key,140313_1,,0.643128972136073,0.3811667692322628,1.023348101647883,1.0342797451217114,0.8080816415230112,0.053974484789008834,2658,,,0.17425647855624748,0.03068072302636292,0.1684604187241512,0.13705740354884025,0.6645472381813214,1.2125035204338055,0.4866841554603129,0.6019509586988391,0.6313790751513002,0.5456487346306312,0.5924024394304277,0.6168440916914548,0.6621317615852067,0.6984364794188842,0.6054800079747985,0.7853333804374776,0.7843321998152764,0.6532470793994787,0.782146816952617,0.9658136620989236,1.010920526413539,0.8691865363726321,0.942877949806436,0.9781280178865849,1.0468623037763742,1.1065797436943738,0.9546539286136073,1.2470823064305812,1.2425621108823313,1.0336432198808825,target_lookback,log
transformer,0,5,24,key,140120_1,,0.9864775538444519,0.4427894353866577,1.6354730129241943,1.244055151939392,3.3710055351257324,0.11482254697286012,1326,0.8521870286576169,1.5071388483047485,0.17574605345726013,0.02024739980697632,0.08968804031610489,0.049601443111896515,0.9896724224090576,2.0498552322387695,0.6372382044792175,0.7984229922294617,0.9037182927131653,0.8685804605484009,0.9522175788879395,0.9477907419204712,1.082198143005371,1.0614243745803833,1.1399894952774048,1.125501036643982,1.1495261192321777,1.0812323093414307,1.0763695240020752,1.345856785774231,1.5181000232696533,1.453352451324463,1.5885562896728516,1.5719293355941772,1.7890688180923462,1.7468409538269043,1.8682985305786133,1.8361008167266846,1.8669219017028809,1.7685970067977905,target_lookback,log
routed,0,5,24,key,140120_1,,0.8975346682654907,0.42228104990434934,1.4866804678384182,1.244055169836826,2.7051511368639325,0.11482254697286012,1326,,,0.17574605512481065,0.019319490873768677,0.09322271164347191,0.05965494458208614,0.9923889226349664,1.8204494157733502,0.753520539545454,0.9243949581915268,0.9425652241679849,0.9215735658642699,0.9391070935159499,0.8854875623282179,0.9814367759301326,0.8969199354474301,0.8956329814704376,0.8658820249395489,0.8944315190172409,0.8490491036735563,1.275840520986027,1.560704819807134,1.5840273739373212,1.5423864502650275,1.5658341608350133,1.4668222310485381,1.620892793880141,1.4740921342331585,1.465262688601238,1.4100057582030143,1.4504066612639255,1.386109635719901,target_lookback,log
transformer,1,3,24,key,140120_1,,1.0422484874725342,0.4665689766407013,1.7281445264816284,1.2356488704681396,3.773472547531128,0.11482254697286012,1326,0.7767722473604827,1.282869815826416,0.18368974328041077,0.023740677163004875,0.09170930832624435,0.04784770682454109,0.9954917430877686,2.1872353553771973,0.6611133217811584,0.948471188545227,1.0610072612762451,1.0229822397232056,1.0218385457992554,1.0500746965408325,1.1614633798599243,1.1311407089233398,1.1023600101470947,1.0934420824050903,1.0803073644638062,1.1109591722488403,1.1162707805633545,1.6000795364379883,1.7853692770004272,1.7127196788787842,1.7034415006637573,1.7439942359924316,1.9222979545593262,1.8622171878814697,1.805694341659546,1.7820972204208374,1.7530375719070435,1.8173000812530518,target_lookback,log
routed,1,3,24,key,140120_1,,0.8941572678852041,0.43361917179664383,1.4804617878932633,1.2356488407690496,2.7051511368639325,0.11482254697286012,1326,,,0.1836897374499441,0.02342264181175436,0.09606497313107104,0.06075569662310541,1.0001757328924967,1.806927425555917,0.7550132069960322,1.01544006117216,1.0496155581856002,0.9123986143755005,0.8737256273472465,0.8475852405161385,0.9166316395120986,0.8923795908405412,0.9001488506628262,0.8283784763888199,0.8491565408771753,0.8392717146055458,1.2774383338360682,1.7141090190646635,1.7658078117608977,1.5255664655068821,1.4537703571180363,1.4045683256151194,1.5146969723537695,1.4663867761360743,1.471962920088245,1.346489138532419,1.3752264620654568,1.3696899160426115,target_lookback,log
transformer,2,3,24,key,140120_1,,1.0443705320358276,0.4623025953769684,1.7322317361831665,1.1850956678390503,3.912248134613037,0.11482254697286012,1326,0.8092006033182504,1.3292659521102905,0.1718844771385193,0.02763460762798786,0.08941973000764847,0.05204325541853905,0.9976533055305481,2.1924874782562256,0.6404455304145813,0.902443528175354,1.0862795114517212,1.0323805809020996,1.0571469068527222,1.1007986068725586,1.105646014213562,1.1078623533248901,1.1322847604751587,1.0777628421783447,1.1105575561523438,1.1070280075073242,1.0818544626235962,1.5221413373947144,1.829042673110962,1.7285462617874146,1.7642682790756226,1.8289666175842285,1.827346682548523,1.825020670890808,1.8552213907241821,1.7584079504013062,1.8026762008666992,1.8118606805801392,target_lookback,log
routed,2,3,24,key,140120_1,,0.8715808767293958,0.42409749555513815,1.4434134806990526,1.1850957280617271,2.7051511368639325,0.11482254697286012,1326,,,0.17188448045848298,0.02697668192057051,0.09341807427388632,0.06201249860664866,1.0023226223165531,1.7479162776323178,0.7333063469493868,0.920170773333452,0.9527180415924504,0.9056401685589305,0.8935283662021823,0.8851271395150354,0.9204849739105687,0.8896594262059749,0.8652612755832463,0.8293670687780164,0.8143510545578787,0.821057569631517,1.24117484799414,1.552583374460073,1.6026688233945012,1.5141714430649889,1.4889681445900587,1.4676604707253278,1.518500294133653,1.4635910104024317,1.414610381642372,1.350820509296576,1.3185937893217508,1.3410320004090774,target_lookback,log
transformer,0,20,24,key,140206_1,,0.5878350734710693,0.27875399589538574,0.940220296382904,1.062112808227539,0.47670242190361023,0.270935960591133,522,0.6111111111111112,0.5143781900405884,0.08553866297006607,0.02296101301908493,0.04853631928563118,0.040536072105169296,0.34774520993232727,1.317018985748291,0.47686365246772766,0.45428088307380676,0.49765583872795105,0.4914614260196686,0.5709787607192993,0.6457257270812988,0.7200397253036499,0.6350985169410706,0.6286247968673706,0.5486499071121216,0.7433925867080688,0.6183889508247375,0.8078341484069824,0.7591821551322937,0.823788046836853,0.8042467832565308,0.9250150918960571,1.0368454456329346,1.143136739730835,0.9965248703956604,0.9746775031089783,0.8407652378082275,1.124757170677185,0.9499322175979614,target_lookback,log
routed,0,20,24,key,140206_1,,0.6371494275931094,0.3237555409335351,1.017495805078252,1.062112899609703,0.8863513740545221,0.270935960591133,522,,,0.08553866869291187,0.02605234818982235,0.06721100667245747,0.10362669780896902,0.40246504871005406,1.417280911416414,0.5425734824404153,0.5519608869709159,0.5835764506543051,0.568503173734833,0.6176229439112965,0.6652847539416861,0.7328417317445912,0.6613226075866872,0.6504478615261815,0.6215929749362318,0.7976620076131459,0.6543523346914493,0.91800509882215,0.9194798437863323,0.9616305443450951,0.9268834226711964,0.9973272679319964,1.066179325489464,1.1627059446554577,1.0369144746508165,1.0081522941241214,0.9525003044861995,1.207037954185368,1.0055247308323625,target_lookback,log
transformer,1,5,24,key,140206_1,,0.8125876188278198,0.3875313401222229,1.3014737367630005,0.931956946849823,1.9785383939743042,0.270935960591133,522,0.8103448275862069,1.0327953100204468,0.05426878109574318,0.048595406115055084,0.04786638170480728,0.05399039387702942,0.45184585452079773,1.8314458131790161,0.6154585480690002,0.8050093650817871,0.7744699120521545,0.7730168700218201,0.8082165122032166,0.8122427463531494,0.7966085076332092,0.8311981558799744,0.851184070110321,0.8658090829849243,0.9104411602020264,0.9260271191596985,1.043314814567566,1.351112961769104,1.2842347621917725,1.2697184085845947,1.3123029470443726,1.3049979209899902,1.2656620740890503,1.3056412935256958,1.3211175203323364,1.3271478414535522,1.3780505657196045,1.4258500337600708,target_lookback,log
routed,1,5,24,key,140206_1,,0.5761065867071616,0.3201434217075071,0.9198240996940444,0.9319569366170098,0.8863513740545221,0.270935960591133,522,,,0.054268782857471366,0.046598740139907335,0.06536603662263012,0.10199668042833965,0.4932899619815141,1.232023489838851,0.5104276710706643,0.5836613415081797,0.5664127716826075,0.5517502173334278,0.537505999877841,0.5499905211255975,0.5704125781078101,0.5863986177587673,0.6037469750919702,0.6204465395869847,0.6406249395021999,0.6060718877181508,0.8635205905371478,0.9747121676880358,0.9329762669405086,0.9007290655360785,0.86635813585403,0.8807940196630986,0.9040310611995147,0.9196620851218873,0.9362261054531236,0.9503029376474398,0.9689834356896575,0.9321030018733488,target_lookback,log
transformer,2,22,24,key,140206_1,,0.527661919593811,0.2974407970905304,0.8397082090377808,0.841896653175354,0.8337905406951904,0.270935960591133,522,0.5766283524904214,0.5568604469299316,0.15007825195789337,0.028224796056747437,0.051391471177339554,0.05462056025862694,0.5069872736930847,1.0975085496902466,0.3155530095100403,0.3891085386276245,0.4560786783695221,0.477633535861969,0.5269707441329956,0.5652766227722168,0.46089380979537964,0.5474746227264404,0.6707305908203125,0.6215819120407104,0.6528955698013306,0.6095460057258606,0.5334234833717346,0.6491418480873108,0.7523061037063599,0.7754408121109009,0.8515544533729553,0.9071010947227478,0.7298071980476379,0.8554581999778748,1.0341119766235352,0.9465200304985046,0.9822483062744141,0.9243353009223938,target_lookback,log
routed,2,22,24,key,140206_1,,0.5379613625003654,0.31516002261814885,0.85416956590933,0.8418966469809329,0.8863513740545221,0.270935960591133,522,,,0.15007825348780193,0.029509725547544774,0.06985035150983579,0.10523298533616116,0.5456237132971558,1.1004520193440253,0.4569604752961095,0.47224693016565605,0.502542891505643,0.5438037414948792,0.5337439308993828,0.5696474949707273,0.5023261642711083,0.5502349778714085,0.5918690397406025,0.5909511649139989,0.5614544500788661,0.593140385514032,0.7723787399802704,0.7845767211881948,0.8231999085611111,0.8806779948493091,0.8580928307765552,0.9118478285310556,0.7945653607211584,0.8594354940294616,0.9111333244435172,0.89941588943222,0.8426561289447962,0.8986295119732718,target_lookback,log
transformer,0,46,24,key,140207_2,,0.5445014238357544,0.23463726043701172,0.871332049369812,0.4075239598751068,1.5347037315368652,0.270935960591133,522,0.6283524904214559,0.2858518362045288,0.07793259620666504,0.01086332555860281,0.03253178298473358,0.03413587063550949,0.19447462260723114,1.1805862188339233,0.4041576683521271,0.4764077067375183,0.5362512469291687,0.5663251876831055,0.5453308820724487,0.5174103379249573,0.5943320989608765,0.544244110584259,0.5649287104606628,0.6322898268699646,0.6175026893615723,0.5345373749732971,0.6827829480171204,0.7978864312171936,0.8893561959266663,0.929557204246521,0.8855088949203491,0.8309789896011353,0.9438498020172119,0.8538828492164612,0.8760083317756653,0.9685927033424377,0.9338645935058594,0.8219385743141174,target_lookback,log
routed,0,46,24,key,140207_2,,0.4498040407655879,0.2069786525379145,0.7189888841925727,0.407523968267775,1.2087606126471544,0.270935960591133,522,,,0.07793259308535615,0.011091686341485732,0.035918196771015654,0.036095549179191076,0.1931365920197406,0.9689445028801462,0.38228497948230244,0.43772596026824667,0.42296987138716496,0.44752344798950977,0.4444097513645354,0.45736693910399245,0.47054081428072647,0.47022681407814865,0.47990898457908815,0.4941773885288877,0.42050176902050995,0.47648749802775475,0.6454100733986053,0.7328244429255155,0.700410524505616,0.7334077629697965,0.7205139500892661,0.7341456650601584,0.7463937542307945,0.7370828705231345,0.7436691407083853,0.756106758635829,0.6348101613312188,0.7322531509838233,target_lookback,log
transformer,1,10,24,key,140207_2,,0.44540801644325256,0.1957678496837616,0.7109532952308655,0.28553661704063416,1.2830408811569214,0.270935960591133,522,0.6647509578544061,0.3889850974082947,0.09486368298530579,0.01313534565269947,0.03436949476599693,0.047651294618844986,0.21522076427936554,0.9535843133926392,0.2890453338623047,0.378510445356369,0.39169833064079285,0.40620550513267517,0.4329860210418701,0.39212557673454285,0.4309348165988922,0.5627660751342773,0.48503997921943665,0.5577346086502075,0.5086850523948669,0.4898320436477661,0.48167330026626587,0.6281688213348389,0.6489953994750977,0.6650840640068054,0.7017653584480286,0.6262693405151367,0.6826856732368469,0.8821834325790405,0.7508755326271057,0.8534810543060303,0.7687405347824097,0.7528085708618164,target_lookback,log
routed,1,10,24,key,140207_2,,0.4229402170012477,0.18680148178656042,0.674764085124093,0.2855366190199522,1.2087606126471544,0.270935960591133,522,,,0.09486368324226106,0.013837918283965125,0.03773942942713157,0.04299074485359708,0.20071738184686622,0.9057426072613227,0.3034808429999719,0.37626164889505487,0.40430660102941784,0.4298648433168757,0.42357431738322504,0.4435468136233381,0.4443176759473875,0.44713830716181635,0.4638310662361278,0.4753878765918336,0.41056257081746483,0.4540106607318168,0.507359872194753,0.6249626954042015,0.6700855422180105,0.704004675645656,0.6859601330915087,0.7093125184399491,0.7042350749065087,0.6999395911557501,0.7176937879388925,0.7265047804133701,0.6197059377519953,0.6974399801535738,target_lookback,log
transformer,2,16,24,key,140207_2,,0.3654513359069824,0.18148595094680786,0.5820274353027344,0.3810908794403076,0.9271007776260376,0.270935960591133,522,0.6494252873563219,0.3229924738407135,0.08374480158090591,0.010040516033768654,0.042310502380132675,0.06073610112071037,0.20618195831775665,0.7741715908050537,0.2182675004005432,0.2644977867603302,0.31366440653800964,0.31178537011146545,0.3260073661804199,0.34726929664611816,0.407418429851532,0.31502121686935425,0.382243812084198,0.3942699432373047,0.5290273427963257,0.5233873128890991,0.3631952106952667,0.4365023970603943,0.5166797041893005,0.5046820640563965,0.5261258482933044,0.5549840927124023,0.6449434757232666,0.48982104659080505,0.5907725095748901,0.6013314127922058,0.7998165488243103,0.8050795793533325,target_lookback,log
routed,2,16,24,key,140207_2,,0.44338271672389473,0.20419900977110325,0.7083412209448359,0.3810908674184386,1.2087606126471544,0.270935960591133,522,,,0.08374480222520309,0.009552789360375253,0.039799493392873024,0.03527971799255677,0.2048737735478332,0.9519338937932593,0.3233221304148713,0.37166794482817406,0.415632980328901,0.45414199873733513,0.4501439173712798,0.45422365869747705,0.4860604721271174,0.4807186617917242,0.4871405045970267,0.4903682429020119,0.43562271004150355,0.4715477509118367,0.5445810674654302,0.6198441034715058,0.6881488486386894,0.7439194271423337,0.7300155478229555,0.7288954452027171,0.7710990909767721,0.7525753566781184,0.7542569099804279,0.7495984100048858,0.6580273902851053,0.7250225222546862,target_lookback,log
transformer,0,7,24,key,140214_1,,0.47154659032821655,0.2299116998910904,0.7648009657859802,0.5994150042533875,1.1462346315383911,0.23636363636363636,726,0.7107438016528925,0.4150744080543518,0.0482889749109745,0.016923217102885246,0.03254123032093048,0.04028201848268509,0.2773798704147339,1.023250699043274,0.3862295150756836,0.4691377282142639,0.45698899030685425,0.45148909091949463,0.44470804929733276,0.4536699950695038,0.4951513707637787,0.5306045413017273,0.5107961297035217,0.4691527485847473,0.4913076162338257,0.4997732639312744,0.6513532400131226,0.7865872979164124,0.7596258521080017,0.7463417053222656,0.7291712760925293,0.7367023229598999,0.7988360524177551,0.8490439653396606,0.8104439377784729,0.7376593947410583,0.7652907371520996,0.789699137210846,target_lookback,log
routed,0,7,24,key,140214_1,,0.3680687308768964,0.18836488262752318,0.5948833330447378,0.5994149834682156,0.5800006866927269,0.23636363636363636,726,,,0.048288976302168725,0.016822140128426446,0.038854223042112605,0.07762389368348727,0.24194523247932612,0.7890319647839285,0.24941750663354043,0.3786117551097625,0.41238027967804963,0.39102100328945233,0.3852443398255399,0.36852203993643556,0.3403242068469246,0.3515043224453345,0.4057330684459395,0.3926524975330101,0.32685886278951254,0.39013398084480305,0.41879139071491617,0.6338136577375242,0.6839036085051242,0.6440171274709166,0.6284315112164289,0.5946879351782587,0.5452413215503017,0.5589622160402091,0.6419309844901833,0.6164454402336758,0.5080143272935528,0.6162002450228354,target_lookback,log
transformer,1,8,24,key,140214_1,,0.3990103602409363,0.19273775815963745,0.6457160711288452,0.46952855587005615,1.025558590888977,0.23636363636363636,726,0.8140495867768595,0.5074815154075623,0.052081234753131866,0.018566682934761047,0.04935496300458908,0.05428723990917206,0.36477896571159363,0.821709394454956,0.3536010980606079,0.28849080204963684,0.3231937885284424,0.33536311984062195,0.3384362757205963,0.4279438853263855,0.4117329716682434,0.49731165170669556,0.49864596128463745,0.5216394662857056,0.40215542912483215,0.3338167071342468,0.5971419215202332,0.4799446761608124,0.5316027998924255,0.5500205755233765,0.5500242710113525,0.6959081292152405,0.6624937057495117,0.7954734563827515,0.7913703918457031,0.8195288777351379,0.6259773969650269,0.526331901550293,target_lookback,log
routed,1,8,24,key,140214_1,,0.3087399523277844,0.15429457181465325,0.49785734661268927,0.46952854295711344,0.5800006866927269,0.23636363636363636,726,,,0.05208123236856102,0.017180969507300546,0.037534846819104524,0.07575980544491286,0.2125442034453555,0.6574577658630102,0.17849566767672856,0.19952073674046011,0.3070874102055796,0.3348370925411197,0.3317679587172765,0.37140039745910064,0.3418824705451592,0.3338634617516722,0.3346100094129777,0.2986919671330516,0.35375281047385954,0.2696249538168955,0.2981742738186809,0.3297985370968069,0.5084986284741514,0.5501279898074496,0.5404582070002353,0.6006012341874049,0.5461851873420358,0.5305930218858784,0.5284650568030019,0.46650339795478846,0.5502398925527295,0.4244824519529892,target_lookback,log
transformer,2,11,24,key,140214_1,,0.4175613224506378,0.217095285654068,0.6762711405754089,0.6520698070526123,0.7491358518600464,0.23636363636363636,726,0.7451790633608816,0.42254772782325745,0.051814883947372437,0.013229402713477612,0.05416679009795189,0.0358210988342762,0.25613486766815186,0.9020616412162781,0.29113930463790894,0.3701024055480957,0.45453914999961853,0.3420870304107666,0.4283699095249176,0.411173552274704,0.43133053183555603,0.4651290476322174,0.46820899844169617,0.4879380464553833,0.4066689908504486,0.43331119418144226,0.4910822808742523,0.6187819838523865,0.7548549175262451,0.5641644597053528,0.7003940939903259,0.6675623059272766,0.6924119591712952,0.7422458529472351,0.7427791953086853,0.767410397529602,0.6337616443634033,0.6837899684906006,target_lookback,log
routed,2,11,24,key,140214_1,,0.3933383409260806,0.20628760435284071,0.6357730000233615,0.6520698100297957,0.5800006866927269,0.23636363636363636,726,,,0.05181488084140432,0.012316164283012543,0.04827614812046621,0.07769042895770556,0.26050110128905324,0.8427272264647921,0.23420613941843443,0.27589591050495954,0.3419835111548509,0.3782918854545716,0.45981320835609824,0.43057373025464823,0.4091331250289538,0.4386742583088071,0.4405245791150795,0.4809626833079344,0.37905238577662503,0.40345571785181605,0.39386819670257045,0.45987936007256314,0.5653272101288106,0.6227915129603758,0.7502106886694928,0.6969654060872277,0.6544514651497253,0.6983697496341447,0.6973759424622894,0.7560222165180988,0.5906112210571695,0.6364852638655111,target_lookback,log
transformer,0,6,24,key,140214_2,,0.7457184791564941,0.3174649178981781,1.165909767150879,0.621749222278595,1.9171524047851562,0.29577464788732394,522,0.8026819923371648,0.581551730632782,0.06791885942220688,0.02241189405322075,0.05387326702475548,0.03816230595111847,0.23538941144943237,1.6208217144012451,0.4267769753932953,0.557284414768219,0.6471290588378906,0.6982234120368958,0.7613748908042908,0.8220792412757874,0.8382273316383362,0.8614118099212646,0.8605296015739441,0.8601168990135193,0.8275071382522583,0.7341829538345337,0.7008949518203735,0.9076221585273743,1.0432257652282715,1.1150892972946167,1.2027945518493652,1.2840276956558228,1.2940068244934082,1.3147268295288086,1.2972604036331177,1.28056001663208,1.2526410818099976,1.1303656101226807,target_lookback,log
routed,0,6,24,key,140214_2,,0.5495341422449637,0.27255646575781484,0.8581314830004843,0.6217492529999857,1.2527124458165497,0.29577464788732394,522,,,0.06791885515033995,0.021832137969778995,0.052582258104285226,0.04869939036274147,0.30416928999180504,1.167208220691402,0.42608672710026296,0.519782487773748,0.5398505686979013,0.563691569442776,0.5626129510826631,0.5528331152076996,0.5485971866418886,0.5370136317895762,0.5321146256054647,0.5706518441487087,0.6066229009346014,0.6433483005270283,0.6996876472851431,0.8463536239817888,0.869249772965815,0.8995458835173548,0.8877184856198062,0.8620553470476252,0.845366147853324,0.8182935382662604,0.8007414251031748,0.8482240294213754,0.9178163003545501,0.9902265496445067,target_lookback,log
transformer,1,5,24,key,140214_2,,0.689303994178772,0.34259751439094543,1.076918363571167,0.923400342464447,1.3751029968261719,0.29577464788732394,522,0.7337164750957854,0.7585345506668091,0.08812437206506729,0.01922132447361946,0.057688307017087936,0.03605886176228523,0.22769874334335327,1.4956218004226685,0.46418312191963196,0.6474496126174927,0.6912969946861267,0.6909313797950745,0.7439714670181274,0.7101904153823853,0.7327229380607605,0.7514676451683044,0.7666071057319641,0.7086440324783325,0.6415349245071411,0.7031341195106506,0.7628879547119141,1.055651307106018,1.1153396368026733,1.1020699739456177,1.1746755838394165,1.1069339513778687,1.1308822631835938,1.145302653312683,1.1549216508865356,1.0543535947799683,0.9690911173820496,1.0819573402404785,target_lookback,log
routed,1,5,24,key,140214_2,,0.6606105317048132,0.3450282585530118,1.0318072770790068,0.9234003069024773,1.2527124458165497,0.29577464788732394,522,,,0.088124372868989,0.019502664217956264,0.05617809486659756,0.04676515811587878,0.29388830079268174,1.419756459772419,0.46928275436053296,0.6261759455173898,0.6492294855485391,0.6705280262068674,0.6840078794653646,0.7198239028508711,0.6911980742983306,0.6857702242244255,0.7339566021616802,0.6241826876573945,0.6031405056065563,0.7555818616436476,0.7715923864323843,1.0206014042920954,1.0470071908755754,1.069599258747531,1.079289464463052,1.1217529330105196,1.0664597093554185,1.0445346998517733,1.10555281682241,0.9281708298543647,0.9107715935186523,1.1628990541552822,target_lookback,log
transformer,2,7,24,key,140214_2,,0.640023410320282,0.312529981136322,1.0002739429473877,1.08452308177948,0.7631195783615112,0.29577464788732394,522,0.7528735632183908,0.6069867014884949,0.07169152051210403,0.014706172049045563,0.05011469125747681,0.03541482239961624,0.2463316023349762,1.3835855722427368,0.4382636249065399,0.5867932438850403,0.5004345178604126,0.6248011589050293,0.7839877009391785,0.7293447852134705,0.651107132434845,0.5959903001785278,0.7160308361053467,0.6847215294837952,0.7013111114501953,0.6281012296676636,0.7202755212783813,0.9563438296318054,0.8060023188591003,0.9972344636917114,1.2388498783111572,1.1387510299682617,1.0033432245254517,0.9091965556144714,1.07974112033844,1.0195562839508057,1.0608798265457153,0.9658386707305908,target_lookback,log
routed,2,7,24,key,140214_2,,0.7271695646690801,0.3663554357254509,1.136863593059122,1.0845231114630685,1.2527124458165497,0.29577464788732394,522,,,0.07169151941270739,0.014487970083945777,0.04851808991898146,0.04173206314137468,0.27545210241229634,1.573292652630293,0.4406901950219495,0.6276693695328319,0.6303410557810898,0.7703416919082238,0.8982463927853144,0.8478274047892885,0.7442287628503976,0.6705001698488992,0.8042764853378305,0.7673252502651012,0.767112258487677,0.6875741230183828,0.7246179666980799,1.0231420478171618,1.0166000542933207,1.230206234008763,1.4192919645850326,1.3240386362273777,1.1477337191569905,1.0229621934227142,1.2130113451279179,1.1428202811653074,1.1606605040739426,1.0576771695161726,target_lookback,log
transformer,0,11,24,key,140227_1,,0.6329012513160706,0.30798667669296265,1.072995901107788,1.046478033065796,1.360775113105774,0.07428571428571429,2538,0.6702127659574468,0.45980730652809143,0.12437273561954498,0.023214926943182945,0.06418437510728836,0.034413501620292664,0.23357705771923065,1.4509059190750122,0.48430535197257996,0.5808463096618652,0.6867268085479736,0.6629505753517151,0.6633903980255127,0.6954150199890137,0.6138802766799927,0.6696764826774597,0.5862768888473511,0.6028637290000916,0.6773481965065002,0.6425517201423645,0.8289515972137451,0.9946345090866089,1.1738762855529785,1.1302871704101562,1.1275206804275513,1.1803338527679443,1.0389405488967896,1.1313632726669312,0.9864611625671387,1.0126670598983765,1.1360101699829102,1.0821876525878906,target_lookback,log
routed,0,11,24,key,140227_1,,0.6371995320343132,0.3096590164690122,1.0803407794852897,1.0464779969448585,1.4368772464503983,0.07428571428571429,2538,,,0.12437274069026322,0.023082115581733696,0.06389692277450258,0.03595539657392247,0.22238746488705174,1.462578442438812,0.45925574252926,0.5715259414229826,0.6802968082173757,0.6598689346661095,0.6654371789855376,0.7057719211967955,0.6355510489382221,0.6831017188276977,0.6059894472334085,0.6259117189589717,0.6850267870497753,0.6346290041780944,0.7856633778900323,0.9783942020528075,1.1627170858375742,1.1249546191622954,1.13101661863189,1.1980226362922881,1.0759253984059405,1.1542680424545009,1.0199856756276333,1.0517588442267567,1.1489920563156695,1.0687278658048747,target_lookback,log
transformer,1,16,24,key,140227_1,,0.6163525581359863,0.30036449432373047,1.044341802597046,1.0020538568496704,1.47276771068573,0.07428571428571429,2538,0.669424743892829,0.4322705864906311,0.13157297670841217,0.0214895810931921,0.06049668416380882,0.0368739515542984,0.2646596431732178,1.4064947366714478,0.37161293625831604,0.5771031975746155,0.5473243594169617,0.694861114025116,0.6938716769218445,0.6982356905937195,0.5624768137931824,0.5364481806755066,0.6227349042892456,0.6734169125556946,0.7031108140945435,0.6374946236610413,0.6336230039596558,0.9873216152191162,0.9329087138175964,1.1851719617843628,1.180651068687439,1.185524821281433,0.9503818154335022,0.9039883017539978,1.0463035106658936,1.131459355354309,1.178676724433899,1.0739494562149048,target_lookback,log
routed,1,16,24,key,140227_1,,0.6141716282008588,0.2983226776882037,1.040621106835708,1.0020538769700849,1.4368772464503983,0.07428571428571429,2538,,,0.1315729866080264,0.021518990617788142,0.06044677977085001,0.03599336965418216,0.2318629411943946,1.406373055112659,0.33971970515931094,0.5502857111781484,0.5285457420100477,0.6918441873020296,0.706685689030437,0.7137006747065245,0.5828708208568463,0.5573021982779349,0.6245385892952946,0.6743698338875901,0.6920843030793496,0.6148501076726683,0.578087369862635,0.9409390573291418,0.9002958448287935,1.1799566398236494,1.202670923969465,1.2119750187303187,0.9853514609022996,0.9396985858335293,1.0493692603108582,1.1330784977540873,1.1600238698795826,1.0354853757657836,target_lookback,log
transformer,2,7,24,key,140227_1,,0.30372339487075806,0.15170453488826752,0.5070558786392212,0.43049705028533936,1.0731120109558105,0.07428571428571429,2538,0.9440504334121356,0.7018632888793945,0.12551510334014893,0.011264923959970474,0.06393052637577057,0.034627120941877365,0.2295588105916977,0.6594475507736206,0.2797073721885681,0.3394486904144287,0.3617483973503113,0.32636559009552,0.28684964776039124,0.2962424159049988,0.3107088506221771,0.3090340793132782,0.3179153501987457,0.2621268033981323,0.25027039647102356,0.28208857774734497,0.4741743505001068,0.57579505443573,0.6121720671653748,0.5489073395729065,0.478320449590683,0.49498578906059265,0.5179226994514465,0.51377934217453,0.5274956822395325,0.42991873621940613,0.40873903036117554,0.4648735523223877,target_lookback,log
routed,2,7,24,key,140227_1,,0.340084564562369,0.16062477130549993,0.5700280811729542,0.4304970673838801,1.4368772464503983,0.07428571428571429,2538,,,0.1255150967055616,0.011434334759803128,0.06422218092915383,0.03661676142528786,0.24021726807864247,0.7465445283511346,0.2504955296688401,0.3441551185873277,0.39384942026434483,0.3739394444119756,0.3372860934248506,0.3506095998241377,0.3487208369219183,0.34313287693405364,0.3590164687782877,0.3284976495697979,0.3123161534996737,0.317862513449934,0.4228217136512143,0.5836026124464211,0.6677716880966382,0.6314822985649151,0.5662294717572568,0.5891225189785839,0.5837354769747828,0.5727749656048987,0.5982350927834201,0.5445443589196772,0.5157983368258214,0.5267962949553966,target_lookback,log
transformer,0,7,24,key,140313_1,,0.7763187289237976,0.452304869890213,1.2414119243621826,1.2181992530822754,1.5943046808242798,0.053974484789008834,2658,0.4872084273890143,0.7521779537200928,0.16655980050563812,0.030004162341356277,0.17284123599529266,0.13401424884796143,0.6738242506980896,1.516653299331665,0.4401838183403015,0.6896481513977051,0.8145499229431152,0.9306246638298035,0.9179393649101257,0.7657623291015625,0.7306830883026123,0.7823556661605835,0.8281713128089905,0.7980143427848816,0.7606944441795349,0.7509562969207764,0.7052035927772522,1.1104249954223633,1.3114285469055176,1.4988924264907837,1.4759281873703003,1.2247942686080933,1.1646379232406616,1.2463241815567017,1.3181748390197754,1.2662445306777954,1.2014368772506714,1.1926305294036865,target_lookback,log
routed,0,7,24,key,140313_1,,0.7505865724082291,0.4390152937355002,1.1993931309904189,1.2181993122279717,0.8010333830318214,0.053974484789008834,2658,,,0.16655980476815654,0.029886437583367786,0.172681767841076,0.13525142146826521,0.6670268168550548,1.4602812149049047,0.4435629015965153,0.6820352983895979,0.7795381637610908,0.8904770271786167,0.8784343212098215,0.7324366702233608,0.6980409654518938,0.7497835544114054,0.7997502551877851,0.7734430684720675,0.7466949710779326,0.7432335106154782,0.7107357436250454,1.09768627469004,1.2535652805595026,1.432991141183137,1.4112220095571615,1.170523856195604,1.1115768221367404,1.1934027865201338,1.2724212285247507,1.2264675469239557,1.1788031798840846,1.1801249724629652,target_lookback,log
transformer,1,8,24,key,140313_1,,0.6376938223838806,0.36580535769462585,1.0156222581863403,0.9665045738220215,1.6546601057052612,0.053974484789008834,2658,0.5575620767494357,0.7796982526779175,0.1662483662366867,0.03164641559123993,0.16050410270690918,0.13578516244888306,0.6720313429832458,1.198509931564331,0.4308019280433655,0.5094491243362427,0.6790327429771423,0.6174798011779785,0.6447619795799255,0.6477547287940979,0.7031426429748535,0.7169837951660156,0.6675159931182861,0.719524085521698,0.6483886241912842,0.6126170754432678,0.6888728141784668,0.8115479946136475,1.0886822938919067,0.9853878617286682,1.0276943445205688,1.0332611799240112,1.1208609342575073,1.1401509046554565,1.058774471282959,1.1399332284927368,1.0239522457122803,0.9687145352363586,target_lookback,log
routed,1,8,24,key,140313_1,,0.6026993687973007,0.3512195008618579,0.9583031144557584,0.9665045969647852,0.8010333830318214,0.053974484789008834,2658,,,0.16624836288918052,0.03144850261348991,0.15984827398478685,0.1360107734083636,0.6657604627627326,1.1180914624982914,0.4352372377770248,0.5061982625802678,0.6336806454954812,0.5792824525853651,0.6019641768115438,0.604529183070508,0.6500762256734361,0.6643317975946821,0.6238986499125616,0.6773223694248434,0.6210826006968279,0.5997436743312936,0.6962497526750779,0.8060317923261259,1.0141329895426061,0.9222808038183309,0.9567253723035818,0.9626223418449749,1.0344289710642267,1.0545729940479798,0.9879495060653963,1.071423911298889,0.9797868683617676,0.9477738062334914,target_lookback,log
transformer,2,8,24,key,140313_1,,0.6059173345565796,0.3468362092971802,0.9616110324859619,0.9666121006011963,0.8692975640296936,0.053974484789008834,2658,0.5270880361173815,0.7384700775146484,0.17062489688396454,0.031177401542663574,0.18233969807624817,0.13293294608592987,0.6682658791542053,1.121864676475525,0.422358900308609,0.5517171025276184,0.6008189916610718,0.5833147168159485,0.5985362529754639,0.6107228994369507,0.6683657765388489,0.6888076066970825,0.6490523219108582,0.6131626963615417,0.6093742251396179,0.6401969790458679,0.6756079792976379,0.8816235065460205,0.959237813949585,0.9270798563957214,0.949971079826355,0.9707366228103638,1.0638604164123535,1.0916956663131714,1.0247514247894287,0.9657971858978271,0.9559151530265808,1.009511113166809,target_lookback,log
routed,2,8,24,key,140313_1,,0.6039926947232871,0.3470287756995751,0.9584056476250149,0.9666120601222306,0.8010333830318214,0.053974484789008834,2658,,,0.17062489960423344,0.031083789435470324,0.18224099461088897,0.13416137865352437,0.6701958179617935,1.1163889791815904,0.42487779750720395,0.5534404100219453,0.6000118370263079,0.5836324770210826,0.5978646862924009,0.6082777393445816,0.6613176122912923,0.6795917192853936,0.6448440987572663,0.6100050549227652,0.6108034761798499,0.6415447888519071,0.6797195352565969,0.8842232397718769,0.9576000242623947,0.9277499447455009,0.9485175619539737,0.9668671904965107,1.052697370763797,1.0766954643554745,1.0176728246260556,0.9605953552903238,0.9582410981096002,1.0117089026401875,target_lookback,log
transformer,0,4,36,key,140120_1,,1.066773772239685,0.4655817747116089,1.7695608139038086,1.1931225061416626,4.03695011138916,0.11482254697286012,1326,0.8386123680241327,1.482073187828064,0.17401434481143951,0.021834906190633774,0.09092675149440765,0.04841256141662598,0.9997434616088867,2.24760103225708,0.624082088470459,0.8889257311820984,1.0149060487747192,1.040488600730896,1.083117127418518,1.1252691745758057,1.1336270570755005,1.165041208267212,1.1370501518249512,1.16800057888031,1.1620888710021973,1.1677427291870117,1.053507685661316,1.4998244047164917,1.7081406116485596,1.7428796291351318,1.808039903640747,1.8699512481689453,1.8740100860595703,1.9183803796768188,1.8627820014953613,1.9058254957199097,1.8873528242111206,1.9111242294311523,target_lookback,log
routed,0,4,36,key,140120_1,,0.8479936566481558,0.41699441060724535,1.4038872000541467,1.1931224687245525,2.488078013241932,0.11482254697286012,1326,,,0.17401434846966274,0.02131442363001689,0.0938353390471892,0.062413971835090024,1.0038041755731806,1.6848182627253734,0.6715421602051603,0.8402228659270101,0.8826242854144585,0.8396972652938555,0.8322454120106149,0.8455432150305864,0.9225767160473656,0.9625551665853794,0.8908964969383096,0.8374856645246486,0.8151140350555084,0.8094065195631115,1.1350110059969407,1.4168651636780294,1.4839138354820447,1.4034517520513494,1.3861355256754446,1.40154694852082,1.5222536462045158,1.5827981948786565,1.4565788755993416,1.3633929611299265,1.3206423215282401,1.3209609689472337,target_lookback,log
transformer,1,3,36,key,140120_1,,1.025551676750183,0.45379284024238586,1.7010040283203125,1.1866286993026733,3.787338972091675,0.11482254697286012,1326,0.7948717948717948,1.2132914066314697,0.17302143573760986,0.02659258432686329,0.08290153741836548,0.045468639582395554,0.9963328242301941,2.1460628509521484,0.6298762559890747,0.8867086172103882,1.0241833925247192,1.0135480165481567,1.0358071327209473,1.0595169067382812,1.0622458457946777,1.140026330947876,1.1143360137939453,1.0735219717025757,1.086616039276123,1.1100939512252808,1.0637516975402832,1.4958891868591309,1.7240746021270752,1.6986535787582397,1.7273708581924438,1.7596137523651123,1.7550634145736694,1.877842664718628,1.8254945278167725,1.7515292167663574,1.7646235227584839,1.8175100088119507,target_lookback,log
routed,1,3,36,key,140120_1,,0.8449147833612748,0.41347829199193625,1.3990068549584198,1.1866287224012433,2.488078013241932,0.11482254697286012,1326,,,0.17302143365059755,0.02577256458340526,0.08736745940749287,0.059711530644859824,1.000123345304871,1.67906396838693,0.6751580776835282,0.8381325185578961,0.8826216823643824,0.8790260619547104,0.8403392060571575,0.8404918754233152,0.8735526786658027,0.8931209770617252,0.9441746066259957,0.8359564939213474,0.8065154262565445,0.8072951362108193,1.1414502636056385,1.4129824791344827,1.4839951490101415,1.471236409748088,1.3981294336005146,1.3925438836026367,1.440169554127272,1.46885262296412,1.5447778603314977,1.361686407174962,1.3071677774272432,1.3191793994672703,target_lookback,log
transformer,2,3,36,key,140120_1,,1.0369035005569458,0.46620291471481323,1.7193576097488403,1.185378074645996,3.8618032932281494,0.11482254697286012,1326,0.7918552036199095,1.2877023220062256,0.17953556776046753,0.025991560891270638,0.09149659425020218,0.05322962626814842,1.0073914527893066,2.1690895557403564,0.6694309711456299,0.8800691366195679,1.0198988914489746,1.0260186195373535,1.0466958284378052,1.0672231912612915,1.1040540933609009,1.1158385276794434,1.106567621231079,1.0857182741165161,1.114447832107544,1.1469526290893555,1.1319057941436768,1.484126329421997,1.7151180505752563,1.718874454498291,1.7461371421813965,1.7726154327392578,1.8259923458099365,1.8356255292892456,1.8128005266189575,1.7706270217895508,1.808137059211731,1.8769108057022095,target_lookback,log
routed,2,3,36,key,140120_1,,0.8447832263267004,0.4232128404272588,1.398068023803955,1.1853780449533189,2.488078013241932,0.11482254697286012,1326,,,0.17953556462647874,0.025742767005265565,0.09604524992832182,0.06384596504086104,1.0108383489934578,1.6717818472865629,0.7278462693331719,0.8437380831631103,0.9057208994208624,0.8543875969838954,0.8475986040744259,0.8540343377154518,0.885215743873944,0.8807801583433059,0.8712009661697027,0.8423724836746488,0.8058954547467592,0.8051340209174903,1.2319782363362888,1.422067531886049,1.5212183946992683,1.4286697669350479,1.4109293519532085,1.4153113988017938,1.4613176286353702,1.4457127595094785,1.424521114875775,1.3711528162716762,1.3035202944512247,1.3138973893307389,target_lookback,log
transformer,0,6,36,key,140206_1,,0.71148282289505,0.37168872356414795,1.1388930082321167,0.957566499710083,1.5231578350067139,0.270935960591133,522,0.8275862068965517,1.0021436214447021,0.038526203483343124,0.046357546001672745,0.04928423836827278,0.07879963517189026,0.5279596447944641,1.5595184564590454,0.6009021401405334,0.7206213474273682,0.7012006640434265,0.6691995859146118,0.6737601161003113,0.6971356868743896,0.7232917547225952,0.7513555884361267,0.8000176548957825,0.7323024868965149,0.7506284117698669,0.7296029925346375,1.018696904182434,1.2082093954086304,1.1639010906219482,1.0972907543182373,1.0937612056732178,1.120049238204956,1.1483689546585083,1.1790568828582764,1.2399948835372925,1.1220264434814453,1.1357496976852417,1.1226454973220825,target_lookback,log
routed,0,6,36,key,140206_1,,0.6120185094547202,0.34287624008115597,0.9778904298582688,0.9575665190995514,1.030591790645631,0.270935960591133,522,,,0.038526201478327575,0.04451451375095946,0.06502776472015473,0.10438278886396316,0.5393660029755895,1.303020406783136,0.5509253665493864,0.5830218663797013,0.5952879426348876,0.6046937789497939,0.5824037468305471,0.5879347374272405,0.6294218607740284,0.6113344643016734,0.6239140077959504,0.6734644370663464,0.7011111821660869,0.6152029727092029,0.9326293090331924,0.9730735897408576,0.9829420276063452,0.9881209532927321,0.9420920969330856,0.9420810931673016,0.9987272987780544,0.9590440017922913,0.9669975489209729,1.0320272338814807,1.0606659063711152,0.9460174254694257,target_lookback,log
transformer,1,8,36,key,140206_1,,0.748386800289154,0.38550612330436707,1.1978411674499512,1.282104730606079,0.9340810179710388,0.270935960591133,522,0.8582375478927203,1.13248872756958,0.06709514558315277,0.043262843042612076,0.04989644140005112,0.07407981902360916,0.590399980545044,1.6265119314193726,0.6715899705886841,0.747389018535614,0.782837986946106,0.6587784290313721,0.6697165966033936,0.7942299842834473,0.7466198205947876,0.7994749546051025,0.7670276165008545,0.7505795955657959,0.786365270614624,0.8136555552482605,1.138677954673767,1.2538042068481445,1.2999423742294312,1.080133318901062,1.086332082748413,1.2751280069351196,1.1834732294082642,1.2543039321899414,1.1894320249557495,1.1495225429534912,1.1895440816879272,1.2528101205825806,target_lookback,log
routed,1,8,36,key,140206_1,,0.7621879266289354,0.3987598088732234,1.219096476216598,1.282104644234662,1.030591790645631,0.270935960591133,522,,,0.06709514301851116,0.04082330862923064,0.0636344259510998,0.10174924817004909,0.59703213575315,1.6569234907705765,0.6864286684549374,0.7745611996619511,0.8417085768519802,0.7060005437887168,0.7011358322796145,0.8170532019176192,0.7591582933057541,0.819116737846003,0.7781517654008882,0.7731027132579146,0.7576412291321232,0.7173885484831235,1.1631928145709047,1.2969150590179623,1.394669736371146,1.1555271807635574,1.135362424126858,1.3112142492247487,1.2035692181401576,1.2858223257187182,1.2070388954110096,1.184637476664378,1.1459803945029148,1.1043026219173853,target_lookback,log
transformer,2,6,36,key,140206_1,,0.7296960353851318,0.38291066884994507,1.1679779291152954,1.032454013824463,1.4719481468200684,0.270935960591133,522,0.8716475095785441,1.125948190689087,0.039922114461660385,0.04891408607363701,0.05851789936423302,0.07493282854557037,0.552649199962616,1.595067024230957,0.5891889929771423,0.7285683155059814,0.6929029226303101,0.7038501501083374,0.708947479724884,0.7541378736495972,0.7473670840263367,0.756109356880188,0.7636072039604187,0.74484783411026,0.7708200216293335,0.8136550784111023,0.9977730512619019,1.2225341796875,1.1496098041534424,1.1549983024597168,1.1514192819595337,1.2113752365112305,1.1853018999099731,1.1847063302993774,1.1840606927871704,1.1411341428756714,1.1664308309555054,1.2529950141906738,target_lookback,log
routed,2,6,36,key,140206_1,,0.6457702679790577,0.355605699545656,1.031949774340363,1.0324539752207444,1.030591790645631,0.270935960591133,522,,,0.039922114934258617,0.04750985238741466,0.073247670806212,0.10200322242632569,0.5543051803735443,1.3818112563795393,0.532611661424074,0.6219621220828434,0.6080727420923835,0.5857037225513106,0.563227250788666,0.6999798926930633,0.6719795695148878,0.6934702512013374,0.7002110547277418,0.6647889610627987,0.6569097306455476,0.7608676346234365,0.9009301438761081,1.0398677985994802,1.0041027253143229,0.9566555731349137,0.9103173809913494,1.1226370639346264,1.065449513024325,1.087013548910159,1.085377064595834,1.0182605031244574,0.9937109428184172,1.1715794128163728,target_lookback,log
transformer,0,58,36,key,140207_2,,0.4948093295097351,0.23440872132778168,0.7885614633560181,0.46972012519836426,1.304377555847168,0.270935960591133,522,0.5287356321839081,0.2776168882846832,0.133294939994812,0.009662315249443054,0.036851488053798676,0.039871253073215485,0.1978636533021927,1.0650686025619507,0.3613223433494568,0.41399845480918884,0.41159096360206604,0.3969803750514984,0.4106564521789551,0.47300755977630615,0.47496744990348816,0.5737422108650208,0.5948216915130615,0.6236089468002319,0.6224072575569153,0.5581852793693542,0.6084969639778137,0.6882556080818176,0.6777987480163574,0.646123468875885,0.6613564491271973,0.7560728192329407,0.7501562833786011,0.8969307541847229,0.9193892478942871,0.9542169570922852,0.9382480382919312,0.8575587868690491,target_lookback,log
routed,0,58,36,key,140207_2,,0.47981913000214893,0.22923565498431614,0.764481130359365,0.4697201047631994,1.2503475979390544,0.270935960591133,522,,,0.13329494912658507,0.009667727773619995,0.03625103505476605,0.03367402214282417,0.19816969141878388,1.0314894274445003,0.3912514040843454,0.4516249488254878,0.4516114477412312,0.4719689768960316,0.45925843029377567,0.4923634211126819,0.4801823755189646,0.5066551970558241,0.5213998181934263,0.5459516594302278,0.4933743153076036,0.5036328594307338,0.6598497622375292,0.752740769447956,0.7453206401628546,0.7707689385531894,0.7418567417356283,0.7877988945111808,0.7582352718306665,0.7904638221747733,0.8045638730571109,0.8345339332187549,0.7416328354978889,0.7731984297110607,target_lookback,log
transformer,1,88,36,key,140207_2,,0.4055628180503845,0.19894874095916748,0.6474751830101013,0.4352523386478424,1.01859712600708,0.270935960591133,522,0.4367816091954023,0.18621452152729034,0.0805019736289978,0.012211446650326252,0.03530725836753845,0.046066831797361374,0.24679800868034363,0.8569763898849487,0.21693271398544312,0.3548782169818878,0.3551238477230072,0.33991706371307373,0.36279943585395813,0.33968520164489746,0.3047676086425781,0.4094119668006897,0.46638044714927673,0.5379414558410645,0.6028455495834351,0.5017141103744507,0.3613814115524292,0.5917605757713318,0.5867303013801575,0.5555469393730164,0.5865375995635986,0.5433268547058105,0.48133695125579834,0.6413086652755737,0.7223623394966125,0.82325679063797,0.911701500415802,0.7709606289863586,target_lookback,log
routed,1,88,36,key,140207_2,,0.4687661294962065,0.21443354165389522,0.7494599048394962,0.43525232567903643,1.2503475979390544,0.270935960591133,522,,,0.08050197700900408,0.01259385228926995,0.03560184578534046,0.031103279803039827,0.23317941773428028,1.0039629777650803,0.333476109472026,0.4406548948825777,0.4413805663656353,0.4698124336167977,0.4633167344255617,0.46110579808952196,0.4686109653571813,0.48815684130233283,0.4899188095262719,0.5314256154812652,0.5051352862700568,0.5397629693526389,0.5617068568036896,0.7370204888598307,0.7316125508363202,0.7710468674310034,0.7518003479563176,0.7398152705918346,0.7433086940349578,0.7652003755274325,0.7589675360485839,0.8132188339080813,0.7634370045941196,0.8297556209988981,target_lookback,log
transformer,2,43,36,key,140207_2,,0.39438745379447937,0.1955484002828598,0.6289275884628296,0.5295615792274475,0.8398287296295166,0.270935960591133,522,0.4885057471264368,0.24765929579734802,0.09002074599266052,0.009268611669540405,0.033470798283815384,0.051373548805713654,0.13828714191913605,0.852446973323822,0.294969767332077,0.4044036269187927,0.2921420931816101,0.2637335956096649,0.27111202478408813,0.2666342258453369,0.39888355135917664,0.33807432651519775,0.43560758233070374,0.562893271446228,0.5355989933013916,0.5654303431510925,0.4961581826210022,0.6753103733062744,0.47983890771865845,0.4282017946243286,0.4350740313529968,0.42462030053138733,0.6314762234687805,0.5282294750213623,0.6741031408309937,0.8603363037109375,0.8092466592788696,0.8689497709274292,target_lookback,log
routed,2,43,36,key,140207_2,,0.49586247395266325,0.22898795394990784,0.7924823813527241,0.5295615764619644,1.2503475979390544,0.270935960591133,522,,,0.09002074919065152,0.010053546840380682,0.033745496218976795,0.04525595069291116,0.12413149904194655,1.0802345859983218,0.39231166955719826,0.5007795708126216,0.4738089697746365,0.47406133010075086,0.45981099750173493,0.4656951800267305,0.5058919559797341,0.4893592054612436,0.5264513571658388,0.5849745809998389,0.5173611379274918,0.5682863518331486,0.6627163310453189,0.8384281565107436,0.7844412810353328,0.7774459664400203,0.7451052818616813,0.7466953487068515,0.8021662719746661,0.7667335211249061,0.8155642222942328,0.8941590711887267,0.781552661805311,0.8733633743942856,target_lookback,log
transformer,0,19,36,key,140214_1,,0.45946991443634033,0.24585473537445068,0.7448118925094604,0.7661117911338806,0.6713943481445312,0.23636363636363636,726,0.5922865013774105,0.2826627790927887,0.05416383594274521,0.01803930476307869,0.03221710026264191,0.04853634536266327,0.30581051111221313,0.9870820045471191,0.3537905216217041,0.4189494550228119,0.4092269837856293,0.412280410528183,0.44806358218193054,0.46790263056755066,0.4470568895339966,0.45042431354522705,0.49775072932243347,0.48034167289733887,0.5437807440757751,0.5772590637207031,0.5940461158752441,0.7023062109947205,0.6817947626113892,0.6811984181404114,0.7319276928901672,0.7588759064674377,0.7210754752159119,0.7202976942062378,0.7891760468482971,0.7548424005508423,0.8478075861930847,0.9122765064239502,target_lookback,log
routed,0,19,36,key,140214_1,,0.43878422633445485,0.22972739366641975,0.7099926171227677,0.7661117424984019,0.486271601579948,0.23636363636363636,726,,,0.054163838536183014,0.015496459028724582,0.04068367039712047,0.08020214467700498,0.23919257517314144,0.9542656516017578,0.2792561355776093,0.40990307975510415,0.422225068376514,0.4017164663877245,0.4445259160526001,0.46215407242621426,0.42425676128869794,0.42491772314794163,0.46483430891064614,0.4454579220912666,0.5159656109484622,0.5502024181860568,0.46628263592262603,0.6861900214927176,0.7012021784667777,0.6615568837103215,0.7245633441705829,0.748898425902658,0.6812900762969551,0.6771716278446773,0.7359009060910221,0.6995045406865166,0.804367829810972,0.8694740396482147,target_lookback,log
transformer,1,41,36,key,140214_1,,0.302327424287796,0.15880835056304932,0.4888227880001068,0.5105831027030945,0.4107150733470917,0.23636363636363636,726,0.7121212121212122,0.2537952661514282,0.04624743387103081,0.005811546929180622,0.04162951931357384,0.04473497346043587,0.2752953767776489,0.6223971247673035,0.23926807940006256,0.2698059678077698,0.26063454151153564,0.30286771059036255,0.2741994559764862,0.31440696120262146,0.2902681529521942,0.31116628646850586,0.3297300338745117,0.32103726267814636,0.3477596342563629,0.3645344376564026,0.40315335988998413,0.4512668251991272,0.43342703580856323,0.49944815039634705,0.4461236596107483,0.5107454657554626,0.4670538306236267,0.49005326628685,0.5206130743026733,0.5045459866523743,0.5415645241737366,0.5751600861549377,target_lookback,log
routed,1,41,36,key,140214_1,,0.3130810989531622,0.16733783375991473,0.50494239526415,0.5105831009012585,0.486271601579948,0.23636363636363636,726,,,0.046247433382939004,0.005559326974257752,0.04240822975742501,0.07937674185736454,0.23631611743543735,0.6603878328775153,0.23812672441448832,0.27621155639805456,0.30663300911354674,0.33296491361537556,0.3020146794571553,0.34420945893468613,0.2958373368444147,0.3074836884347744,0.32826873537873613,0.32408523748744045,0.3357409090583399,0.36175253089792603,0.40030505778791964,0.46073937726988745,0.5073725725556603,0.5462171047890423,0.4893964167258105,0.5560243692898562,0.47190492907890286,0.48687747396472014,0.5179164388226799,0.5085986410244643,0.5227723440709804,0.5707520932396322,target_lookback,log
transformer,2,24,36,key,140214_1,,0.3923874795436859,0.20113228261470795,0.6359575986862183,0.6462156772613525,0.6016218066215515,0.23636363636363636,726,0.7134986225895317,0.3032502233982086,0.055500857532024384,0.011358791030943394,0.026661967858672142,0.034774817526340485,0.23007015883922577,0.8510101437568665,0.32440799474716187,0.3480421304702759,0.3298613131046295,0.32582297921180725,0.334844708442688,0.39173224568367004,0.43827566504478455,0.4210493266582489,0.4097940921783447,0.41771218180656433,0.42127782106399536,0.5289464592933655,0.5479925870895386,0.5829235315322876,0.5491362810134888,0.5381172299385071,0.5477915406227112,0.6346282958984375,0.706199049949646,0.6732699871063232,0.6500256061553955,0.6567726731300354,0.6568202972412109,0.8334072232246399,target_lookback,log
routed,2,24,36,key,140214_1,,0.37882438085260006,0.1952619008357699,0.6121936741271442,0.6462157108657847,0.486271601579948,0.23636363636363636,726,,,0.055500860514051925,0.01016045726823088,0.03993412222494623,0.07858050414765953,0.23924564340540344,0.8146512564305862,0.2861554698612577,0.3450433646326022,0.3460025087867087,0.3276406252684548,0.3386937739841693,0.376859033288267,0.3923960070851933,0.4122308599475251,0.3875149535633468,0.41797508616534995,0.39184484794169405,0.5101242749340766,0.4825634291354126,0.5765781028537353,0.5734873506206798,0.5380225236156514,0.550725069251663,0.6075617177442006,0.6292708012949914,0.656764118552359,0.6128437511205116,0.6567661426182894,0.6108536362227518,0.8035382641800584,target_lookback,log
transformer,0,5,36,key,140214_2,,0.6026067733764648,0.30348509550094604,0.9416611790657043,0.9271160960197449,0.9754195809364319,0.29577464788732394,522,0.7547892720306514,0.6668677926063538,0.06459406763315201,0.014427140355110168,0.0560995489358902,0.03310665488243103,0.23649457097053528,1.3017081022262573,0.4534189999103546,0.5542100667953491,0.5672991871833801,0.5524618029594421,0.6075060367584229,0.6353159546852112,0.6491470336914062,0.5938693881034851,0.614232063293457,0.6285583972930908,0.7049651741981506,0.6809395551681519,0.7461225986480713,0.9032730460166931,0.9155489802360535,0.8808426260948181,0.9594844579696655,0.992069661617279,1.0018043518066406,0.9051268100738525,0.924876868724823,0.9346454739570618,1.066552996635437,1.0474406480789185,target_lookback,log
routed,0,5,36,key,140214_2,,0.6403082618913762,0.32935085296669714,1.000721116431827,0.9271161087164964,1.1572796818374793,0.29577464788732394,522,,,0.06459406356686975,0.014558271630465408,0.05480381835328249,0.04112406071505884,0.29444333834287134,1.3750560056436953,0.45455333217691746,0.5728537783927766,0.6686490243005502,0.6197842919504011,0.6972431446976456,0.6661694598978157,0.6510969587765004,0.5938876757512122,0.644369979424189,0.6192571390806404,0.7312733090653756,0.7573109094600424,0.7479429935487663,0.9336869132595411,1.079357511650259,0.988750281955427,1.1011783028450781,1.040065146395365,1.0048578374936232,0.9053350895359318,0.9704558943636211,0.9207445490629194,1.1064437989452374,1.1653345310899819,target_lookback,log
transformer,1,4,36,key,140214_2,,0.702796220779419,0.3478996753692627,1.0977346897125244,1.21095871925354,0.7633094191551208,0.29577464788732394,522,0.8601532567049809,1.0249524116516113,0.08582598716020584,0.015026037581264973,0.07231743633747101,0.04243266209959984,0.26740652322769165,1.518897533416748,0.5034980773925781,0.7542640566825867,0.7704933285713196,0.6562861204147339,0.6453958749771118,0.7050087451934814,0.7344890832901001,0.6426563858985901,0.699365496635437,0.7814462780952454,0.8656823039054871,0.6390517950057983,0.8276481628417969,1.229171633720398,1.2421668767929077,1.0470714569091797,1.018341064453125,1.0982298851013184,1.1333030462265015,0.9786084294319153,1.053675889968872,1.1630972623825073,1.3087213039398193,0.982708215713501,target_lookback,log
routed,1,4,36,key,140214_2,,0.7649258721591774,0.3847766330169155,1.1953328923417814,1.2109587100114934,1.1572796818374793,0.29577464788732394,522,,,0.08582598770313107,0.014096107354473019,0.06645639849569498,0.043641939222815014,0.2676106212897851,1.657807544851175,0.48190916229965836,0.7468779993791882,0.8707372395388923,0.7598581849494397,0.7379810510031469,0.7946059558377176,0.8294978000207988,0.7001571546001637,0.7784542581700911,0.8360236234711527,0.9164962982951568,0.6698704990506946,0.79223547505617,1.2172514841919773,1.4049225222939283,1.2131420374942457,1.1649745376742842,1.2388767271877423,1.2805700547096097,1.066730352967469,1.1733481735489617,1.2445749416974512,1.3858231659690163,1.0303015338134207,target_lookback,log
transformer,2,7,36,key,140214_2,,0.6204358339309692,0.2848431169986725,0.9694159030914307,0.6083667874336243,1.5152865648269653,0.29577464788732394,522,0.7777777777777778,0.5162072777748108,0.08027206361293793,0.021643133834004402,0.04447976499795914,0.03287527710199356,0.26395124197006226,1.336298942565918,0.4191335141658783,0.6042096614837646,0.5898803472518921,0.6800187826156616,0.6618872880935669,0.6519688367843628,0.5843976736068726,0.5942392349243164,0.6519820690155029,0.6281750798225403,0.6909412145614624,0.6770196557044983,0.6889411211013794,0.9852417707443237,0.95145183801651,1.0856842994689941,1.0454620122909546,1.0167518854141235,0.9010847210884094,0.9067859649658203,0.9825405478477478,0.9344340562820435,1.042333722114563,1.0422693490982056,target_lookback,log
routed,2,7,36,key,140214_2,,0.5191686767284718,0.25936805113760264,0.8104139792390932,0.6083667735520251,1.1572796818374793,0.29577464788732394,522,,,0.08027206395153036,0.02161924735790317,0.04288336479261151,0.04296063537496059,0.31687600145009337,1.0943842008896938,0.40915569046384676,0.5218676407610015,0.5167733393999799,0.5139409811078524,0.5191853559222601,0.5206811008424669,0.547804878756031,0.4929264577226726,0.5037654712669187,0.5257691081304724,0.5655078925753837,0.5986476734975807,0.67249964978609,0.8503113887390744,0.8329877346116761,0.8196979527090763,0.8189821208656807,0.8105121602642684,0.8444299261861576,0.7517081105924959,0.7584075348071062,0.7813867400667784,0.8514136343700845,0.9213474019970321,target_lookback,log
transformer,0,14,36,key,140227_1,,0.654829204082489,0.31844156980514526,1.1104050874710083,1.098816990852356,1.2458021640777588,0.07428571428571429,2538,0.7005516154452325,0.4443542957305908,0.13178229331970215,0.0052411556243896484,0.05200633779168129,0.04367531090974808,0.2588396668434143,1.4990071058273315,0.35945579409599304,0.55380779504776,0.6922769546508789,0.70426344871521,0.5924352407455444,0.5583041310310364,0.6484628319740295,0.6571340560913086,0.7709209322929382,0.709138035774231,0.7203938961029053,0.7893266081809998,0.6132138967514038,0.947677731513977,1.1840908527374268,1.2000221014022827,1.0074518918991089,0.9456755518913269,1.0981656312942505,1.1084988117218018,1.3004322052001953,1.1928675174713135,1.2079335451126099,1.3303914070129395,target_lookback,log
routed,0,14,36,key,140227_1,,0.6591734538449089,0.31848853057187404,1.1178585157799679,1.0988169885574646,1.3325146639207412,0.07428571428571429,2538,,,0.1317822921028368,0.005686048718559978,0.05134354476024002,0.043131711238401794,0.22813738457299867,1.5136301742642768,0.33949307890906927,0.5608424430778768,0.7062495569557358,0.7173777140291349,0.615026181435747,0.5838046373631914,0.6667565630266097,0.6689944436861849,0.7628489857321967,0.6964407772380373,0.7136490095830177,0.7755798091366564,0.5786026602825999,0.9599201125302668,1.2081192998129058,1.2225545929725208,1.0461784896744708,0.9894672836782848,1.129388048488052,1.128757866079843,1.2868031363392989,1.1713585166464155,1.1965265828362714,1.307054488876698,target_lookback,log
transformer,1,19,36,key,140227_1,,0.5895965695381165,0.29878321290016174,0.998583972454071,0.9693161249160767,1.3095446825027466,0.07428571428571429,2538,0.7411347517730497,0.5702582001686096,0.12886610627174377,0.01225526537746191,0.06023654714226723,0.04953260347247124,0.29804304242134094,1.3368303775787354,0.4311470091342926,0.5777496099472046,0.6695244908332825,0.5800477266311646,0.6332601308822632,0.6404916644096375,0.6083058714866638,0.5596901178359985,0.5886304974555969,0.6324614882469177,0.5096229314804077,0.6067187190055847,0.737643301486969,0.9884870052337646,1.1433212757110596,0.987507700920105,1.076602578163147,1.0864781141281128,1.0288912057876587,0.9429434537887573,0.9895181059837341,1.0624148845672607,0.8517369627952576,1.021022081375122,target_lookback,log
routed,1,19,36,key,140227_1,,0.5908317664560313,0.2970653914837291,1.000838752096072,0.9693161235120985,1.3325146639207412,0.07428571428571429,2538,,,0.12886610954597258,0.012471755150839842,0.06003893580019183,0.041727654286728345,0.26695155867890064,1.3456675780437015,0.413975273881345,0.5613821374383352,0.6436083552742036,0.5735739670404931,0.6339670667754281,0.653881551854165,0.6252854653287223,0.5721973928863514,0.6062482633191213,0.6411575335145031,0.5142466375941016,0.6101135821158016,0.7078363771016796,0.9603363982817464,1.098800535566639,0.9764455663559333,1.077891173554416,1.1096112763402664,1.0580694502318286,0.9645801167596372,1.019860551044268,1.0772463249834758,0.8595811743969739,1.0267936506613604,target_lookback,log
transformer,2,4,36,key,140227_1,,0.41610610485076904,0.17435206472873688,0.7008633613586426,0.4252815842628479,2.0877225399017334,0.07428571428571429,2538,0.9408983451536643,0.7365140914916992,0.13060998916625977,0.0016629549209028482,0.059253495186567307,0.043264277279376984,0.2603469491004944,0.927064061164856,0.31092721223831177,0.4214222729206085,0.37717995047569275,0.4543088376522064,0.4095946252346039,0.467800110578537,0.43033644556999207,0.482073038816452,0.3940415382385254,0.36684611439704895,0.347492516040802,0.4921748638153076,0.5289108157157898,0.7183241248130798,0.639603853225708,0.7709373831748962,0.6915534734725952,0.7876594066619873,0.7242782711982727,0.8102885484695435,0.6584015488624573,0.609822154045105,0.575962483882904,0.8252458572387695,target_lookback,log
routed,2,4,36,key,140227_1,,0.32708402296172334,0.15898743207070723,0.5471107381457553,0.42528159646800906,1.3325146639207412,0.07428571428571429,2538,,,0.13060999346604743,0.003084419219160983,0.05839581774510865,0.044032300616144555,0.24378761690389208,0.712712559600767,0.2548637114353033,0.31963118191334833,0.3083512413885458,0.3324381937724768,0.309575719023072,0.36647649997620085,0.34369395782976037,0.36640573974489504,0.3021294888100853,0.31241469705805414,0.2939212162251619,0.3941579447897422,0.4306058406371647,0.5407897822313223,0.5197216345144768,0.5599016911688415,0.5181928106801115,0.6124877386882118,0.5752101492246353,0.611732560079599,0.500267448135334,0.5162627159291568,0.4840424745254478,0.6576245149785648,target_lookback,log
transformer,0,8,36,key,140313_1,,0.85855633020401,0.4900093972682953,1.376231074333191,1.3380498886108398,1.9262511730194092,0.053974484789008834,2658,0.4706546275395034,0.7156057953834534,0.16540610790252686,0.03038586489856243,0.15866303443908691,0.13444365561008453,0.6768428683280945,1.7019829750061035,0.49500906467437744,0.685077428817749,0.880991518497467,0.8515583872795105,0.9105553030967712,0.9067134261131287,0.7369996309280396,0.8219817280769348,0.8855190277099609,0.9473893046379089,1.0266138315200806,1.0281201601028442,0.7962318062782288,1.1029417514801025,1.4228785037994385,1.3715946674346924,1.464267611503601,1.454453706741333,1.1748466491699219,1.3116923570632935,1.4115656614303589,1.5084455013275146,1.6321969032287598,1.639776349067688,target_lookback,log
routed,0,8,36,key,140313_1,,0.820622326785294,0.4698207697232758,1.3145150463103494,1.33804988783368,0.796092057959825,0.053974484789008834,2658,,,0.16540611013056447,0.03030154869872911,0.15810055066671083,0.1343359292118386,0.6711918130383707,1.6186527333995244,0.4977103912681994,0.6743877793785658,0.8366551100837676,0.8083402947912817,0.8634497824459725,0.8614299700667225,0.6932670108294254,0.7792682329366672,0.8404133175011018,0.9047322422237283,0.9877868111216822,0.9893269384776159,0.8006905406314022,1.0851922320112075,1.3504281399891742,1.3009932831274074,1.3874863801600295,1.3805627925244361,1.1034079993117105,1.2423510339937573,1.3388051556712195,1.4397638667752366,1.5698384189789316,1.577218587699255,target_lookback,log
transformer,1,7,36,key,140313_1,,0.779708206653595,0.4522440433502197,1.245511531829834,1.2173304557800293,1.6636676788330078,0.053974484789008834,2658,0.48269375470278403,0.7777895331382751,0.16812877357006073,0.034230899065732956,0.19145934283733368,0.13651984930038452,0.6767695546150208,1.5214382410049438,0.4295373260974884,0.699166476726532,0.6372970342636108,0.7621887922286987,0.8388758301734924,0.9290724992752075,0.9044820666313171,0.8032649159431458,0.7980988025665283,0.8941224813461304,0.745018720626831,0.7950157523155212,0.6848050355911255,1.1250795125961304,1.0194296836853027,1.2196012735366821,1.3392086029052734,1.4903887510299683,1.4474499225616455,1.2788453102111816,1.2679716348648071,1.4214742183685303,1.1768029928207397,1.263403296470642,target_lookback,log
routed,1,7,36,key,140313_1,,0.7508937756341209,0.43767236550144284,1.198380548181683,1.2173304239289067,0.796092057959825,0.053974484789008834,2658,,,0.16812877199098666,0.03417304517687881,0.19182009611389986,0.13751616127212263,0.6732483017502534,1.456871550345095,0.43339823185449244,0.695069272645062,0.6240402500817122,0.7412124937765252,0.8067317438121145,0.8868193301681263,0.8573385029043166,0.7571818592493661,0.7593307127132136,0.853435998851725,0.7215257915849557,0.7753796108100283,0.6914711055318762,1.1182197457197534,0.9973085320492948,1.1850287024724255,1.2861584010599985,1.4216399330859435,1.3706388489344692,1.203746912484644,1.2050762070501932,1.3557082423145488,1.1388186286122741,1.231622580445218,target_lookback,log
transformer,2,8,36,key,140313_1,,0.593997061252594,0.3539653420448303,0.9420391321182251,0.9039131999015808,1.4563597440719604,0.053974484789008834,2658,0.5293453724604966,0.7657020688056946,0.17109213769435883,0.032382771372795105,0.18088702857494354,0.13394910097122192,0.6736901998519897,1.0909723043441772,0.427177369594574,0.5080353021621704,0.6370195746421814,0.6085498332977295,0.614544153213501,0.5901838541030884,0.6245278120040894,0.6345670223236084,0.5415601134300232,0.5887168049812317,0.6718712449073792,0.6445744633674622,0.6835764050483704,0.8085591197013855,1.020045518875122,0.9695099592208862,0.9782151579856873,0.9353842735290527,0.9904637336730957,1.0051391124725342,0.8492642641067505,0.9254873394966125,1.058833122253418,1.0135760307312012,target_lookback,log
routed,2,8,36,key,140313_1,,0.567502753022649,0.3423835349807607,0.8984240522262541,0.903913222855282,0.796092057959825,0.053974484789008834,2658,,,0.17109213242334678,0.03227788224044475,0.18043271311842743,0.13491349662960833,0.6708787767320596,1.0278773482581103,0.43006642888395535,0.5056419871958739,0.6026529022377279,0.5769440835988769,0.5843407768212475,0.5618060063080624,0.5960050599351373,0.6001236872936896,0.5168796950933395,0.5529382169153105,0.6380035484277439,0.6181915756886504,0.6884289220976331,0.8046639900116858,0.9634311841477938,0.9173367825100831,0.928337217686517,0.8884414624161879,0.9437540918121796,0.9488293271944186,0.8083763389402188,0.8668024294344086,1.003928601514646,0.9703959415091966,target_lookback,log
gru,0,2,3,key,140120_1,,1.0283607244491577,0.456127405166626,1.7050527334213257,1.1830565929412842,3.8117306232452393,0.11482254697286012,1326,0.6666666666666666,0.7149915099143982,0.17771616578102112,0.029392343014478683,0.09481780230998993,0.05446969345211983,1.03998863697052,2.1334760189056396,0.624025821685791,0.8552101850509644,0.9973992705345154,1.0131590366363525,1.0549046993255615,1.0893789529800415,1.0869388580322266,1.103911280632019,1.1138402223587036,1.1229543685913086,1.0999326705932617,1.1010009050369263,1.053156852722168,1.4421859979629517,1.6775351762771606,1.6971334218978882,1.759835124015808,1.8093100786209106,1.7977880239486694,1.817138910293579,1.824458360671997,1.830902099609375,1.7845606803894043,1.8003381490707397,target_lookback,linear
gru,1,2,3,key,140120_1,,1.0145474672317505,0.45473459362983704,1.6815301179885864,1.1597477197647095,3.775777578353882,0.11482254697286012,1326,0.6802413273001509,0.7451838254928589,0.18886512517929077,0.03896293789148331,0.08751271665096283,0.05506210774183273,1.0141701698303223,2.1090455055236816,0.623723566532135,0.8501441478729248,0.997660219669342,1.0228562355041504,1.0493898391723633,1.0646766424179077,1.0660297870635986,1.0747466087341309,1.0854735374450684,1.093425989151001,1.0867786407470703,1.0888301134109497,1.0530314445495605,1.4328101873397827,1.6765942573547363,1.712700605392456,1.7495633363723755,1.7674840688705444,1.761912226676941,1.7678767442703247,1.778375267982483,1.78342604637146,1.76238214969635,1.7801724672317505,target_lookback,linear
gru,2,11,3,key,140120_1,,0.8831457495689392,0.45105624198913574,1.462679386138916,1.4424803256988525,1.6099106073379517,0.11482254697286012,1326,0.667420814479638,0.627636730670929,0.17484040558338165,0.0283695999532938,0.08683498203754425,0.06812068074941635,1.0694708824157715,1.74250328540802,0.658991277217865,0.8646486401557922,0.9550370573997498,0.9156102538108826,0.9176939129829407,0.8920551538467407,0.9024375081062317,0.904548704624176,0.8821054697036743,0.8848338723182678,0.9057154655456543,0.888888955116272,1.1140822172164917,1.4578604698181152,1.6070523262023926,1.5327430963516235,1.5274808406829834,1.4794762134552002,1.4898523092269897,1.4877357482910156,1.4441907405853271,1.439768671989441,1.46741783618927,1.4515177011489868,target_lookback,linear
gru,0,10,3,key,140206_1,,0.8335135579109192,0.39635980129241943,1.3331934213638306,1.493237018585205,0.7484427690505981,0.270935960591133,522,0.6666666666666666,0.8725385069847107,0.11008309572935104,0.04603613168001175,0.06819051504135132,0.0695730522274971,0.5161430835723877,1.8605217933654785,0.6164118051528931,0.7200866937637329,0.7624925971031189,0.8241710662841797,0.8472567200660706,0.905462920665741,0.9236393570899963,0.9255160689353943,0.8896204233169556,0.8384696245193481,0.8692350387573242,0.8811489939689636,1.041460633277893,1.2085515260696411,1.2656742334365845,1.3546472787857056,1.3745867013931274,1.453984022140503,1.4650635719299316,1.449849009513855,1.3752861022949219,1.2837343215942383,1.31320059299469,1.3542667627334595,target_lookback,linear
gru,1,7,3,key,140206_1,,0.7909734845161438,0.3827793002128601,1.265618920326233,1.370063304901123,0.927918016910553,0.270935960591133,522,0.6340996168582376,0.6415423154830933,0.0632496103644371,0.06524740904569626,0.05861438065767288,0.08129419386386871,0.5267173051834106,1.754394769668579,0.6215443015098572,0.736702561378479,0.7341150045394897,0.7569951415061951,0.7612542510032654,0.8286394476890564,0.84474778175354,0.8680950403213501,0.8408941626548767,0.8339000344276428,0.8488349914550781,0.833206057548523,1.0475624799728394,1.232193112373352,1.216467261314392,1.2422358989715576,1.2343631982803345,1.3312791585922241,1.342215895652771,1.3635789155960083,1.3042587041854858,1.2783749103546143,1.2845275402069092,1.2818361520767212,target_lookback,linear
gru,2,9,3,key,140206_1,,0.885663628578186,0.4162651300430298,1.417123556137085,1.6123871803283691,0.6453079581260681,0.270935960591133,522,0.6130268199233716,0.8367422819137573,0.06540241837501526,0.055651698261499405,0.06298156827688217,0.1115979477763176,0.5534493327140808,1.976154088973999,0.6276745796203613,0.7717916369438171,0.8370279669761658,0.8925044536590576,0.8940425515174866,0.9267650246620178,0.9079792499542236,0.9100914001464844,0.964660108089447,0.9720985293388367,0.9476886987686157,0.9869234561920166,1.0633736848831177,1.2928857803344727,1.387710452079773,1.4640264511108398,1.4493142366409302,1.4884499311447144,1.4410560131072998,1.4282866716384888,1.4951293468475342,1.4892562627792358,1.4340453147888184,1.5173379182815552,target_lookback,linear
gru,0,12,3,key,140207_2,,0.3133009672164917,0.15856310725212097,0.4983764588832855,0.3376307189464569,0.781022310256958,0.270935960591133,522,0.7088122605363985,0.48846668004989624,0.08438505977392197,0.008765799924731255,0.035754069685935974,0.048539139330387115,0.20020721852779388,0.6569647192955017,0.35231053829193115,0.3513074219226837,0.2962963581085205,0.334455281496048,0.35331088304519653,0.3352234363555908,0.2966166138648987,0.23730498552322388,0.23423628509044647,0.250293105840683,0.2779831886291504,0.37979069352149963,0.5921120643615723,0.5849360823631287,0.4896228313446045,0.5472480058670044,0.572166383266449,0.5362817645072937,0.4678034484386444,0.36628735065460205,0.35966795682907104,0.37920013070106506,0.4176025688648224,0.5816868543624878,target_lookback,linear
gru,1,25,3,key,140207_2,,0.42456546425819397,0.21815264225006104,0.67689448595047,0.5135540962219238,0.9906708598136902,0.270935960591133,522,0.5996168582375478,0.4110976457595825,0.08976022154092789,0.008043162524700165,0.0445471815764904,0.06550773233175278,0.20803533494472504,0.9072766900062561,0.36430472135543823,0.42044082283973694,0.4485336244106293,0.45975160598754883,0.46103373169898987,0.45563778281211853,0.4258977472782135,0.4342876374721527,0.4000716805458069,0.40565040707588196,0.3761098086833954,0.424410879611969,0.6136325597763062,0.7022334933280945,0.742740273475647,0.7527918219566345,0.7457078695297241,0.7290998697280884,0.6734411716461182,0.6788995862007141,0.6170026063919067,0.6176262497901917,0.5662109851837158,0.6506166458129883,target_lookback,linear
gru,2,26,3,key,140207_2,,0.4440711736679077,0.22937054932117462,0.70781409740448,0.5540238618850708,1.0115307569503784,0.270935960591133,522,0.5957854406130269,0.43930891156196594,0.09788471460342407,0.009879831224679947,0.05118608847260475,0.06281284987926483,0.22713148593902588,0.9467402100563049,0.37622320652008057,0.4153622090816498,0.40539976954460144,0.4355865716934204,0.4558927118778229,0.49616357684135437,0.5051218271255493,0.4854467511177063,0.4604266583919525,0.40480586886405945,0.4166354238986969,0.4645039141178131,0.6339845061302185,0.6915215253829956,0.6701200604438782,0.7127100229263306,0.7379491925239563,0.7927880883216858,0.799773097038269,0.758060097694397,0.7116129398345947,0.6164596676826477,0.6272334456443787,0.7127823233604431,target_lookback,linear
gru,0,4,3,key,140214_1,,0.7411361336708069,0.3323647677898407,1.2028645277023315,0.7877264618873596,2.028963565826416,0.23636363636363636,726,0.8553719008264463,0.8497632145881653,0.045798540115356445,0.028407063335180283,0.05508900433778763,0.04262632504105568,0.37141287326812744,1.6240845918655396,0.49296846985816956,0.6652079224586487,0.7617077827453613,0.7566196322441101,0.7631101608276367,0.7708825469017029,0.7639108896255493,0.7612677216529846,0.7537842392921448,0.7800711989402771,0.798218309879303,0.8078901171684265,0.8315768837928772,1.1175793409347534,1.2693123817443848,1.2513307332992554,1.248340129852295,1.253990888595581,1.2329988479614258,1.2184513807296753,1.195539951324463,1.2275830507278442,1.2450683116912842,1.2770603895187378,target_lookback,linear
gru,1,3,3,key,140214_1,,0.757439911365509,0.32422634959220886,1.229182481765747,0.6649747490882874,2.2279155254364014,0.23636363636363636,726,0.8760330578512396,0.8447445631027222,0.04548557102680206,0.017977070063352585,0.04476900398731232,0.0737966001033783,0.43646863102912903,1.6468373537063599,0.49663642048835754,0.6628097891807556,0.7602784633636475,0.7551324963569641,0.7881703972816467,0.7726999521255493,0.7851356863975525,0.7729228734970093,0.7913088202476501,0.8109595775604248,0.8285031318664551,0.8458669781684875,0.8403798341751099,1.1085574626922607,1.2656506299972534,1.2494152784347534,1.2924643754959106,1.2569925785064697,1.2675952911376953,1.2374136447906494,1.254577875137329,1.2755005359649658,1.2922004461288452,1.3361999988555908,target_lookback,linear
gru,2,4,3,key,140214_1,,0.7853034138679504,0.338681161403656,1.2752084732055664,0.735750675201416,2.265167474746704,0.23636363636363636,726,0.8526170798898072,0.8407572507858276,0.04152551293373108,0.02448585070669651,0.02802094630897045,0.04290485754609108,0.414654403924942,1.7172918319702148,0.4948251247406006,0.6848772168159485,0.8033578991889954,0.8022522330284119,0.7997298836708069,0.8179876804351807,0.8153039813041687,0.8190800547599792,0.8304777145385742,0.836596667766571,0.8403346538543701,0.8511884212493896,0.8361628651618958,1.1495476961135864,1.3395872116088867,1.327321171760559,1.312525749206543,1.331597924232483,1.316353440284729,1.3112461566925049,1.3176738023757935,1.3165391683578491,1.310858964920044,1.3449921607971191,target_lookback,linear
gru,0,4,3,key,140214_2,,0.6769837737083435,0.32087382674217224,1.0583217144012451,1.1719520092010498,0.7187826037406921,0.29577464788732394,522,0.8218390804597702,0.8193042874336243,0.06473885476589203,0.025011293590068817,0.0505596324801445,0.03348461911082268,0.18301627039909363,1.4752670526504517,0.46218088269233704,0.6280702948570251,0.6309316754341125,0.6939148306846619,0.705733597278595,0.7059552073478699,0.7197331786155701,0.682134747505188,0.6984621286392212,0.7289838194847107,0.7421326637268066,0.7268968820571899,0.7599155902862549,1.0243784189224243,1.0184444189071655,1.1081454753875732,1.1145340204238892,1.1022586822509766,1.1115120649337769,1.040749430656433,1.0530697107315063,1.0850993394851685,1.121896505355835,1.117939829826355,target_lookback,linear
gru,1,4,3,key,140214_2,,0.5937608480453491,0.3038894534111023,0.9274895787239075,0.9538591504096985,0.8614619970321655,0.29577464788732394,522,0.867816091954023,0.8693214654922485,0.06782202422618866,0.028506536036729813,0.04716166481375694,0.05438769608736038,0.24566550552845,1.2798060178756714,0.4486338496208191,0.5714340209960938,0.5404130816459656,0.5880871415138245,0.630544900894165,0.6288307309150696,0.6517443656921387,0.6332152485847473,0.6163364052772522,0.594537615776062,0.6047678589820862,0.6174522638320923,0.7370532155036926,0.9302387833595276,0.8719453811645508,0.9375881552696228,0.9947936534881592,0.9818970561027527,1.005242943763733,0.9655492305755615,0.927861213684082,0.883924126625061,0.9144382476806641,0.9504565596580505,target_lookback,linear
gru,2,4,3,key,140214_2,,0.5574647784233093,0.2910882532596588,0.8694435954093933,0.9406865239143372,0.6699900031089783,0.29577464788732394,522,0.8888888888888888,0.8706464171409607,0.10315317660570145,0.029595736414194107,0.05560414865612984,0.03071782924234867,0.2883076071739197,1.187456727027893,0.45119088888168335,0.5707807540893555,0.531074583530426,0.568989634513855,0.5624380707740784,0.562798261642456,0.5481435656547546,0.568717896938324,0.564636766910553,0.5614078640937805,0.5959736704826355,0.6124175786972046,0.7424644827842712,0.9299948215484619,0.8547446727752686,0.906693696975708,0.883456289768219,0.8766007423400879,0.8455052971839905,0.8665967583656311,0.851086437702179,0.8339081406593323,0.8974075317382812,0.9374862909317017,target_lookback,linear
gru,0,6,3,key,140227_1,,0.5508416891098022,0.2967548370361328,0.9312983155250549,0.8936127424240112,1.3131386041641235,0.07428571428571429,2538,0.7182821118991332,0.634873628616333,0.1229904443025589,0.01554800197482109,0.06475397944450378,0.08875901252031326,0.4452468752861023,1.2038190364837646,0.38828355073928833,0.5137370824813843,0.6208897829055786,0.5656236410140991,0.5805496573448181,0.5319409370422363,0.5536587834358215,0.5589706897735596,0.5762750506401062,0.5776406526565552,0.5609671473503113,0.5530310869216919,0.6631137728691101,0.8772029876708984,1.0600087642669678,0.9591193795204163,0.986075758934021,0.9007032513618469,0.9339664578437805,0.9379609823226929,0.9678863883018494,0.968486487865448,0.9378817677497864,0.930034875869751,target_lookback,linear
gru,1,3,3,key,140227_1,,0.42466405034065247,0.16880306601524353,0.7148765325546265,0.3826426565647125,2.248318910598755,0.07428571428571429,2538,0.9499605988967691,0.8333396911621094,0.12998083233833313,0.005332966335117817,0.0645468682050705,0.062309324741363525,0.26697102189064026,0.945252537727356,0.3268585503101349,0.41010168194770813,0.44908079504966736,0.44153472781181335,0.43601125478744507,0.4424618184566498,0.4408124089241028,0.43085965514183044,0.43838992714881897,0.44057121872901917,0.42389559745788574,0.4026256501674652,0.5553849935531616,0.69366455078125,0.7632755637168884,0.748580276966095,0.736759603023529,0.744690477848053,0.7415281534194946,0.7210426926612854,0.7342663407325745,0.7349841594696045,0.706514835357666,0.673462986946106,target_lookback,linear
gru,2,3,3,key,140227_1,,0.4347056448459625,0.1673615276813507,0.731915295124054,0.33679693937301636,2.4078633785247803,0.07428571428571429,2538,0.9692671394799054,0.8542904853820801,0.12946513295173645,0.013176655396819115,0.06816104799509048,0.06487252563238144,0.28852391242980957,0.9639398455619812,0.3322090804576874,0.40822333097457886,0.4469982087612152,0.4552708566188812,0.4525687098503113,0.43346336483955383,0.4320560097694397,0.44148874282836914,0.45576298236846924,0.4470209777355194,0.45115581154823303,0.4485951066017151,0.5651880502700806,0.6943972110748291,0.7592001557350159,0.7705603241920471,0.7645068168640137,0.7301763892173767,0.7229207754135132,0.7408607602119446,0.7615707516670227,0.7473248839378357,0.7522372603416443,0.7506963610649109,target_lookback,linear
gru,0,5,3,key,140313_1,,0.6328777074813843,0.36334699392318726,1.0065973997116089,1.0007303953170776,1.1043812036514282,0.053974484789008834,2658,0.4533483822422874,0.7303696274757385,0.17134001851081848,0.034021493047475815,0.17041891813278198,0.1361309438943863,0.6726900339126587,1.1852478981018066,0.4295835793018341,0.5720943212509155,0.671663224697113,0.6387211084365845,0.632904052734375,0.6254793405532837,0.6205059885978699,0.6521633863449097,0.6919069290161133,0.6766780018806458,0.6763007640838623,0.6705344319343567,0.6872923970222473,0.91547030210495,1.0762670040130615,1.0207818746566772,1.0083682537078857,0.9951528310775757,0.9826579689979553,1.0318385362625122,1.0970017910003662,1.07292640209198,1.0644947290420532,1.0602766275405884,target_lookback,linear
gru,1,5,3,key,140313_1,,0.6908150315284729,0.4022388458251953,1.1019935607910156,1.0916160345077515,1.2701919078826904,0.053974484789008834,2658,0.40594431903686984,0.8250852823257446,0.16460391879081726,0.03509531542658806,0.17042040824890137,0.13399727642536163,0.6881452202796936,1.3159587383270264,0.4372083246707916,0.5775295495986938,0.6770337820053101,0.6821243166923523,0.7020679712295532,0.705428957939148,0.7101771235466003,0.7364507913589478,0.7565382719039917,0.7554231286048889,0.7292560338973999,0.7637898921966553,0.6992025375366211,0.9250514507293701,1.0880917310714722,1.0937883853912354,1.1230319738388062,1.1269259452819824,1.1310721635818481,1.1701825857162476,1.2013696432113647,1.19635808467865,1.1538968086242676,1.2103099822998047,target_lookback,linear
gru,2,6,3,key,140313_1,,0.5979533791542053,0.34404897689819336,0.949619710445404,0.9321121573448181,1.2162258625030518,0.053974484789008834,2658,0.4872084273890143,0.6730400323867798,0.17061568796634674,0.04062873125076294,0.16701072454452515,0.13288283348083496,0.6842628717422485,1.0975191593170166,0.4346320927143097,0.5518410205841064,0.6107501983642578,0.6090259552001953,0.6022248268127441,0.6062875390052795,0.6099112629890442,0.617011547088623,0.6391449570655823,0.6239174008369446,0.627074658870697,0.6219244003295898,0.6934564113616943,0.8789118528366089,0.9772586226463318,0.9725990891456604,0.9577751159667969,0.9636995196342468,0.9686530232429504,0.9733749032020569,1.009398102760315,0.9850847125053406,0.989690899848938,0.9834568500518799,target_lookback,linear
gru,0,2,6,key,140120_1,,1.0316746234893799,0.456238716840744,1.7113759517669678,1.1822460889816284,3.8382561206817627,0.11482254697286012,1326,0.6870286576168929,0.7155607342720032,0.15988096594810486,0.034426700323820114,0.09428306668996811,0.0529874786734581,1.02218759059906,2.1507787704467773,0.6259518265724182,0.8616690039634705,1.0195598602294922,1.040850281715393,1.0748846530914307,1.102029800415039,1.1013320684432983,1.0917233228683472,1.1094111204147339,1.1131129264831543,1.0831034183502197,1.0787028074264526,1.0566855669021606,1.4528613090515137,1.7164217233657837,1.7447823286056519,1.7944086790084839,1.8315479755401611,1.8226364850997925,1.7963587045669556,1.8181090354919434,1.816396951675415,1.757694125175476,1.764907717704773,target_lookback,linear
gru,1,2,6,key,140120_1,,1.012402892112732,0.4559100568294525,1.6783391237258911,1.1566320657730103,3.7707767486572266,0.11482254697286012,1326,0.6689291101055806,0.7455719113349915,0.18123486638069153,0.030366411432623863,0.08795350044965744,0.06074906885623932,0.9994058012962341,2.110562562942505,0.6407202482223511,0.8542124032974243,1.009594440460205,1.0251280069351196,1.0427055358886719,1.0600488185882568,1.0704556703567505,1.0763542652130127,1.0774987936019897,1.082895278930664,1.0742628574371338,1.0716897249221802,1.0806998014450073,1.4405556917190552,1.6985392570495605,1.716877818107605,1.738818645477295,1.7610775232315063,1.7695776224136353,1.7709167003631592,1.7640289068222046,1.766985535621643,1.742516279220581,1.7520085573196411,target_lookback,linear
gru,2,2,6,key,140120_1,,1.0023314952850342,0.4533252418041229,1.6614515781402588,1.1847808361053467,3.6358585357666016,0.11482254697286012,1326,0.6870286576168929,0.709089994430542,0.181477889418602,0.017585594207048416,0.09307819604873657,0.06127697974443436,1.003480076789856,2.0832467079162598,0.6343647241592407,0.8623991012573242,1.0127928256988525,1.0146441459655762,1.0400409698486328,1.0444200038909912,1.0519521236419678,1.0578395128250122,1.0625344514846802,1.0578365325927734,1.0633487701416016,1.0657531023025513,1.071412205696106,1.4528164863586426,1.7038270235061646,1.700248122215271,1.7346280813217163,1.733263373374939,1.7391421794891357,1.7402485609054565,1.741464614868164,1.7242639064788818,1.7242120504379272,1.7419899702072144,target_lookback,linear
gru,0,12,6,key,140206_1,,0.9991340041160583,0.44964680075645447,1.6002845764160156,1.8349868059158325,0.6255578994750977,0.270935960591133,522,0.6015325670498084,0.88502037525177,0.06983017176389694,0.049271296709775925,0.07131504267454147,0.053073201328516006,0.5432831048965454,2.255279064178467,0.6336365342140198,0.7536829710006714,0.8413795232772827,1.0736202001571655,1.1309651136398315,1.272965431213379,1.2022649049758911,1.1322827339172363,1.0994950532913208,0.8897320628166199,0.8939313292503357,0.8974969387054443,1.071311354637146,1.265174150466919,1.3955315351486206,1.7639620304107666,1.8390095233917236,2.045604705810547,1.9108777046203613,1.777834415435791,1.706740379333496,1.3626604080200195,1.3530305624008179,1.380526065826416,target_lookback,linear
gru,1,9,6,key,140206_1,,0.9204273223876953,0.43147599697113037,1.4728822708129883,1.678943157196045,0.6494024395942688,0.270935960591133,522,0.6206896551724138,0.8596624135971069,0.10812036693096161,0.043709296733140945,0.05647609382867813,0.08748921751976013,0.6113776564598083,2.042235851287842,0.652417778968811,0.7909419536590576,0.8776107430458069,0.9003097414970398,1.0303832292556763,1.0227352380752563,1.048163890838623,0.9751508831977844,0.9193488359451294,0.9687256813049316,0.9215003848075867,0.9115252494812012,1.1053919792175293,1.3213707208633423,1.4560226202011108,1.4762744903564453,1.6754478216171265,1.6430624723434448,1.6637520790100098,1.5294073820114136,1.4270625114440918,1.4809634685516357,1.3930244445800781,1.4033180475234985,target_lookback,linear
gru,2,5,6,key,140206_1,,0.7194791436195374,0.3776608109474182,1.1508768796920776,0.9643880724906921,1.5446714162826538,0.270935960591133,522,0.6130268199233716,0.6662963628768921,0.09462111443281174,0.04313972219824791,0.04918043687939644,0.06505684554576874,0.5255147218704224,1.5789215564727783,0.6081939339637756,0.7423102855682373,0.6703377962112427,0.6897721886634827,0.7080581188201904,0.7109726071357727,0.7192826867103577,0.7444633841514587,0.7490272521972656,0.7572899460792542,0.7680374383926392,0.7840470671653748,1.0305886268615723,1.2437468767166138,1.1111582517623901,1.1292426586151123,1.1488438844680786,1.1411259174346924,1.1413147449493408,1.1664927005767822,1.158752202987671,1.1603584289550781,1.1619477272033691,1.2077443599700928,target_lookback,linear
gru,0,9,6,key,140207_2,,0.33471959829330444,0.16566534340381622,0.5327194929122925,0.32327982783317566,0.8753381371498108,0.270935960591133,522,0.7337164750957854,0.5465556979179382,0.08673950284719467,0.013416634872555733,0.036637432873249054,0.05034375935792923,0.2117920070886612,0.7028254270553589,0.3937980532646179,0.4438523054122925,0.35119590163230896,0.3320218026638031,0.2973678410053253,0.282802551984787,0.23762843012809753,0.25577250123023987,0.25289618968963623,0.28579917550086975,0.36601561307907104,0.4221620559692383,0.6638765931129456,0.740938663482666,0.5810534954071045,0.5435026288032532,0.48082396388053894,0.4510701894760132,0.37272244691848755,0.3958441913127899,0.38760998845100403,0.43294817209243774,0.551118016242981,0.6473073363304138,target_lookback,linear
gru,1,8,6,key,140207_2,,0.31448450684547424,0.15487611293792725,0.49941688776016235,0.359891802072525,0.7563360333442688,0.270935960591133,522,0.8333333333333334,0.5860564112663269,0.09196218103170395,0.019192088395357132,0.04007758945226669,0.05179861932992935,0.17057326436042786,0.6657469272613525,0.39631542563438416,0.41516247391700745,0.2790190577507019,0.29104068875312805,0.2713354527950287,0.26278403401374817,0.2465294897556305,0.26441046595573425,0.26351356506347656,0.2829365134239197,0.3304700553417206,0.39375239610671997,0.668321430683136,0.6924850344657898,0.45931142568588257,0.4743375778198242,0.4353891909122467,0.41846907138824463,0.3847855031490326,0.4079286754131317,0.40480712056159973,0.4294750988483429,0.4964377284049988,0.6030431389808655,target_lookback,linear
gru,2,24,6,key,140207_2,,0.44886475801467896,0.21783629059791565,0.7167053818702698,0.5517923831939697,1.0375850200653076,0.270935960591133,522,0.5478927203065134,0.39346227049827576,0.08400379866361618,0.008786238729953766,0.03876297548413277,0.0576324537396431,0.15521787106990814,0.9717563986778259,0.37617433071136475,0.44730809330940247,0.44358548521995544,0.4284694492816925,0.45121636986732483,0.4620203971862793,0.4602404236793518,0.47494176030158997,0.46134912967681885,0.47230857610702515,0.4438306391239166,0.47219863533973694,0.633345901966095,0.7477080225944519,0.7351832985877991,0.7018260359764099,0.7306709885597229,0.7407439947128296,0.7282832860946655,0.7429882884025574,0.7135468125343323,0.7220601439476013,0.6700871586799622,0.7259395718574524,target_lookback,linear
gru,0,3,6,key,140214_1,,0.7510567903518677,0.32111403346061707,1.2187833786010742,0.6909645795822144,2.1776251792907715,0.23636363636363636,726,0.8760330578512396,0.8612463474273682,0.04338884726166725,0.02949836477637291,0.045720215886831284,0.07028280198574066,0.34002816677093506,1.6527502536773682,0.5146555304527283,0.6954066157341003,0.7834758758544922,0.7645072937011719,0.7585081458091736,0.7683611512184143,0.7713038325309753,0.7685847282409668,0.7678816318511963,0.8007985353469849,0.7996568083763123,0.8058003783226013,0.8685592412948608,1.1678287982940674,1.3062829971313477,1.262144923210144,1.2439831495285034,1.2471623420715332,1.243972897529602,1.2304558753967285,1.2188175916671753,1.260244607925415,1.246571660041809,1.2733551263809204,target_lookback,linear
gru,1,3,6,key,140214_1,,0.7924992442131042,0.35369646549224854,1.2866566181182861,0.7956903576850891,2.226769208908081,0.23636363636363636,726,0.849862258953168,0.877875030040741,0.044200051575899124,0.017993343994021416,0.04298634082078934,0.0486624538898468,0.4378552734851837,1.7283250093460083,0.5012333989143372,0.6810241341590881,0.8023779392242432,0.8032519817352295,0.813398540019989,0.8188378810882568,0.8319277167320251,0.8414352536201477,0.8396432399749756,0.844785749912262,0.8501003384590149,0.854184091091156,0.8464167714118958,1.1425734758377075,1.338033676147461,1.3283843994140625,1.334282636642456,1.3330450057983398,1.343135952949524,1.347010850906372,1.3316477537155151,1.32925546169281,1.3257588148117065,1.3500525951385498,target_lookback,linear
gru,2,4,6,key,140214_1,,0.7872726321220398,0.3630791902542114,1.2782706022262573,0.8799430131912231,2.1003310680389404,0.23636363636363636,726,0.8402203856749312,0.8043383359909058,0.05099782347679138,0.02201521024107933,0.021668000146746635,0.04947642982006073,0.4033830165863037,1.7240684032440186,0.4996030032634735,0.674665629863739,0.7954539656639099,0.7951228618621826,0.800466001033783,0.8101463913917542,0.8101469874382019,0.8190943598747253,0.8313456177711487,0.8517290949821472,0.8702903985977173,0.8635004758834839,0.8432950973510742,1.1327260732650757,1.325118064880371,1.3152762651443481,1.31375253200531,1.3185111284255981,1.3080523014068604,1.3104901313781738,1.3197197914123535,1.3403488397598267,1.3576592206954956,1.3650422096252441,target_lookback,linear
gru,0,4,6,key,140214_2,,0.6404798030853271,0.31780126690864563,1.0003072023391724,1.013550043106079,0.9680474996566772,0.29577464788732394,522,0.8505747126436781,0.8488620519638062,0.08973710238933563,0.02671230398118496,0.04920213669538498,0.043472688645124435,0.19040009379386902,1.3921884298324585,0.4666955769062042,0.6170533895492554,0.5940151214599609,0.6345344185829163,0.6377004981040955,0.6432450413703918,0.6627435088157654,0.6639212369918823,0.6663811802864075,0.6849939823150635,0.7032517194747925,0.7238274812698364,0.7675248384475708,1.0061278343200684,0.9574281573295593,1.010345220565796,1.0057637691497803,1.003927230834961,1.0206407308578491,1.012103796005249,1.0035921335220337,1.0183906555175781,1.063672661781311,1.1141458749771118,target_lookback,linear
gru,1,3,6,key,140214_2,,0.5677646994590759,0.2959098517894745,0.8867515921592712,0.9663024544715881,0.6598084568977356,0.29577464788732394,522,0.9061302681992337,0.9279017448425293,0.07001524418592453,0.029910027980804443,0.04558549076318741,0.0491354800760746,0.31182152032852173,1.2067652940750122,0.4677038788795471,0.6058588027954102,0.5827152729034424,0.5566718578338623,0.5459981560707092,0.5661750435829163,0.5604444146156311,0.5565044283866882,0.589478611946106,0.5931208729743958,0.586564302444458,0.6058672666549683,0.7692848443984985,0.9870431423187256,0.940116286277771,0.8852498531341553,0.8617207407951355,0.8834319114685059,0.8645088076591492,0.8484597206115723,0.8870459198951721,0.8823848366737366,0.8872721791267395,0.9319960474967957,target_lookback,linear
gru,2,4,6,key,140214_2,,0.5638376474380493,0.2902497351169586,0.8805853128433228,0.8768771290779114,0.8893521428108215,0.29577464788732394,522,0.9003831417624522,0.9177590012550354,0.07465528696775436,0.0272951852530241,0.04999255761504173,0.03552709519863129,0.2789784073829651,1.205675721168518,0.4730554521083832,0.6085569262504578,0.5408086776733398,0.5437268614768982,0.537860631942749,0.5548453330993652,0.5495725870132446,0.5664383172988892,0.5820735096931458,0.5997399687767029,0.6028575897216797,0.615234911441803,0.7778704762458801,0.9896612167358398,0.8719496726989746,0.8680828213691711,0.8483717441558838,0.8659900426864624,0.8470830917358398,0.8632316589355469,0.8775275349617004,0.8926113843917847,0.911167562007904,0.9452657103538513,target_lookback,linear
gru,0,5,6,key,140227_1,,0.46501076221466064,0.2468028962612152,0.7848885655403137,0.6966138482093811,1.498586654663086,0.07428571428571429,2538,0.789204097714736,0.7353305816650391,0.1257908046245575,0.014673041179776192,0.06327309459447861,0.05408530309796333,0.46760740876197815,0.9806358218193054,0.3513917028903961,0.48054781556129456,0.49963411688804626,0.4805653393268585,0.47790443897247314,0.4705974757671356,0.45347484946250916,0.44633230566978455,0.5172134637832642,0.465755432844162,0.4478188753128052,0.4708596467971802,0.5978699922561646,0.8202621340751648,0.8508369326591492,0.8162580132484436,0.80721515417099,0.7956249117851257,0.7645395398139954,0.7487758994102478,0.8676794767379761,0.7787353992462158,0.7476414442062378,0.790043294429779,target_lookback,linear
gru,1,3,6,key,140227_1,,0.4250398576259613,0.1718086451292038,0.7159701585769653,0.3961419463157654,2.223733901977539,0.07428571428571429,2538,0.9401103230890465,0.8513107895851135,0.12657791376113892,0.004889618139714003,0.06647825986146927,0.054786328226327896,0.28605562448501587,0.9419390559196472,0.32829931378364563,0.42805787920951843,0.45682528614997864,0.4598942995071411,0.43516871333122253,0.4391520023345947,0.4298039674758911,0.435441255569458,0.4235145151615143,0.4143611192703247,0.4137115478515625,0.42247939109802246,0.5573545098304749,0.7283681035041809,0.7761679291725159,0.7800448536872864,0.7347455024719238,0.739978551864624,0.7231802344322205,0.7303146123886108,0.7090653777122498,0.6915183067321777,0.6890152096748352,0.7068439722061157,target_lookback,linear
gru,2,3,6,key,140227_1,,0.44324785470962524,0.17561452090740204,0.7468029856681824,0.3642288148403168,2.4196109771728516,0.07428571428571429,2538,0.9680851063829787,0.8759642243385315,0.12864233553409576,0.008847015909850597,0.06663862615823746,0.06484813988208771,0.32558339834213257,0.9749605655670166,0.3322685658931732,0.42422011494636536,0.45493781566619873,0.4529201090335846,0.4422742426395416,0.4490121006965637,0.4562525749206543,0.46733659505844116,0.4606744349002838,0.46005359292030334,0.4489057660102844,0.45754653215408325,0.5647291541099548,0.7190495133399963,0.772345244884491,0.7665762305259705,0.7481313347816467,0.7579064965248108,0.7679047584533691,0.7834034562110901,0.7719539999961853,0.7691285014152527,0.7483125329017639,0.7667579054832458,target_lookback,linear
gru,0,5,6,key,140313_1,,0.6583069562911987,0.38202667236328125,1.047292709350586,1.0375456809997559,1.205402135848999,0.053974484789008834,2658,0.4653875094055681,0.7704766988754272,0.16798001527786255,0.031450774520635605,0.18589632213115692,0.13818702101707458,0.6769701242446899,1.2420673370361328,0.43201205134391785,0.5939768552780151,0.7033014893531799,0.6709730625152588,0.6681872010231018,0.6860139966011047,0.6799818873405457,0.6636989116668701,0.6887707710266113,0.6764111518859863,0.6861789226531982,0.7094253301620483,0.6909180283546448,0.9510257840156555,1.128285527229309,1.0719965696334839,1.06387460231781,1.0894088745117188,1.0819450616836548,1.0533393621444702,1.0918464660644531,1.0686967372894287,1.0786410570144653,1.1239763498306274,target_lookback,linear
gru,1,5,6,key,140313_1,,0.6615700721740723,0.38194799423217773,1.0543742179870605,1.0423768758773804,1.2460389137268066,0.053974484789008834,2658,0.5127915726109857,0.758124589920044,0.16773581504821777,0.03248710557818413,0.1659790277481079,0.13170720636844635,0.6814969778060913,1.2504851818084717,0.43368077278137207,0.5879009962081909,0.6677908301353455,0.6614358425140381,0.675356388092041,0.7132552266120911,0.7207075357437134,0.7062349319458008,0.6809349060058594,0.6616035103797913,0.6928043365478516,0.6935689449310303,0.6943132281303406,0.9419373273849487,1.0728729963302612,1.0590356588363647,1.0785393714904785,1.1371079683303833,1.1496104001998901,1.123905897140503,1.0805975198745728,1.048252820968628,1.0931121110916138,1.0941144227981567,target_lookback,linear
gru,2,5,6,key,140313_1,,0.6184129118919373,0.3464430868625641,0.9842886924743652,0.9832425713539124,1.0024478435516357,0.053974484789008834,2658,0.6455981941309256,0.7455339431762695,0.16424430906772614,0.02834302932024002,0.16149203479290009,0.1323014348745346,0.6821587681770325,1.149096965789795,0.4362994432449341,0.5675285458564758,0.6367089152336121,0.6415892839431763,0.640044093132019,0.6403487324714661,0.6358233690261841,0.6319562792778015,0.6314763426780701,0.6428939700126648,0.6434539556503296,0.6462913155555725,0.6987433433532715,0.9087526202201843,1.0202820301055908,1.027392864227295,1.0208930969238281,1.0206190347671509,1.0092154741287231,1.003106951713562,1.0004558563232422,1.0148292779922485,1.0156413316726685,1.022381067276001,target_lookback,linear
gru,0,2,12,key,140120_1,,1.0191243886947632,0.4538750946521759,1.6899216175079346,1.1798279285430908,3.7604148387908936,0.11482254697286012,1326,0.6538461538461539,0.7296156883239746,0.1688423901796341,0.035821836441755295,0.09318475425243378,0.06384153664112091,1.021060585975647,2.118777275085449,0.635918140411377,0.8655517101287842,1.0395686626434326,1.040163516998291,1.063198447227478,1.081066608428955,1.066707968711853,1.0711891651153564,1.0806894302368164,1.0857210159301758,1.070056438446045,1.0622385740280151,1.0734411478042603,1.4588035345077515,1.7504762411117554,1.7441617250442505,1.7745590209960938,1.7964783906936646,1.7634670734405518,1.763446569442749,1.769256830215454,1.7694860696792603,1.7367781400680542,1.735975742340088,target_lookback,linear
gru,1,2,12,key,140120_1,,1.0254197120666504,0.45658615231513977,1.7000751495361328,1.1650584936141968,3.8350329399108887,0.11482254697286012,1326,0.6644042232277526,0.7563449144363403,0.18141263723373413,0.033340148627758026,0.08632233738899231,0.061206139624118805,1.0166977643966675,2.1360366344451904,0.6450850963592529,0.8687660098075867,1.0228880643844604,1.05861234664917,1.0663903951644897,1.070824146270752,1.0732394456863403,1.0749225616455078,1.0911122560501099,1.0904818773269653,1.0848171710968018,1.092992901802063,1.0890024900436401,1.465559482574463,1.7219781875610352,1.7741317749023438,1.7791470289230347,1.779115080833435,1.7736592292785645,1.7673002481460571,1.7865604162216187,1.7769582271575928,1.7597506046295166,1.7883776426315308,target_lookback,linear
gru,2,2,12,key,140120_1,,1.0061711072921753,0.45290607213974,1.667851448059082,1.1733118295669556,3.689650535583496,0.11482254697286012,1326,0.6817496229260935,0.7345120906829834,0.18254147469997406,0.024240996688604355,0.09045728296041489,0.06057337671518326,1.0006996393203735,2.0941433906555176,0.6245115995407104,0.8641666173934937,1.0173747539520264,1.0252374410629272,1.0294740200042725,1.0407289266586304,1.066975474357605,1.065848469734192,1.0720809698104858,1.0657793283462524,1.0705000162124634,1.0663635730743408,1.0545779466629028,1.4567586183547974,1.710728645324707,1.7166306972503662,1.716077446937561,1.7281129360198975,1.76262629032135,1.7552040815353394,1.7564892768859863,1.7372514009475708,1.7364752292633057,1.744138479232788,target_lookback,linear
gru,0,34,12,key,140206_1,,0.7335439920425415,0.36039331555366516,1.1724331378936768,1.3411974906921387,0.482789546251297,0.270935960591133,522,0.6226053639846744,0.6168785691261292,0.1268453449010849,0.030667832121253014,0.06718476116657257,0.04440110921859741,0.6689985394477844,1.5517289638519287,0.672869086265564,0.8511074781417847,0.9865625500679016,0.9172106385231018,0.865745484828949,0.8266444802284241,0.7326430082321167,0.5786811709403992,0.5037070512771606,0.5037435293197632,0.48469674587249756,0.48193734884262085,1.1390705108642578,1.4265557527542114,1.6330845355987549,1.5061156749725342,1.4061243534088135,1.3272653818130493,1.1614431142807007,0.9059697985649109,0.7778578400611877,0.7700355648994446,0.7265201807022095,0.737593412399292,target_lookback,linear
gru,1,10,12,key,140206_1,,0.846394419670105,0.41258180141448975,1.353747844696045,1.5209758281707764,0.734180748462677,0.270935960591133,522,0.6091954022988506,0.9045000672340393,0.11653491109609604,0.03585672006011009,0.06721056252717972,0.075412817299366,0.6349227428436279,1.8509286642074585,0.6167598962783813,0.7430831789970398,0.8236802816390991,0.8469769358634949,0.9114541411399841,0.9118367433547974,0.9081911444664001,0.8920069932937622,0.9218267202377319,0.9062695503234863,0.8325858116149902,0.8325901031494141,1.0456408262252808,1.245639443397522,1.3601641654968262,1.3890902996063232,1.4806022644042969,1.4629822969436646,1.442879319190979,1.399234652519226,1.4294428825378418,1.3887553215026855,1.2582309246063232,1.2757680416107178,target_lookback,linear
gru,2,13,12,key,140206_1,,0.9769784212112427,0.43557679653167725,1.5641288757324219,1.8049410581588745,0.5131571888923645,0.270935960591133,522,0.5555555555555556,0.8233341574668884,0.0970320999622345,0.04143033176660538,0.06838946044445038,0.06883694231510162,0.5418411493301392,2.2013845443725586,0.6438885927200317,0.8646314740180969,0.9981243014335632,1.058382272720337,1.0577304363250732,1.051864743232727,1.0867180824279785,1.0454978942871094,0.9943695068359375,0.9847110509872437,0.9776163697242737,0.9086364507675171,1.0913615226745605,1.448451280593872,1.6566612720489502,1.738059401512146,1.719984769821167,1.6906919479370117,1.722963809967041,1.6422475576400757,1.5417767763137817,1.5093071460723877,1.4765533208847046,1.3989571332931519,target_lookback,linear
gru,0,3,12,key,140207_2,,0.49808424711227417,0.21746250987052917,0.7958956360816956,0.32903575897216797,1.4306206703186035,0.270935960591133,522,0.896551724137931,0.9611601233482361,0.08856631815433502,0.016063254326581955,0.04207443818449974,0.045213427394628525,0.20137545466423035,1.074700117111206,0.4092760980129242,0.5085309743881226,0.4602545201778412,0.42117613554000854,0.39779993891716003,0.4820801317691803,0.5070710778236389,0.5631083250045776,0.5769174695014954,0.49341580271720886,0.5540993809700012,0.6001246571540833,0.6886159181594849,0.850477933883667,0.7626965045928955,0.6896404027938843,0.644680380821228,0.7730730772018433,0.8042817711830139,0.8822489976882935,0.8934893608093262,0.754287838935852,0.8378520607948303,0.9228560328483582,target_lookback,linear
gru,1,3,12,key,140207_2,,0.4865209758281708,0.2217489331960678,0.7765240669250488,0.3040674030780792,1.405982255935669,0.270935960591133,522,0.8773946360153256,0.9481167197227478,0.08575867116451263,0.009422970935702324,0.04864810034632683,0.07458949089050293,0.2808183431625366,1.031518578529358,0.4131107032299042,0.4989672303199768,0.4267658293247223,0.45108550786972046,0.5108847618103027,0.48801207542419434,0.48242443799972534,0.5043115615844727,0.5438545942306519,0.5334683060646057,0.4951798915863037,0.495748907327652,0.6949586272239685,0.8337462544441223,0.7058333158493042,0.7388877272605896,0.8278103470802307,0.7825192809104919,0.7644989490509033,0.7878380417823792,0.8396397829055786,0.815269410610199,0.7482863068580627,0.7615224123001099,target_lookback,linear
gru,2,10,12,key,140207_2,,0.3759574592113495,0.17770393192768097,0.5983530282974243,0.3962962329387665,0.9480684399604797,0.270935960591133,522,0.7432950191570882,0.5047578811645508,0.08667881041765213,0.00993372406810522,0.05114299803972244,0.06546963006258011,0.1379939615726471,0.8100659251213074,0.39055079221725464,0.3918195962905884,0.27076926827430725,0.2818460166454315,0.2914038300514221,0.29496321082115173,0.31766122579574585,0.32759788632392883,0.3641923666000366,0.4035710394382477,0.4878479242324829,0.6093129515647888,0.6578990817070007,0.6531845927238464,0.44669798016548157,0.45790767669677734,0.46805039048194885,0.46473509073257446,0.49419763684272766,0.5100824236869812,0.5628648996353149,0.6171111464500427,0.7368351221084595,0.9371125102043152,target_lookback,linear
gru,0,3,12,key,140214_1,,0.7564148306846619,0.3391644358634949,1.2276817560195923,0.7931625843048096,2.084256887435913,0.23636363636363636,726,0.8608815426997245,0.8376781940460205,0.06083299592137337,0.03603408485651016,0.027750972658395767,0.05178707465529442,0.34373775124549866,1.6645867824554443,0.5050085186958313,0.6811516880989075,0.7724159359931946,0.7689553499221802,0.7612212896347046,0.7769917845726013,0.7799351811408997,0.7800145149230957,0.7973436117172241,0.8045662045478821,0.8133103847503662,0.8202329874038696,0.8546816110610962,1.1418695449829102,1.2876490354537964,1.2720054388046265,1.2494759559631348,1.2649695873260498,1.2581852674484253,1.2481554746627808,1.2653944492340088,1.2627702951431274,1.2684181928634644,1.2947758436203003,target_lookback,linear
gru,1,4,12,key,140214_1,,0.7826175689697266,0.3651016354560852,1.2701777219772339,0.8710547089576721,2.091510534286499,0.23636363636363636,726,0.8292011019283747,0.8616706132888794,0.04306454956531525,0.03426486626267433,0.05591539666056633,0.05201543867588043,0.40188097953796387,1.7129290103912354,0.5032781362533569,0.6725234985351562,0.7942137122154236,0.8008761405944824,0.8008944988250732,0.8098441958427429,0.8168285489082336,0.8247061371803284,0.8265203237533569,0.8337153196334839,0.8419232964515686,0.8410124182701111,0.8495190739631653,1.1292507648468018,1.3223392963409424,1.324557900428772,1.3138223886489868,1.3183244466781616,1.3173364400863647,1.3193215131759644,1.3103581666946411,1.3111166954040527,1.3132593631744385,1.3289566040039062,target_lookback,linear
gru,2,4,12,key,140214_1,,0.7593535780906677,0.3276379108428955,1.2326922416687012,0.7048298120498657,2.1963112354278564,0.23636363636363636,726,0.8443526170798898,0.8313178420066833,0.04737767204642296,0.015102099627256393,0.03539147973060608,0.05890265479683876,0.38356828689575195,1.6637420654296875,0.5109269618988037,0.6698766350746155,0.764663815498352,0.7555514574050903,0.7762147188186646,0.781144917011261,0.7858927249908447,0.7951540946960449,0.8009334206581116,0.8095026612281799,0.8173014521598816,0.8305335640907288,0.8607519268989563,1.1245522499084473,1.2749419212341309,1.2498973608016968,1.273898720741272,1.2711693048477173,1.2688244581222534,1.273006558418274,1.2712047100067139,1.2724475860595703,1.2746554613113403,1.3118319511413574,target_lookback,linear
gru,0,4,12,key,140214_2,,0.6676186323165894,0.32593339681625366,1.0430322885513306,1.1128240823745728,0.8542102575302124,0.29577464788732394,522,0.8524904214559387,0.8718703985214233,0.08129700273275375,0.027264820411801338,0.05068822577595711,0.0482366569340229,0.18505774438381195,1.4533814191818237,0.467948853969574,0.6274686455726624,0.6457281112670898,0.6809272766113281,0.6828194260597229,0.6958556771278381,0.7075966000556946,0.6970549821853638,0.7125478386878967,0.7038828134536743,0.7021244764328003,0.6887199282646179,0.769627034664154,1.022430658340454,1.0420637130737305,1.086560606956482,1.0770224332809448,1.0859508514404297,1.0926038026809692,1.0627784729003906,1.0739774703979492,1.045867681503296,1.0612741708755493,1.0584994554519653,target_lookback,linear
gru,1,3,12,key,140214_2,,0.6007492542266846,0.3035053312778473,0.9381710886955261,1.0434508323669434,0.6192253232002258,0.29577464788732394,522,0.8563218390804598,0.9233323335647583,0.07097779214382172,0.023171111941337585,0.05462472513318062,0.0589226558804512,0.28217828273773193,1.2878152132034302,0.46671244502067566,0.6135061979293823,0.5659481883049011,0.549444317817688,0.583362877368927,0.6206905841827393,0.6443478465080261,0.6453571915626526,0.6448184251785278,0.6347097754478455,0.6134154200553894,0.6337364315986633,0.767534613609314,0.9989252686500549,0.9103051424026489,0.8765084147453308,0.920687735080719,0.9686018228530884,0.9950894117355347,0.9820134043693542,0.9711042046546936,0.9434045553207397,0.9277758002281189,0.9749950766563416,target_lookback,linear
gru,2,3,12,key,140214_2,,0.6421012282371521,0.32428768277168274,1.0018138885498047,1.13594388961792,0.5665003061294556,0.29577464788732394,522,0.8333333333333334,0.9229750633239746,0.11138654500246048,0.03288407623767853,0.06189987435936928,0.03578699380159378,0.2762709856033325,1.380281925201416,0.4739122688770294,0.631976306438446,0.6317340731620789,0.6281967163085938,0.6168148517608643,0.6230217814445496,0.663982629776001,0.6720847487449646,0.7161619067192078,0.6959918141365051,0.6715595722198486,0.688430666923523,0.7784469127655029,1.0291308164596558,1.0152403116226196,1.0004279613494873,0.9726599454879761,0.9722836017608643,1.024193525314331,1.0238808393478394,1.0760498046875,1.0337411165237427,1.0131195783615112,1.0580278635025024,target_lookback,linear
gru,0,3,12,key,140227_1,,0.4409129321575165,0.19253748655319214,0.7432235479354858,0.43924781680107117,2.2431204319000244,0.07428571428571429,2538,0.9243498817966903,0.8347868323326111,0.12508279085159302,0.01377883180975914,0.06680800020694733,0.05899962782859802,0.391683965921402,0.948337733745575,0.33128824830055237,0.4397941827774048,0.4765586853027344,0.4762689769268036,0.4725634455680847,0.44389963150024414,0.4502701461315155,0.4330771565437317,0.44085752964019775,0.4540667235851288,0.43029096722602844,0.4243553876876831,0.5643430948257446,0.7472894787788391,0.8103786110877991,0.8086908459663391,0.7996156811714172,0.7494797110557556,0.7574809193611145,0.726301372051239,0.7389506101608276,0.7596586346626282,0.7149978876113892,0.709605872631073,target_lookback,linear
gru,1,3,12,key,140227_1,,0.41086727380752563,0.1593383103609085,0.6919122934341431,0.3561471998691559,2.2054431438446045,0.07428571428571429,2538,0.9637509850275807,0.861281156539917,0.12530066072940826,0.004547822754830122,0.06604678183794022,0.04696173965930939,0.2494962364435196,0.9170333743095398,0.3197802007198334,0.4037542939186096,0.4238332509994507,0.4095386862754822,0.4033222496509552,0.42293107509613037,0.4205474257469177,0.4394899904727936,0.4287148416042328,0.4167703688144684,0.41796326637268066,0.4144023060798645,0.540973424911499,0.6873044967651367,0.7187880873680115,0.6937916874885559,0.6805148124694824,0.7129817008972168,0.7078933715820312,0.7375131249427795,0.717850923538208,0.6958341598510742,0.6964321732521057,0.6934719085693359,target_lookback,linear
gru,2,3,12,key,140227_1,,0.4460148513317108,0.1740851253271103,0.7514159679412842,0.3543637990951538,2.456805467605591,0.07428571428571429,2538,0.9696611505122144,0.8639931082725525,0.1295209378004074,0.010737648233771324,0.06951796263456345,0.06259305775165558,0.31633591651916504,0.9841911792755127,0.32939445972442627,0.42733967304229736,0.4680399000644684,0.47235462069511414,0.4504818618297577,0.4573214054107666,0.4570440351963043,0.4635408818721771,0.4540635049343109,0.4553632438182831,0.4446142017841339,0.45764485001564026,0.5600849390029907,0.7266825437545776,0.7959182262420654,0.798019289970398,0.7616150379180908,0.7702575325965881,0.7690669298171997,0.7775647044181824,0.7610401511192322,0.7612141966819763,0.7409905195236206,0.7659037113189697,target_lookback,linear
gru,0,10,12,key,140313_1,,0.7767099142074585,0.4376814663410187,1.2422059774398804,1.1992639303207397,1.8386589288711548,0.053974484789008834,2658,0.42626034612490593,0.4783051013946533,0.16358108818531036,0.02867349050939083,0.17506377398967743,0.1305345594882965,0.6516469120979309,1.5245046615600586,0.43724486231803894,0.6360386610031128,0.8799620866775513,0.8399026393890381,0.818541407585144,0.8071389198303223,0.7942836284637451,0.8032523989677429,0.7932173013687134,0.7969073057174683,0.8087607026100159,0.8132514953613281,0.6998972296714783,1.0220065116882324,1.4207535982131958,1.352356195449829,1.3121163845062256,1.2922779321670532,1.2684130668640137,1.2788282632827759,1.2607860565185547,1.2657155990600586,1.2810975313186646,1.2914656400680542,target_lookback,linear
gru,1,5,12,key,140313_1,,0.6883436441421509,0.3959886133670807,1.0975406169891357,1.0855505466461182,1.2897205352783203,0.053974484789008834,2658,0.5364936042136945,0.8091197609901428,0.16276255249977112,0.03208618238568306,0.17801161110401154,0.1349019706249237,0.6879926323890686,1.3096792697906494,0.4381655752658844,0.6191827654838562,0.7266247272491455,0.7164203524589539,0.721206545829773,0.7570526599884033,0.7091301679611206,0.6995472311973572,0.7224923968315125,0.7077692747116089,0.6950910687446594,0.6973083019256592,0.6998846530914307,0.9941321015357971,1.1696796417236328,1.1494663953781128,1.1536812782287598,1.2092374563217163,1.1296172142028809,1.1101078987121582,1.1439392566680908,1.1177542209625244,1.0979293584823608,1.1057881116867065,target_lookback,linear
gru,2,6,12,key,140313_1,,0.6923948526382446,0.39646250009536743,1.1046935319900513,1.076139211654663,1.520462989807129,0.053974484789008834,2658,0.4860797592174567,0.6247060298919678,0.1659298688173294,0.0290828850120306,0.16937726736068726,0.13251210749149323,0.6864889860153198,1.3203998804092407,0.4378390312194824,0.5826801061630249,0.7154548168182373,0.7266127467155457,0.7086063027381897,0.7269216775894165,0.7460097074508667,0.7402284145355225,0.7277568578720093,0.7144535779953003,0.7016311883926392,0.7254524827003479,0.7003272771835327,0.9343073964118958,1.1509367227554321,1.1672828197479248,1.1359394788742065,1.1622837781906128,1.1909915208816528,1.17795729637146,1.1535929441452026,1.1277258396148682,1.1080704927444458,1.1476279497146606,target_lookback,linear
gru,0,2,18,key,140120_1,,1.0233449935913086,0.45362967252731323,1.6970784664154053,1.172351360321045,3.8062326908111572,0.11482254697286012,1326,0.6757164404223228,0.7447950839996338,0.16853708028793335,0.023825937882065773,0.09486554563045502,0.060388725250959396,1.0218032598495483,2.1293020248413086,0.6334352493286133,0.8723434805870056,1.0399043560028076,1.052151083946228,1.0691152811050415,1.08452308177948,1.0736815929412842,1.0814425945281982,1.0795825719833374,1.0857611894607544,1.0689464807510376,1.069982647895813,1.069344401359558,1.4712755680084229,1.7503005266189575,1.7630646228790283,1.7836858034133911,1.800955057144165,1.7760199308395386,1.7785381078720093,1.7675920724868774,1.771046757698059,1.7365291118621826,1.7511507272720337,target_lookback,linear
gru,1,2,18,key,140120_1,,1.0037323236465454,0.45496562123298645,1.6639740467071533,1.1696560382843018,3.683346748352051,0.11482254697286012,1326,0.6923076923076923,0.7457866668701172,0.18009619414806366,0.021349672228097916,0.0844041183590889,0.06833205372095108,0.9962781667709351,2.0901756286621094,0.6266857981681824,0.8555642366409302,1.0099564790725708,1.0298413038253784,1.038588285446167,1.0440983772277832,1.0499833822250366,1.0520617961883545,1.0680253505706787,1.0694530010223389,1.0658636093139648,1.0704984664916992,1.058235764503479,1.4431110620498657,1.6998140811920166,1.7256789207458496,1.7306773662567139,1.7349510192871094,1.7358797788619995,1.7314366102218628,1.748957872390747,1.743417501449585,1.7283083200454712,1.749686598777771,target_lookback,linear
gru,2,2,18,key,140120_1,,0.9955800771713257,0.45080092549324036,1.6502374410629272,1.1779444217681885,3.6083996295928955,0.11482254697286012,1326,0.6832579185520362,0.737059473991394,0.17951041460037231,0.023018818348646164,0.0943414717912674,0.058836761862039566,0.9934006929397583,2.070617198944092,0.6253716349601746,0.8574249744415283,1.0127084255218506,1.0135772228240967,1.027016520500183,1.0383198261260986,1.0356825590133667,1.0505613088607788,1.0507590770721436,1.0565345287322998,1.0579369068145752,1.0599706172943115,1.053112268447876,1.44554603099823,1.7025212049484253,1.699529767036438,1.7118386030197144,1.7231078147888184,1.7118136882781982,1.727797031402588,1.722700595855713,1.7229881286621094,1.7158279418945312,1.7335771322250366,target_lookback,linear
gru,0,15,18,key,140206_1,,0.902590274810791,0.38805824518203735,1.445236325263977,1.6679253578186035,0.4724296033382416,0.270935960591133,522,0.60727969348659,0.6887158751487732,0.08069370687007904,0.031124431639909744,0.05576705560088158,0.07636027038097382,0.4954870045185089,2.0354628562927246,0.6394562125205994,0.7844105958938599,0.8380369544029236,0.8943585157394409,0.9391167759895325,0.9815980195999146,0.9536167979240417,0.9550480246543884,0.9877532124519348,0.9621194005012512,0.9573260545730591,0.9405666589736938,1.0817182064056396,1.315710425376892,1.3913486003875732,1.4704164266586304,1.5265260934829712,1.5721439123153687,1.5154683589935303,1.499758005142212,1.532279372215271,1.4735429286956787,1.4491941928863525,1.448685884475708,target_lookback,linear
gru,1,10,18,key,140206_1,,0.8647515773773193,0.38997209072113037,1.3844668865203857,1.5816537141799927,0.585566520690918,0.270935960591133,522,0.6724137931034483,0.8198146820068359,0.06941080093383789,0.04357752948999405,0.0676819309592247,0.06718108057975769,0.5038641095161438,1.9416885375976562,0.6229592561721802,0.7449961304664612,0.8953381180763245,0.8627112507820129,0.8983869552612305,0.9419951438903809,0.9908928871154785,0.9527974724769592,0.8684695363044739,0.8482120037078857,0.866859495639801,0.8592929244041443,1.0561658143997192,1.2475173473358154,1.4869945049285889,1.4166011810302734,1.4579228162765503,1.513119101524353,1.5751551389694214,1.4955813884735107,1.3476542234420776,1.2974870204925537,1.3116544485092163,1.3222512006759644,target_lookback,linear
gru,2,8,18,key,140206_1,,0.7765811085700989,0.39093321561813354,1.2430260181427002,1.2934781312942505,1.0957887172698975,0.270935960591133,522,0.5134099616858238,0.7862868309020996,0.05653170496225357,0.04611825942993164,0.05951036140322685,0.07736605405807495,0.49293217062950134,1.7310250997543335,0.622058093547821,0.7568221688270569,0.7478537559509277,0.7689781188964844,0.7720578908920288,0.7667547464370728,0.7768041491508484,0.7941191792488098,0.8138335347175598,0.8544970154762268,0.835334300994873,0.829784095287323,1.0531790256500244,1.269087553024292,1.2401419878005981,1.2622617483139038,1.2536195516586304,1.2309106588363647,1.2327651977539062,1.2446225881576538,1.2622734308242798,1.3098093271255493,1.2648589611053467,1.277143120765686,target_lookback,linear
gru,0,9,18,key,140207_2,,0.3681787848472595,0.18893641233444214,0.5864682197570801,0.4127402603626251,0.9005894064903259,0.270935960591133,522,0.7241379310344828,0.5318069458007812,0.08972058445215225,0.01968187279999256,0.045045752078294754,0.041288379579782486,0.2630036771297455,0.7652741074562073,0.3901340365409851,0.42057186365127563,0.31791815161705017,0.32790258526802063,0.30393096804618835,0.32218143343925476,0.3334350287914276,0.32492151856422424,0.34618034958839417,0.35112327337265015,0.41467738151550293,0.5287832617759705,0.657943606376648,0.7016482353210449,0.5216788053512573,0.5355510711669922,0.4904922544956207,0.5136550068855286,0.5252512097358704,0.5073886513710022,0.5340328812599182,0.5356634259223938,0.6259550452232361,0.8124465346336365,target_lookback,linear
gru,1,4,18,key,140207_2,,0.37457403540611267,0.18595103919506073,0.5967617630958557,0.34039148688316345,1.001318097114563,0.270935960591133,522,0.9674329501915708,0.9121023416519165,0.08478223532438278,0.016409149393439293,0.050124961882829666,0.0474562868475914,0.21154190599918365,0.7937373518943787,0.38171014189720154,0.4300950765609741,0.30968794226646423,0.3368023931980133,0.34051400423049927,0.322035014629364,0.34797847270965576,0.3644848167896271,0.37678593397140503,0.4078565239906311,0.41470256447792053,0.4514985978603363,0.6434041261672974,0.7134712338447571,0.5116013288497925,0.5503256320953369,0.5495738387107849,0.5135844349861145,0.5505111217498779,0.5706605315208435,0.5813739895820618,0.6235170960426331,0.6258668303489685,0.692960798740387,target_lookback,linear
gru,2,7,18,key,140207_2,,0.3658733069896698,0.17534901201725006,0.582352876663208,0.35318851470947266,0.9571030735969543,0.270935960591133,522,0.8754789272030651,0.660484790802002,0.09214002639055252,0.022349774837493896,0.04567939043045044,0.048791225999593735,0.18143440783023834,0.7800588607788086,0.3831271231174469,0.3938392400741577,0.2729252874851227,0.29014885425567627,0.32156819105148315,0.28645560145378113,0.29539987444877625,0.33667048811912537,0.3542200028896332,0.366563081741333,0.4556250274181366,0.5729308128356934,0.6454448103904724,0.6556167006492615,0.44949090480804443,0.4699106514453888,0.5191801190376282,0.4540087878704071,0.4639902114868164,0.5235360860824585,0.5470105409622192,0.5597929954528809,0.6878914833068848,0.880422055721283,target_lookback,linear
gru,0,4,18,key,140214_1,,0.7212626338005066,0.3142266273498535,1.1707638502120972,0.7333683967590332,2.0153069496154785,0.23636363636363636,726,0.8636363636363636,0.8037593364715576,0.055024463683366776,0.02766890823841095,0.03675099089741707,0.0389728918671608,0.33820369839668274,1.585426688194275,0.5054791569709778,0.6636282205581665,0.7396240234375,0.7306504249572754,0.7457818984985352,0.7444576025009155,0.7465466260910034,0.738091766834259,0.7601125836372375,0.749323844909668,0.7519858479499817,0.7685999274253845,0.8547664880752563,1.1120538711547852,1.233290433883667,1.2083103656768799,1.223386287689209,1.2119134664535522,1.2054650783538818,1.181628942489624,1.2033077478408813,1.1790238618850708,1.1729679107666016,1.2148315906524658,target_lookback,linear
gru,1,4,18,key,140214_1,,0.7882814407348633,0.35845208168029785,1.2801110744476318,0.8583999872207642,2.1336123943328857,0.23636363636363636,726,0.8581267217630854,0.8596238493919373,0.050666116178035736,0.017259854823350906,0.019279466941952705,0.036393411457538605,0.391486257314682,1.7291635274887085,0.49968278408050537,0.6857020258903503,0.8059367537498474,0.804596483707428,0.8023938536643982,0.8141298890113831,0.8124664425849915,0.8207988739013672,0.8278872966766357,0.8420743346214294,0.8531378507614136,0.8644155859947205,0.8456823825836182,1.1521413326263428,1.3437716960906982,1.3311529159545898,1.3169323205947876,1.3251566886901855,1.3117667436599731,1.3136625289916992,1.3141053915023804,1.324726939201355,1.3302701711654663,1.3658677339553833,target_lookback,linear
gru,2,4,18,key,140214_1,,0.7566967606544495,0.33114734292030334,1.2285810708999634,0.7236390113830566,2.166602849960327,0.23636363636363636,726,0.8388429752066116,0.8286884427070618,0.04431520774960518,0.018183793872594833,0.03521377593278885,0.0462416335940361,0.4150385558605194,1.6510149240493774,0.5051091313362122,0.666484534740448,0.7845714688301086,0.765752375125885,0.7745237350463867,0.7842128276824951,0.7756474614143372,0.7821170687675476,0.790938138961792,0.8060812950134277,0.8096683025360107,0.8171274065971375,0.8522072434425354,1.1186741590499878,1.3081036806106567,1.2667920589447021,1.270632028579712,1.2762526273727417,1.2517837285995483,1.251966118812561,1.2553114891052246,1.2686704397201538,1.2630321979522705,1.2914923429489136,target_lookback,linear
gru,0,4,18,key,140214_2,,0.6200351715087891,0.3009832203388214,0.9688524007797241,1.0341471433639526,0.7920107841491699,0.29577464788732394,522,0.8505747126436781,0.895804226398468,0.06808187067508698,0.029707858338952065,0.052816443145275116,0.03359883651137352,0.18079610168933868,1.3488870859146118,0.4663679003715515,0.6099193692207336,0.6000363826751709,0.6175907254219055,0.6282321214675903,0.6450539231300354,0.6453679800033569,0.642771303653717,0.6507025361061096,0.6504345536231995,0.6452029347419739,0.6458454728126526,0.7672812342643738,0.994442343711853,0.9678704738616943,0.9853057265281677,0.9922220706939697,1.0069009065628052,0.9962441921234131,0.9798519611358643,0.9808205366134644,0.966370701789856,0.9750758409500122,0.9936394691467285,target_lookback,linear
gru,1,5,18,key,140214_2,,0.6260746717453003,0.31044745445251465,0.9781638383865356,1.0401554107666016,0.8117282390594482,0.29577464788732394,522,0.8639846743295019,0.8484597206115723,0.06445246189832687,0.029582973569631577,0.0547635443508625,0.049316853284835815,0.2199995070695877,1.3564571142196655,0.46796053647994995,0.6208685636520386,0.617277979850769,0.6370048522949219,0.6697651147842407,0.6476383805274963,0.6419777274131775,0.6306663155555725,0.6587841510772705,0.6413232684135437,0.6520395278930664,0.626297652721405,0.7698785066604614,1.0105642080307007,0.9961749315261841,1.0163823366165161,1.0575872659683228,1.0108716487884521,0.9903748631477356,0.9607356190681458,0.9919564723968506,0.9546159505844116,0.9862370491027832,0.9632365107536316,target_lookback,linear
gru,2,4,18,key,140214_2,,0.537995457649231,0.27744507789611816,0.8398783206939697,0.8669002056121826,0.7717418670654297,0.29577464788732394,522,0.8793103448275862,0.8911089301109314,0.07062419503927231,0.028993038460612297,0.049830809235572815,0.051732685416936874,0.25273364782333374,1.152864694595337,0.47195935249328613,0.5888805389404297,0.5110371708869934,0.5237815380096436,0.5188781023025513,0.5185942649841309,0.5396354794502258,0.5520406365394592,0.543428361415863,0.5550987720489502,0.563328742980957,0.5747547149658203,0.7753440737724304,0.9589587450027466,0.8215445280075073,0.8345587849617004,0.8189204335212708,0.807739794254303,0.8323732018470764,0.8415113091468811,0.8181292414665222,0.8260835409164429,0.8519790172576904,0.8833752274513245,target_lookback,linear
gru,0,6,18,key,140227_1,,0.48382750153541565,0.24831627309322357,0.8176507353782654,0.6884753704071045,1.7586925029754639,0.07428571428571429,2538,0.789204097714736,0.7169507145881653,0.12267044186592102,0.012153719551861286,0.061726078391075134,0.049068473279476166,0.4784286618232727,1.0251368284225464,0.3550780415534973,0.49053627252578735,0.5415905714035034,0.5246278047561646,0.5197458267211914,0.4659007489681244,0.4858396351337433,0.46772149205207825,0.4731135666370392,0.48512834310531616,0.48411229252815247,0.4890560805797577,0.6051698923110962,0.8371796607971191,0.9237527847290039,0.892646849155426,0.8801652789115906,0.7879359722137451,0.8197856545448303,0.7874839305877686,0.794589102268219,0.8120293617248535,0.809310257434845,0.8197447061538696,target_lookback,linear
gru,1,4,18,key,140227_1,,0.41800323128700256,0.17183317244052887,0.7045543789863586,0.40914881229400635,2.1438682079315186,0.07428571428571429,2538,0.9405043341213554,0.8325872421264648,0.12393048405647278,0.008560051210224628,0.06418970227241516,0.0399792417883873,0.3250764310359955,0.914435088634491,0.3268135190010071,0.4255351722240448,0.4400668740272522,0.4553811848163605,0.44913434982299805,0.43369200825691223,0.42053744196891785,0.4179533123970032,0.4179196059703827,0.41506630182266235,0.4155178666114807,0.38309845328330994,0.5564231276512146,0.7250033020973206,0.7481955885887146,0.7720545530319214,0.7603045701980591,0.7319422960281372,0.707603394985199,0.7013497352600098,0.6992177367210388,0.6930968165397644,0.6925083994865417,0.6396982073783875,target_lookback,linear
gru,2,3,18,key,140227_1,,0.4154175817966461,0.16145263612270355,0.699464738368988,0.34005647897720337,2.2682676315307617,0.07428571428571429,2538,0.9716312056737588,0.8638396859169006,0.12708474695682526,0.012182687409222126,0.06557472795248032,0.050772324204444885,0.25640442967414856,0.9260441660881042,0.3282219171524048,0.40547019243240356,0.4250510036945343,0.4222109317779541,0.417008638381958,0.4304906725883484,0.4165199398994446,0.43535420298576355,0.44010183215141296,0.44609877467155457,0.4066695272922516,0.40183013677597046,0.5590161085128784,0.6891829967498779,0.7218053340911865,0.7148654460906982,0.7040311694145203,0.7256217002868652,0.699542224407196,0.729782223701477,0.7368025779724121,0.745711088180542,0.6770446300506592,0.6704312562942505,target_lookback,linear
gru,0,33,18,key,140313_1,,0.7699959874153137,0.4556664228439331,1.2314633131027222,1.1946146488189697,1.755961298942566,0.053974484789008834,2658,0.32806621519939805,0.3793923258781433,0.1677107810974121,0.029863782227039337,0.16714158654212952,0.13151304423809052,0.6857030987739563,1.4990588426589966,0.48602816462516785,0.7895563244819641,0.7941721081733704,0.7422125339508057,0.7701139450073242,0.7845745086669922,0.7738957405090332,0.765820324420929,0.7990460395812988,0.8000998497009277,0.8427266478538513,0.8397171497344971,0.7816609144210815,1.275606393814087,1.2801547050476074,1.1920318603515625,1.2349611520767212,1.2550424337387085,1.2360225915908813,1.2186747789382935,1.2696641683578491,1.2692840099334717,1.3361331224441528,1.3347957134246826,target_lookback,linear
gru,1,4,18,key,140313_1,,0.6136370301246643,0.3259706199169159,0.9741382002830505,0.9835137724876404,0.791991114616394,0.053974484789008834,2658,0.5880361173814899,0.8489949107170105,0.17165783047676086,0.03179984539747238,0.1813296377658844,0.13666705787181854,0.6697974801063538,1.1394442319869995,0.4370482563972473,0.5584315657615662,0.603636622428894,0.6273744106292725,0.6283009648323059,0.6364678740501404,0.6415557265281677,0.6434921026229858,0.6385850310325623,0.6388727426528931,0.6405831575393677,0.6438128352165222,0.6993647217750549,0.8898526430130005,0.9649726748466492,1.0007219314575195,1.0016573667526245,1.0127663612365723,1.0173380374908447,1.015772819519043,1.0093436241149902,1.0061078071594238,1.0088130235671997,1.014996886253357,target_lookback,linear
gru,2,6,18,key,140313_1,,0.7188429236412048,0.4103769361972809,1.1479759216308594,1.1286377906799316,1.445508599281311,0.053974484789008834,2658,0.4597441685477803,0.6374937891960144,0.1666983813047409,0.03137420862913132,0.16690747439861298,0.13323037326335907,0.6917147636413574,1.3798606395721436,0.44441962242126465,0.6228494644165039,0.7723444700241089,0.7509515285491943,0.7538793087005615,0.749902606010437,0.7641741633415222,0.7114865779876709,0.7749936580657959,0.79190993309021,0.7247623801231384,0.7011899352073669,0.7122271060943604,0.9997872114181519,1.243591070175171,1.2057561874389648,1.2073465585708618,1.199634313583374,1.2205760478973389,1.130712866783142,1.2327316999435425,1.255760908126831,1.1447370052337646,1.1108002662658691,target_lookback,linear
gru,0,2,24,key,140120_1,,1.0255765914916992,0.45574620366096497,1.7006947994232178,1.1738581657409668,3.816695213317871,0.11482254697286012,1326,0.6583710407239819,0.7626645565032959,0.16879154741764069,0.027479739859700203,0.09316310286521912,0.06944577395915985,1.030809760093689,2.1308753490448,0.6334880590438843,0.864118218421936,1.0369558334350586,1.0495271682739258,1.0660796165466309,1.0916825532913208,1.0654109716415405,1.0797563791275024,1.0876222848892212,1.0930840969085693,1.080405831336975,1.0883347988128662,1.0688832998275757,1.457054853439331,1.7452752590179443,1.7571784257888794,1.7789100408554077,1.8143038749694824,1.761980652809143,1.7778857946395874,1.7822716236114502,1.7833417654037476,1.7521147727966309,1.7797966003417969,target_lookback,linear
gru,1,2,24,key,140120_1,,1.0199263095855713,0.456723690032959,1.6907068490982056,1.1627732515335083,3.8041863441467285,0.11482254697286012,1326,0.6485671191553545,0.7751747369766235,0.18356853723526,0.035228800028562546,0.08713142573833466,0.06517645716667175,1.010656476020813,2.1244540214538574,0.6367881894111633,0.8681645393371582,1.0234531164169312,1.042663812637329,1.0598279237747192,1.0725667476654053,1.0732402801513672,1.0691430568695068,1.0728181600570679,1.0937670469284058,1.0816007852554321,1.0792031288146973,1.0745527744293213,1.4638842344284058,1.7235183715820312,1.7480437755584717,1.7679859399795532,1.7795214653015137,1.7739874124526978,1.7590253353118896,1.7560898065567017,1.782702088356018,1.7549647092819214,1.7632050514221191,target_lookback,linear
gru,2,2,24,key,140120_1,,0.9958570599555969,0.4538779556751251,1.6503963470458984,1.1713415384292603,3.625562906265259,0.11482254697286012,1326,0.6832579185520362,0.7437874674797058,0.18533147871494293,0.03699272498488426,0.09201367944478989,0.05486709997057915,0.9924107193946838,2.0712857246398926,0.6236321330070496,0.8525399565696716,0.9978102445602417,1.0222200155258179,1.0250327587127686,1.0347657203674316,1.042055368423462,1.0587546825408936,1.0558727979660034,1.0536048412322998,1.056915283203125,1.0645924806594849,1.0507450103759766,1.4372608661651611,1.6780717372894287,1.7116299867630005,1.7100883722305298,1.7185777425765991,1.7219692468643188,1.741973876953125,1.7271461486816406,1.7165013551712036,1.7137482166290283,1.7418861389160156,target_lookback,linear
gru,0,12,24,key,140206_1,,0.7354611754417419,0.34242650866508484,1.177903175354004,1.328106164932251,0.6120207905769348,0.270935960591133,522,0.6398467432950191,0.6839026808738708,0.05431676656007767,0.0336824506521225,0.05062536150217056,0.04619629681110382,0.4603172838687897,1.642473578453064,0.5906848907470703,0.6665043830871582,0.6683585047721863,0.6832999587059021,0.7658540606498718,0.8098087906837463,0.833882212638855,0.7830610871315002,0.7376379370689392,0.742560625076294,0.7832024693489075,0.765531063079834,1.0007222890853882,1.1181905269622803,1.1098185777664185,1.1223500967025757,1.2451287508010864,1.3015780448913574,1.324578881263733,1.2289083003997803,1.1442530155181885,1.1377986669540405,1.18489408493042,1.1787151098251343,target_lookback,linear
gru,1,11,24,key,140206_1,,0.8067390322685242,0.3756776750087738,1.2899705171585083,1.4622379541397095,0.6230741143226624,0.270935960591133,522,0.6187739463601533,0.7097927927970886,0.11087936908006668,0.03519158065319061,0.0623001828789711,0.09045273065567017,0.4395182132720947,1.8175275325775146,0.617944061756134,0.7169473767280579,0.7684145569801331,0.7667036056518555,0.8158962726593018,0.8371409177780151,0.8945146203041077,0.9081383943557739,0.8819847106933594,0.8268014788627625,0.8350906372070312,0.8157163858413696,1.0465424060821533,1.2025465965270996,1.2756086587905884,1.2590968608856201,1.321836233139038,1.342426061630249,1.4145687818527222,1.422804355621338,1.3658034801483154,1.2658847570419312,1.2613013982772827,1.2552777528762817,target_lookback,linear
gru,2,9,24,key,140206_1,,0.7196401953697205,0.3635460138320923,1.1513416767120361,1.2548259496688843,0.8096603155136108,0.270935960591133,522,0.5747126436781609,0.8365253806114197,0.07997459918260574,0.06123483180999756,0.05310289189219475,0.05229455605149269,0.5005195140838623,1.5886598825454712,0.6005961894989014,0.687952995300293,0.6755974292755127,0.6838973164558411,0.7067046165466309,0.6992250084877014,0.7178003787994385,0.720870852470398,0.7583670616149902,0.7887117862701416,0.8043137192726135,0.8161982893943787,1.0183805227279663,1.1541012525558472,1.1214286088943481,1.122178077697754,1.1457175016403198,1.1234347820281982,1.1373989582061768,1.1287577152252197,1.17490816116333,1.2070108652114868,1.2170112133026123,1.254923701286316,target_lookback,linear
gru,0,3,24,key,140207_2,,0.504381000995636,0.224924698472023,0.8052803874015808,0.33770039677619934,1.4445041418075562,0.270935960591133,522,0.7624521072796935,1.016016960144043,0.09252148866653442,0.00876613613218069,0.05609792098402977,0.05665609613060951,0.2005368024110794,1.087897539138794,0.4045211374759674,0.4712977707386017,0.5083835124969482,0.4585069715976715,0.4613151550292969,0.4874100387096405,0.5143658518791199,0.49664974212646484,0.5732924342155457,0.5545923113822937,0.5485831499099731,0.5853062868118286,0.6818082332611084,0.7876694202423096,0.8410660624504089,0.74891197681427,0.747249186038971,0.7816583514213562,0.8145653009414673,0.778459906578064,0.8879647850990295,0.8476882576942444,0.828885018825531,0.8968524932861328,target_lookback,linear
gru,1,101,24,key,140207_2,,0.37288525700569153,0.19470076262950897,0.5945900082588196,0.4802154302597046,0.827243447303772,0.270935960591133,522,0.45977011494252873,0.24455159902572632,0.08739595860242844,0.008539608679711819,0.03235311433672905,0.0450996570289135,0.208639457821846,0.7913459539413452,0.35531291365623474,0.45690441131591797,0.4230743944644928,0.39723968505859375,0.37632471323013306,0.365879088640213,0.3617115616798401,0.35155999660491943,0.34417468309402466,0.321237176656723,0.32215964794158936,0.34756705164909363,0.5987167954444885,0.7633108496665955,0.7010152339935303,0.6504804491996765,0.6095213890075684,0.5856173634529114,0.571580171585083,0.548288106918335,0.5308123826980591,0.48818957805633545,0.4858090281486511,0.5337287783622742,target_lookback,linear
gru,2,104,24,key,140207_2,,0.4567849338054657,0.22923333942890167,0.7295919060707092,0.5743245482444763,1.037831425666809,0.270935960591133,522,0.4118773946360153,0.25225287675857544,0.08612038940191269,0.007595484144985676,0.03689645603299141,0.05053532496094704,0.17216631770133972,0.9871482849121094,0.40513378381729126,0.5008644461631775,0.49056175351142883,0.47513002157211304,0.47627100348472595,0.4958351254463196,0.48583221435546875,0.45847752690315247,0.43008026480674744,0.4122737646102905,0.3989379107952118,0.41501927375793457,0.6840991377830505,0.8381856083869934,0.8136672973632812,0.779273509979248,0.7722818851470947,0.7952924966812134,0.7698410153388977,0.7170453667640686,0.6651738882064819,0.6289593577384949,0.6009891033172607,0.6366820931434631,target_lookback,linear
gru,0,4,24,key,140214_1,,0.7335443496704102,0.3191957175731659,1.1911321878433228,0.7284038662910461,2.070855140686035,0.23636363636363636,726,0.8319559228650137,0.7766801118850708,0.03751933574676514,0.017413949593901634,0.03608636558055878,0.03660019487142563,0.36853399872779846,1.6080888509750366,0.5039189457893372,0.671482503414154,0.7521541118621826,0.7389090061187744,0.7441740036010742,0.7571367025375366,0.7598351240158081,0.759125292301178,0.7755618691444397,0.7743619680404663,0.7680917978286743,0.7854441404342651,0.8511141538619995,1.1279555559158325,1.2541615962982178,1.2217470407485962,1.2212857007980347,1.2322012186050415,1.226773977279663,1.2151987552642822,1.2310211658477783,1.218695044517517,1.1979793310165405,1.2414848804473877,target_lookback,linear
gru,1,4,24,key,140214_1,,0.7829692363739014,0.35874783992767334,1.2713568210601807,0.8592352867126465,2.110252857208252,0.23636363636363636,726,0.8539944903581267,0.8863005042076111,0.04250684380531311,0.01977877877652645,0.037645429372787476,0.03944811597466469,0.410807341337204,1.7126729488372803,0.5049943923950195,0.683488130569458,0.8037782907485962,0.8006821870803833,0.8040713667869568,0.8050376176834106,0.8094341158866882,0.8157702684402466,0.8209765553474426,0.8290355205535889,0.8477259874343872,0.8467056155204773,0.8529199957847595,1.1470606327056885,1.3400654792785645,1.3247461318969727,1.3192408084869385,1.3103505373001099,1.3067100048065186,1.3060842752456665,1.303281307220459,1.3043955564498901,1.3223152160644531,1.3381081819534302,target_lookback,linear
gru,2,4,24,key,140214_1,,0.7734065055847168,0.3412691056728363,1.254871129989624,0.7296707630157471,2.2230777740478516,0.23636363636363636,726,0.8278236914600551,0.8367388844490051,0.07416282594203949,0.017284320667386055,0.05147142708301544,0.050421588122844696,0.39465317130088806,1.6927943229675293,0.5270230174064636,0.6695660948753357,0.7790146470069885,0.803277313709259,0.7884446978569031,0.7969361543655396,0.7928761839866638,0.8071527481079102,0.8142644166946411,0.8306493759155273,0.8274316787719727,0.8282999396324158,0.8911684155464172,1.1230019330978394,1.298276662826538,1.3284329175949097,1.2913211584091187,1.2974933385849,1.2795590162277222,1.2905737161636353,1.2888643741607666,1.3068987131118774,1.290043592453003,1.3074750900268555,target_lookback,linear
gru,0,4,24,key,140214_2,,0.6645632386207581,0.3205382227897644,1.0385931730270386,1.1410953998565674,0.739402711391449,0.29577464788732394,522,0.8639846743295019,0.8868581056594849,0.07338488101959229,0.01828821562230587,0.04827513173222542,0.046464234590530396,0.1970592439174652,1.4455569982528687,0.47379153966903687,0.6403509378433228,0.6410048604011536,0.6767112612724304,0.6915605664253235,0.7047699689865112,0.681442379951477,0.6935684680938721,0.6854800581932068,0.7025666236877441,0.6819866895675659,0.7030724883079529,0.7795498371124268,1.04331636428833,1.0330510139465332,1.0801560878753662,1.0918591022491455,1.1008586883544922,1.0521633625030518,1.056496024131775,1.0329402685165405,1.0459486246109009,1.0318999290466309,1.081810712814331,target_lookback,linear
gru,1,5,24,key,140214_2,,0.5882672667503357,0.30061066150665283,0.9189314246177673,0.9089372754096985,0.9423004984855652,0.29577464788732394,522,0.8831417624521073,0.8439249992370605,0.06687130779027939,0.02891811542212963,0.05477267503738403,0.04045308381319046,0.24960561096668243,1.266823172569275,0.46487757563591003,0.6010212302207947,0.5643966197967529,0.5883455276489258,0.6038334965705872,0.6012229323387146,0.6003202795982361,0.6084994673728943,0.611147403717041,0.612351655960083,0.5995123982429504,0.609782338142395,0.7643627524375916,0.9793532490730286,0.9100517630577087,0.9383973479270935,0.9528045654296875,0.9384098052978516,0.9261181950569153,0.9266967177391052,0.9209661483764648,0.9110970497131348,0.9067606329917908,0.9371036291122437,target_lookback,linear
gru,2,5,24,key,140214_2,,0.5639070272445679,0.28216320276260376,0.8804231286048889,0.8954944014549255,0.8434558510780334,0.29577464788732394,522,0.8563218390804598,0.8387100100517273,0.07117360085248947,0.029626205563545227,0.05776941403746605,0.04572069272398949,0.20699192583560944,1.219468116760254,0.46806660294532776,0.6002705693244934,0.5470235347747803,0.5595661997795105,0.5527541637420654,0.5577200055122375,0.5685915350914001,0.5674573183059692,0.5832141637802124,0.5807671546936035,0.5777642726898193,0.6107752919197083,0.7700344920158386,0.9784402847290039,0.8823651075363159,0.8920373916625977,0.8714803457260132,0.8695474863052368,0.8762945532798767,0.8654655814170837,0.8768302798271179,0.8637683987617493,0.8735405802726746,0.9366469383239746,target_lookback,linear
gru,0,5,24,key,140227_1,,0.4348014295101166,0.21437066793441772,0.7332915663719177,0.5582661032676697,1.8315881490707397,0.07428571428571429,2538,0.8447596532702916,0.7909526228904724,0.12221632152795792,0.01394017692655325,0.0587545782327652,0.05932946875691414,0.4527493417263031,0.9094403982162476,0.34641990065574646,0.44043517112731934,0.4598018229007721,0.4284169673919678,0.42201003432273865,0.43429630994796753,0.457368403673172,0.43035250902175903,0.4497438669204712,0.4427739381790161,0.4492027163505554,0.4481247663497925,0.590526282787323,0.7510010600090027,0.7824752926826477,0.7262590527534485,0.7141441702842712,0.7330609560012817,0.7716462016105652,0.7221859097480774,0.7549579739570618,0.7398891448974609,0.7474983930587769,0.7482893466949463,target_lookback,linear
gru,1,32,24,key,140227_1,,0.5714362263679504,0.2831781506538391,0.9674028754234314,0.9769131541252136,0.8399067521095276,0.07428571428571429,2538,0.6643026004728132,0.3636772930622101,0.12343087792396545,0.0072667463682591915,0.06576868146657944,0.06174275279045105,0.2081015259027481,1.3084694147109985,0.40671852231025696,0.5742385983467102,0.5869015455245972,0.5929757356643677,0.5743818283081055,0.588897705078125,0.5920011401176453,0.5786463022232056,0.5676922798156738,0.5776340365409851,0.5911576747894287,0.6041022539138794,0.695106565952301,0.981141984462738,0.9999721646308899,1.0093971490859985,0.9752575159072876,0.9979233741760254,1.0004838705062866,0.9759837985038757,0.9552590250968933,0.9698552489280701,0.9908677339553833,1.015698790550232,target_lookback,linear
gru,2,3,24,key,140227_1,,0.42461079359054565,0.16811230778694153,0.7150816321372986,0.34856414794921875,2.3171980381011963,0.07428571428571429,2538,0.9692671394799054,0.8781998157501221,0.12790900468826294,0.019437532871961594,0.06570009887218475,0.052804578095674515,0.29130423069000244,0.9392745494842529,0.3265966475009918,0.4172346591949463,0.4431056082248688,0.4578838050365448,0.4366994798183441,0.4363535940647125,0.41655823588371277,0.4280206561088562,0.44521039724349976,0.43398159742355347,0.4244980216026306,0.41678541898727417,0.5557737946510315,0.7082915306091309,0.75251704454422,0.7759180665016174,0.7376542687416077,0.735757052898407,0.6995843648910522,0.718543291091919,0.745541512966156,0.7246079444885254,0.7070003151893616,0.696357250213623,target_lookback,linear
gru,0,5,24,key,140313_1,,0.6220070123672485,0.33679234981536865,0.9891058206558228,0.996746838092804,0.844021201133728,0.053974484789008834,2658,0.5921745673438675,0.7807372212409973,0.16907638311386108,0.0325322300195694,0.16982093453407288,0.1335182785987854,0.6681610345840454,1.1617950201034546,0.43611735105514526,0.5685650706291199,0.6281786561012268,0.6278369426727295,0.6398735046386719,0.6442016363143921,0.6525696516036987,0.6543456315994263,0.6466827988624573,0.649150550365448,0.6457315683364868,0.6432318091392517,0.6958780288696289,0.9069957137107849,1.0061655044555664,1.0041369199752808,1.0191411972045898,1.0272656679153442,1.0350037813186646,1.0381660461425781,1.02048659324646,1.0254991054534912,1.018794059753418,1.0194138288497925,target_lookback,linear
gru,1,5,24,key,140313_1,,0.6177733540534973,0.33552542328834534,0.9808579683303833,0.9800964593887329,0.9941099882125854,0.053974484789008834,2658,0.5522949586155004,0.8178139328956604,0.16774721443653107,0.043241508305072784,0.1832110583782196,0.13710911571979523,0.6826215386390686,1.1439111232757568,0.4378415644168854,0.5710784792900085,0.6133111119270325,0.6282187700271606,0.629298985004425,0.6435190439224243,0.6497502326965332,0.6485017538070679,0.6446388363838196,0.6472765803337097,0.6383368968963623,0.6358019709587097,0.7008786201477051,0.9141149520874023,0.9808602929115295,1.001315951347351,1.001686453819275,1.0210716724395752,1.0305938720703125,1.02618408203125,1.020599603652954,1.0184450149536133,1.0043935775756836,1.0025649070739746,target_lookback,linear
gru,2,6,24,key,140313_1,,0.6147671937942505,0.3403698205947876,0.9786635041236877,0.9549367427825928,1.3273656368255615,0.053974484789008834,2658,0.5210684725357412,0.613884687423706,0.16394604742527008,0.0348503552377224,0.15539388358592987,0.13275958597660065,0.6855736970901489,1.1394774913787842,0.43873897194862366,0.5556429028511047,0.6281940937042236,0.6311741471290588,0.6380861401557922,0.6435262560844421,0.6309435367584229,0.6341338753700256,0.6337951421737671,0.6394767165184021,0.6453300714492798,0.632443904876709,0.7022683620452881,0.8884477615356445,1.0068820714950562,1.0096371173858643,1.017458438873291,1.02681565284729,1.0028666257858276,1.0053176879882812,1.0040358304977417,1.0121440887451172,1.0187809467315674,1.0008947849273682,target_lookback,linear
gru,0,2,36,key,140120_1,,1.020875096321106,0.4585058093070984,1.6927266120910645,1.1708838939666748,3.792814016342163,0.11482254697286012,1326,0.6704374057315233,0.7464289665222168,0.1659647673368454,0.03945206105709076,0.09335556626319885,0.07815980166196823,1.0041288137435913,2.13029146194458,0.6247153878211975,0.8686277866363525,1.0209850072860718,1.0430731773376465,1.057251214981079,1.0776865482330322,1.0693379640579224,1.0866822004318237,1.0873323678970337,1.084053874015808,1.0791136026382446,1.0807663202285767,1.0548380613327026,1.4645904302597046,1.7192027568817139,1.7484381198883057,1.7622250318527222,1.788508415222168,1.7665798664093018,1.7875540256500244,1.7819370031356812,1.7673107385635376,1.7523716688156128,1.7692539691925049,target_lookback,linear
gru,1,2,36,key,140120_1,,1.0088021755218506,0.4517557919025421,1.67261803150177,1.165846824645996,3.7265007495880127,0.11482254697286012,1326,0.6553544494720965,0.7492033839225769,0.177533820271492,0.021512841805815697,0.09014761447906494,0.051795605570077896,1.0028456449508667,2.100435495376587,0.6374543309211731,0.8636496067047119,1.011704921722412,1.0218324661254883,1.0416196584701538,1.053538203239441,1.0594751834869385,1.0588818788528442,1.0688912868499756,1.0763275623321533,1.0787683725357056,1.0723568201065063,1.075988531112671,1.4569106101989746,1.7029165029525757,1.7112864255905151,1.7362697124481201,1.7478107213974,1.7505213022232056,1.7424110174179077,1.752882957458496,1.756510853767395,1.7501945495605469,1.754759430885315,target_lookback,linear
gru,2,2,36,key,140120_1,,1.000796914100647,0.4480871558189392,1.6596100330352783,1.1742271184921265,3.6548779010772705,0.11482254697286012,1326,0.7073906485671192,0.7400226593017578,0.17111186683177948,0.0228942409157753,0.08739510923624039,0.0531248077750206,0.9979192614555359,2.082862615585327,0.6212078928947449,0.8592588901519775,1.0227899551391602,1.0215626955032349,1.0338460206985474,1.0425808429718018,1.0385311841964722,1.057715892791748,1.0597668886184692,1.071212887763977,1.051835536956787,1.0644041299819946,1.0486079454421997,1.4486533403396606,1.721713900566101,1.711632251739502,1.7254345417022705,1.7328323125839233,1.7175170183181763,1.7396633625030518,1.736598014831543,1.7455310821533203,1.7072139978408813,1.7415851354599,target_lookback,linear
gru,0,12,36,key,140206_1,,0.887218177318573,0.39913514256477356,1.4211593866348267,1.6076083183288574,0.7071837186813354,0.270935960591133,522,0.710727969348659,0.8363887667655945,0.07525141537189484,0.035915423184633255,0.0521094873547554,0.04089299961924553,0.45155128836631775,2.0108578205108643,0.6255602240562439,0.7810925245285034,0.8410478830337524,0.9071666598320007,0.945480465888977,0.9255144000053406,0.9120041131973267,0.921430230140686,0.9602315425872803,0.9708406329154968,0.943939208984375,0.9138936400413513,1.0606129169464111,1.311447262763977,1.396026849746704,1.4893454313278198,1.537226915359497,1.488102674484253,1.4493440389633179,1.447221279144287,1.488844871520996,1.4880586862564087,1.428568720817566,1.4062963724136353,target_lookback,linear
gru,1,8,36,key,140206_1,,0.8051989674568176,0.3818616569042206,1.2888150215148926,1.410243272781372,0.8826781511306763,0.270935960591133,522,0.657088122605364,0.7243865132331848,0.07864847034215927,0.04056728631258011,0.06333734840154648,0.06337510049343109,0.5134786367416382,1.7940303087234497,0.6412678360939026,0.7622926235198975,0.7559531927108765,0.7491756081581116,0.8041344285011292,0.8318923711776733,0.8532562255859375,0.864495575428009,0.8715948462486267,0.8558801412582397,0.8454164266586304,0.8452856540679932,1.0864698886871338,1.2760037183761597,1.2514262199401855,1.2289676666259766,1.303401231765747,1.3369886875152588,1.3554027080535889,1.357790470123291,1.352533221244812,1.3119440078735352,1.2793381214141846,1.3019795417785645,target_lookback,linear
gru,2,9,36,key,140206_1,,0.7844833731651306,0.38177549839019775,1.2553967237472534,1.368852972984314,0.880248486995697,0.270935960591133,522,0.48084291187739464,0.8215795159339905,0.1005476638674736,0.03921886906027794,0.05451948195695877,0.04732316732406616,0.5092785358428955,1.7445756196975708,0.6112544536590576,0.771824300289154,0.7269754409790039,0.7931013107299805,0.8148131370544434,0.815690279006958,0.7891629338264465,0.8043127059936523,0.8250002861022949,0.8164865970611572,0.831308901309967,0.8262931704521179,1.0351706743240356,1.2953325510025024,1.207199215888977,1.303120493888855,1.3223289251327515,1.3075807094573975,1.2510346174240112,1.2599424123764038,1.2795686721801758,1.2504143714904785,1.25752592086792,1.2714786529541016,target_lookback,linear
gru,0,3,36,key,140207_2,,0.5147675275802612,0.22403883934020996,0.822562575340271,0.3346434235572815,1.4818767309188843,0.270935960591133,522,0.7969348659003831,1.0147311687469482,0.08950874209403992,0.01611248031258583,0.043432801961898804,0.05076616257429123,0.2134225070476532,1.1098235845565796,0.4263269007205963,0.5056428909301758,0.4996922016143799,0.49656057357788086,0.4657261073589325,0.5077248215675354,0.4678254723548889,0.5384368896484375,0.531803548336029,0.5744922757148743,0.5824837684631348,0.5926415324211121,0.7192545533180237,0.8453357219696045,0.8289477825164795,0.8136463761329651,0.7557189464569092,0.8141200542449951,0.7421560287475586,0.8417026996612549,0.8232589960098267,0.8780274987220764,0.8805380463600159,0.9110686182975769,target_lookback,linear
gru,1,4,36,key,140207_2,,0.42220908403396606,0.20047509670257568,0.6734622120857239,0.30787456035614014,1.1911985874176025,0.270935960591133,522,0.9693486590038314,0.9138858318328857,0.08570865541696548,0.0359434150159359,0.04140571504831314,0.04919712617993355,0.234520822763443,0.8967323899269104,0.39685899019241333,0.45399555563926697,0.3877004086971283,0.402892142534256,0.4248030483722687,0.41896337270736694,0.40141648054122925,0.39560675621032715,0.44218114018440247,0.4198337495326996,0.42123404145240784,0.502018928527832,0.6668206453323364,0.755601704120636,0.6416065096855164,0.6586527824401855,0.6881475448608398,0.6706279516220093,0.6354129910469055,0.6187909245491028,0.6843100190162659,0.6419986486434937,0.6362782120704651,0.771112322807312,target_lookback,linear
gru,2,9,36,key,140207_2,,0.39600321650505066,0.16799981892108917,0.6316678524017334,0.2598314583301544,1.1362301111221313,0.270935960591133,522,0.8314176245210728,0.5203133821487427,0.08380492776632309,0.021915778517723083,0.042025722563266754,0.04406110569834709,0.11956692487001419,0.8587228655815125,0.3717667758464813,0.4129256308078766,0.3137955665588379,0.31427818536758423,0.3182982802391052,0.32793352007865906,0.31804776191711426,0.35930144786834717,0.39441728591918945,0.43030408024787903,0.5101345181465149,0.6226991415023804,0.6263967156410217,0.6889950633049011,0.5186203718185425,0.5121272802352905,0.5126595497131348,0.5217543840408325,0.5014373064041138,0.5616046786308289,0.6101056337356567,0.6582292914390564,0.7711689472198486,0.9582171440124512,target_lookback,linear
gru,0,4,36,key,140214_1,,0.7450307607650757,0.31740814447402954,1.2095967531204224,0.7122117877006531,2.1333887577056885,0.23636363636363636,726,0.8663911845730028,0.8170210719108582,0.04136323183774948,0.0277109295129776,0.03195934370160103,0.04785884916782379,0.33275890350341797,1.6411669254302979,0.506408154964447,0.690521240234375,0.7702546715736389,0.7508466243743896,0.7452641129493713,0.7694158554077148,0.7754311561584473,0.7911105751991272,0.7706657648086548,0.7805799841880798,0.7825139164924622,0.7926329374313354,0.856338620185852,1.1590585708618164,1.2834553718566895,1.2421774864196777,1.2228670120239258,1.2515968084335327,1.2513642311096191,1.2667698860168457,1.2231066226959229,1.2282472848892212,1.2200586795806885,1.2527885437011719,target_lookback,linear
gru,1,4,36,key,140214_1,,0.7765386700630188,0.3489724099636078,1.2605870962142944,0.7866401076316833,2.1734352111816406,0.23636363636363636,726,0.8608815426997245,0.8453634977340698,0.05543486401438713,0.016718707978725433,0.0488448441028595,0.03438803181052208,0.38532760739326477,1.702829360961914,0.5072404742240906,0.6759070754051208,0.7925374507904053,0.7942121028900146,0.7955960631370544,0.8043985962867737,0.8058599233627319,0.8163039088249207,0.8173130750656128,0.8199713826179504,0.8346354365348816,0.832295298576355,0.8581936955451965,1.1341931819915771,1.320880651473999,1.3140506744384766,1.3036608695983887,1.3083478212356567,1.300965666770935,1.3063299655914307,1.2963570356369019,1.2900774478912354,1.3020706176757812,1.3153712749481201,target_lookback,linear
gru,2,5,36,key,140214_1,,0.7420047521591187,0.3334341049194336,1.2040106058120728,0.7546812891960144,2.0719637870788574,0.23636363636363636,726,0.8292011019283747,0.7882900834083557,0.04254812374711037,0.02301769144833088,0.04433094337582588,0.07739974558353424,0.4021400511264801,1.6190413236618042,0.4954987168312073,0.6570224761962891,0.7566277384757996,0.7559502124786377,0.7499423623085022,0.752544641494751,0.7703327536582947,0.7709770202636719,0.7764148116111755,0.7861620783805847,0.8072953820228577,0.8093878030776978,0.8369097113609314,1.102582335472107,1.2612948417663574,1.249940276145935,1.2305794954299927,1.223341941833496,1.2398529052734375,1.2341188192367554,1.2300372123718262,1.237113118171692,1.2592172622680664,1.2783395051956177,target_lookback,linear
gru,0,4,36,key,140214_2,,0.5933173298835754,0.2930004894733429,0.9270837306976318,0.9778458476066589,0.7932530641555786,0.29577464788732394,522,0.8659003831417624,0.9594206213951111,0.07341950386762619,0.02537863329052925,0.044313061982393265,0.02915704995393753,0.21131563186645508,1.2851769924163818,0.4671294689178467,0.6094142198562622,0.5628637075424194,0.5785396695137024,0.6004887223243713,0.6021847128868103,0.6112416386604309,0.6183191537857056,0.6382138133049011,0.6215237975120544,0.6078221201896667,0.6088515520095825,0.7678325772285461,0.9936429262161255,0.9076618552207947,0.9234907031059265,0.9479392766952515,0.9400909543037415,0.9428675770759583,0.9436928033828735,0.9615967273712158,0.9240807890892029,0.9185747504234314,0.9364932179450989,target_lookback,linear
gru,1,4,36,key,140214_2,,0.6135854125022888,0.3108649253845215,0.9583932161331177,1.0427278280258179,0.7188176512718201,0.29577464788732394,522,0.8659003831417624,0.9055964350700378,0.07890889793634415,0.029358237981796265,0.048430152237415314,0.04571535810828209,0.27870842814445496,1.3175735473632812,0.4686635136604309,0.617062509059906,0.6063345670700073,0.5980199575424194,0.620403528213501,0.6287105083465576,0.6330724954605103,0.6378249526023865,0.6535105109214783,0.6291764378547668,0.6408238410949707,0.6358557939529419,0.7708049416542053,1.0055222511291504,0.9780649542808533,0.954326868057251,0.9790541529655457,0.9780093431472778,0.9762808084487915,0.9725425243377686,0.9844017624855042,0.9365922808647156,0.9685282111167908,0.9780879616737366,target_lookback,linear
gru,2,5,36,key,140214_2,,0.5231201648712158,0.28324437141418457,0.815951406955719,0.7483462691307068,0.9579004049301147,0.29577464788732394,522,0.9137931034482759,0.848763644695282,0.09201521426439285,0.03099651075899601,0.04966375604271889,0.04008064419031143,0.3594449758529663,1.089700698852539,0.47406238317489624,0.5924167037010193,0.491118460893631,0.5151190757751465,0.5233138203620911,0.5155823826789856,0.508918046951294,0.5252548456192017,0.5454631447792053,0.5314125418663025,0.5336623787879944,0.5155858397483826,0.7789532542228699,0.9650821089744568,0.7914494276046753,0.8197694420814514,0.8255218267440796,0.803951621055603,0.7836132049560547,0.7997426986694336,0.8213682174682617,0.7874985933303833,0.8039219379425049,0.7902763485908508,target_lookback,linear
gru,0,5,36,key,140227_1,,0.42881399393081665,0.212884321808815,0.7231749892234802,0.5578727126121521,1.778156042098999,0.07428571428571429,2538,0.8526398739164697,0.7802319526672363,0.12201784551143646,0.017551232129335403,0.06315220892429352,0.04471846669912338,0.46326786279678345,0.8894684910774231,0.34193888306617737,0.4286351799964905,0.4436498284339905,0.43704643845558167,0.4240647852420807,0.4488145709037781,0.4133211076259613,0.424430251121521,0.42928600311279297,0.4258972704410553,0.46303677558898926,0.4565082788467407,0.5813700556755066,0.7295356392860413,0.7539530396461487,0.7411331534385681,0.7167903184890747,0.7583984732627869,0.6953892111778259,0.7132075428962708,0.7195228338241577,0.7116695642471313,0.7730358839035034,0.765342116355896,target_lookback,linear
gru,1,5,36,key,140227_1,,0.4055502116680145,0.19285941123962402,0.6831648349761963,0.5183817744255066,1.71290123462677,0.07428571428571429,2538,0.8896769109535066,0.825046956539154,0.12082147598266602,0.008713987655937672,0.05845009535551071,0.058193594217300415,0.3235973119735718,0.8840416073799133,0.31863048672676086,0.4228232204914093,0.43784162402153015,0.43550777435302734,0.3974555730819702,0.382224440574646,0.3847288191318512,0.38399460911750793,0.3953244090080261,0.4126053750514984,0.44862547516822815,0.4318786561489105,0.5413744449615479,0.7203099131584167,0.744552493095398,0.737856924533844,0.6709379553794861,0.644710123538971,0.6464084386825562,0.6437013745307922,0.6597258448600769,0.6880174279212952,0.7482381463050842,0.7239909172058105,target_lookback,linear
gru,2,3,36,key,140227_1,,0.43799495697021484,0.16845431923866272,0.7379422783851624,0.35358697175979614,2.402625799179077,0.07428571428571429,2538,0.9743892828999212,0.8710939288139343,0.12938164174556732,0.010789971798658371,0.07088682800531387,0.04885949566960335,0.2842095196247101,0.9735974669456482,0.32846301794052124,0.4261033236980438,0.4514808654785156,0.450234979391098,0.45178836584091187,0.46240875124931335,0.4566245973110199,0.4748592972755432,0.44729137420654297,0.437035471200943,0.42391031980514526,0.4303978681564331,0.5580620169639587,0.7258280515670776,0.767426073551178,0.7624496221542358,0.7641095519065857,0.780246376991272,0.7682347893714905,0.7981361746788025,0.7483854293823242,0.7299573421478271,0.7048253417015076,0.718494713306427,target_lookback,linear
gru,0,5,36,key,140313_1,,0.6283700466156006,0.3518039584159851,0.9998311400413513,0.9947132468223572,1.085624098777771,0.053974484789008834,2658,0.5522949586155004,0.7692642211914062,0.16567768156528473,0.033414486795663834,0.1689944863319397,0.13359209895133972,0.6794381141662598,1.1727676391601562,0.44003990292549133,0.5709636807441711,0.6256440877914429,0.6232736110687256,0.6393190622329712,0.6588212847709656,0.6697152256965637,0.6618145704269409,0.6554524898529053,0.6552236676216125,0.6623861193656921,0.6487652659416199,0.7043793201446533,0.9117164611816406,1.0037997961044312,0.9958916306495667,1.0193527936935425,1.0482428073883057,1.0641883611679077,1.0498197078704834,1.0387704372406006,1.0356847047805786,1.0435810089111328,1.0278942584991455,target_lookback,linear
gru,1,5,36,key,140313_1,,0.6512790322303772,0.3733358681201935,1.0367770195007324,1.0302623510360718,1.1449570655822754,0.053974484789008834,2658,0.5395033860045146,0.8224225044250488,0.16170459985733032,0.03126991167664528,0.1810646504163742,0.13310611248016357,0.6946545839309692,1.2200706005096436,0.44038304686546326,0.5927307605743408,0.6870905756950378,0.6776111721992493,0.6699823141098022,0.6689417362213135,0.6624428629875183,0.6849699020385742,0.686818540096283,0.6786514520645142,0.676594078540802,0.6534854769706726,0.7056021690368652,0.9498319625854492,1.1028865575790405,1.0826139450073242,1.0685148239135742,1.0655854940414429,1.0517700910568237,1.0876082181930542,1.0877161026000977,1.0740464925765991,1.0687483549118042,1.032018780708313,target_lookback,linear
gru,2,6,36,key,140313_1,,0.6457419395446777,0.366540789604187,1.0280640125274658,1.0085034370422363,1.3248158693313599,0.053974484789008834,2658,0.4574868322046652,0.6470885872840881,0.16745974123477936,0.026519570499658585,0.17243866622447968,0.13215939700603485,0.6906431913375854,1.2090898752212524,0.43885716795921326,0.5638169050216675,0.649490237236023,0.6633943915367126,0.6532676219940186,0.6651173233985901,0.6885760426521301,0.682718813419342,0.6735877990722656,0.6897881031036377,0.674822986125946,0.6689915060997009,0.7029878497123718,0.8995004296302795,1.0418360233306885,1.0623458623886108,1.0427124500274658,1.05867338180542,1.096928358078003,1.0826497077941895,1.0678400993347168,1.0912041664123535,1.064443588256836,1.0578051805496216,target_lookback,linear
gru,0,3,3,key,140120_1,,1.0770026445388794,0.4673098623752594,1.7866580486297607,1.191024899482727,4.1067070960998535,0.11482254697286012,1326,0.8197586726998491,1.3116241693496704,0.17099963128566742,0.027364827692508698,0.09441465139389038,0.04619964212179184,1.0100198984146118,2.2690696716308594,0.6224945187568665,0.8384361863136292,0.955726683139801,0.9973139762878418,1.0706548690795898,1.1547198295593262,1.1984199285507202,1.1615649461746216,1.2449870109558105,1.2209547758102417,1.1741936206817627,1.1599068641662598,1.05043363571167,1.4135723114013672,1.6064058542251587,1.670783519744873,1.787292718887329,1.919385313987732,1.9821784496307373,1.9127845764160156,2.040972948074341,1.9931716918945312,1.9073219299316406,1.8973374366760254,target_lookback,log
gru,1,3,3,key,140120_1,,1.0597478151321411,0.4580400288105011,1.7576549053192139,1.161484956741333,4.062696933746338,0.11482254697286012,1326,0.8182503770739065,1.2981947660446167,0.17769846320152283,0.02540246956050396,0.0885368138551712,0.05344152823090553,1.0002117156982422,2.229583501815796,0.6247252225875854,0.8627378940582275,0.9743104577064514,1.0011390447616577,1.0474990606307983,1.0735360383987427,1.105603575706482,1.1658939123153687,1.1944141387939453,1.1984108686447144,1.1991004943847656,1.1679823398590088,1.053669810295105,1.4551631212234497,1.6379687786102295,1.677172064781189,1.7474615573883057,1.783695101737976,1.8279273509979248,1.9191094636917114,1.9569354057312012,1.9554266929626465,1.947637915611267,1.9122637510299683,target_lookback,log
gru,2,3,3,key,140120_1,,1.0610712766647339,0.47604116797447205,1.7600361108779907,1.2872041463851929,3.7689833641052246,0.11482254697286012,1326,0.8461538461538461,1.5877327919006348,0.17195039987564087,0.026384934782981873,0.09210283309221268,0.052587319165468216,1.0083028078079224,2.2298712730407715,0.6610909700393677,0.8998365998268127,0.9722359776496887,0.9870424866676331,1.1155580282211304,1.0971311330795288,1.1263911724090576,1.1549546718597412,1.1713868379592896,1.1076619625091553,1.2367719411849976,1.1198797225952148,1.1158802509307861,1.5182942152023315,1.6338088512420654,1.6544541120529175,1.8613437414169312,1.8229496479034424,1.8625842332839966,1.9024163484573364,1.9206987619400024,1.807254672050476,2.0092575550079346,1.831296443939209,target_lookback,log
gru,0,6,3,key,140206_1,,0.6744626760482788,0.3582274913787842,1.0792269706726074,1.0046228170394897,1.2582008838653564,0.270935960591133,522,0.8045977011494253,0.9664452075958252,0.05948387458920479,0.04878386855125427,0.0549684576690197,0.06361651420593262,0.4978991448879242,1.4787193536758423,0.6499202251434326,0.6653324365615845,0.4992223083972931,0.5494881868362427,0.6150322556495667,0.7006387114524841,0.7167860865592957,0.7447836399078369,0.7063077092170715,0.7121665477752686,0.7587897181510925,0.7729413509368896,1.1014803647994995,1.11590576171875,0.8268158435821533,0.9013674259185791,0.9974436163902283,1.1250836849212646,1.1370747089385986,1.168774127960205,1.0944654941558838,1.0902739763259888,1.1473795175552368,1.1891745328903198,target_lookback,log
gru,1,5,3,key,140206_1,,0.7521018981933594,0.3888094425201416,1.2039201259613037,1.0039703845977783,1.6239986419677734,0.270935960591133,522,0.7931034482758621,1.023322343826294,0.07396601140499115,0.04463357478380203,0.051039911806583405,0.05732505023479462,0.5279026031494141,1.6596125364303589,0.6259720325469971,0.731927216053009,0.6774722933769226,0.6659713387489319,0.6875534653663635,0.7372410893440247,0.8090541958808899,0.8265148401260376,0.8319380879402161,0.7938655614852905,0.8134245276451111,0.8424408435821533,1.0607666969299316,1.2279824018478394,1.123794674873352,1.0925424098968506,1.113663673400879,1.181670904159546,1.2847671508789062,1.2981206178665161,1.2907742261886597,1.2167611122131348,1.2313058376312256,1.2969105243682861,target_lookback,log
gru,2,5,3,key,140206_1,,0.6873974204063416,0.3692636489868164,1.0999771356582642,0.9703560471534729,1.3899922370910645,0.270935960591133,522,0.7911877394636015,0.9196389317512512,0.0550735741853714,0.03954368829727173,0.05253113433718681,0.0789579376578331,0.5890420079231262,1.473706841468811,0.6214030981063843,0.738110363483429,0.5724462270736694,0.5351475477218628,0.6530524492263794,0.6946001052856445,0.7314974069595337,0.7392057776451111,0.7369099259376526,0.745792806148529,0.7451332807540894,0.7337847352027893,1.0519064664840698,1.2378995418548584,0.9474883079528809,0.8757531046867371,1.0600043535232544,1.1160335540771484,1.1622564792633057,1.159820556640625,1.141106367111206,1.1417924165725708,1.1278446912765503,1.1299259662628174,target_lookback,log
gru,0,37,3,key,140207_2,,0.3747275471687317,0.1887235939502716,0.5971986055374146,0.3769935965538025,0.966387927532196,0.270935960591133,522,0.5613026819923371,0.30571532249450684,0.08109946548938751,0.007747550494968891,0.04342205449938774,0.058176349848508835,0.21831759810447693,0.7927404046058655,0.37261825799942017,0.3900682032108307,0.4076288640499115,0.3979036211967468,0.39753639698028564,0.4481838643550873,0.3924601972103119,0.35359659790992737,0.3223492503166199,0.28788572549819946,0.30257323384284973,0.36743128299713135,0.627920389175415,0.6508908271789551,0.6748690009117126,0.6514965891838074,0.6414949297904968,0.7175281643867493,0.621024489402771,0.5524663925170898,0.4961003363132477,0.43785911798477173,0.4549744129180908,0.5634924173355103,target_lookback,log
gru,1,15,3,key,140207_2,,0.336731880903244,0.18319346010684967,0.5360418558120728,0.4189583659172058,0.7669577598571777,0.270935960591133,522,0.6973180076628352,0.46135130524635315,0.07897867262363434,0.012166924774646759,0.04061267897486687,0.05793371424078941,0.2639531195163727,0.6919606328010559,0.34001246094703674,0.3634484112262726,0.3224101960659027,0.33421680331230164,0.3565954566001892,0.3398597836494446,0.35128524899482727,0.3860107958316803,0.36192068457603455,0.3017014265060425,0.2537354528903961,0.2932754456996918,0.5711962580680847,0.6045532822608948,0.5318321585655212,0.5458328723907471,0.5757120251655579,0.542859673500061,0.5560742020606995,0.6039749383926392,0.5585485696792603,0.4598446786403656,0.3818497359752655,0.44844233989715576,target_lookback,log
gru,2,38,3,key,140207_2,,0.3985748887062073,0.18229049444198608,0.6358438730239868,0.3234805464744568,1.1002949476242065,0.270935960591133,522,0.6724137931034483,0.37321236729621887,0.08393725752830505,0.007472383789718151,0.03249792009592056,0.05759532377123833,0.17948494851589203,0.8553315997123718,0.3673417270183563,0.3708837330341339,0.3414592146873474,0.4078507125377655,0.4296330511569977,0.45350193977355957,0.4426211416721344,0.42734330892562866,0.43931111693382263,0.35575631260871887,0.3261716365814209,0.3975332975387573,0.618866503238678,0.6178918480873108,0.564754843711853,0.667950451374054,0.6947760581970215,0.727191150188446,0.7009616494178772,0.66910320520401,0.6799321174621582,0.5420643091201782,0.4911743402481079,0.6097577214241028,target_lookback,log
gru,0,15,3,key,140214_1,,0.3270062208175659,0.14937858283519745,0.5302399396896362,0.355774462223053,0.8834948539733887,0.23636363636363636,726,0.78099173553719,0.3479621410369873,0.03746452182531357,0.009462003596127033,0.022729836404323578,0.030157791450619698,0.24235495924949646,0.6953368782997131,0.38142117857933044,0.362628310918808,0.3699319362640381,0.2994708716869354,0.2668226361274719,0.37525784969329834,0.30140554904937744,0.31704795360565186,0.2801375687122345,0.2599157392978668,0.3173806369304657,0.3476446568965912,0.6448248028755188,0.6084492206573486,0.6157633066177368,0.493770569562912,0.4368748664855957,0.6106075048446655,0.4856824278831482,0.5069005489349365,0.44393792748451233,0.40810030698776245,0.49453362822532654,0.5486395955085754,target_lookback,log
gru,1,14,3,key,140214_1,,0.2719978988170624,0.1390683948993683,0.4400022029876709,0.34831660985946655,0.6535394191741943,0.23636363636363636,726,0.8099173553719008,0.42154935002326965,0.04605032131075859,0.011356513015925884,0.019248254597187042,0.043520040810108185,0.2683636546134949,0.551551103591919,0.3138076066970825,0.27482330799102783,0.2360284924507141,0.2451690137386322,0.254618763923645,0.3063567578792572,0.3507389426231384,0.28127411007881165,0.2710171937942505,0.213575080037117,0.23555026948451996,0.24083015322685242,0.5297009348869324,0.46028298139572144,0.391811728477478,0.40279221534729004,0.4134407937526703,0.4975906312465668,0.5654973387718201,0.44875556230545044,0.42890146374702454,0.3341462016105652,0.36537107825279236,0.3795567452907562,target_lookback,log
gru,2,15,3,key,140214_1,,0.3748184144496918,0.18747428059577942,0.6064126491546631,0.44556698203086853,0.9562442302703857,0.23636363636363636,726,0.6887052341597796,0.3579421043395996,0.054205384105443954,0.008668758906424046,0.04309428855776787,0.05671384930610657,0.29135972261428833,0.7905994057655334,0.3367861211299896,0.33771732449531555,0.3983938992023468,0.3371424376964569,0.36697912216186523,0.3556860685348511,0.3642807602882385,0.3882702589035034,0.36802777647972107,0.3843734860420227,0.40646710991859436,0.45374926924705505,0.5634475946426392,0.5621235966682434,0.6629942059516907,0.5550129413604736,0.6002289652824402,0.5771427154541016,0.5858374238014221,0.6195918917655945,0.5825259685516357,0.6023829579353333,0.6336915493011475,0.7168675065040588,target_lookback,log
gru,0,5,3,key,140214_2,,0.5844124555587769,0.2943604290485382,0.9129921197891235,0.7978557348251343,1.1412959098815918,0.29577464788732394,522,0.6743295019157088,0.5429508090019226,0.06736956536769867,0.03156588599085808,0.05487348139286041,0.026475457474589348,0.2520695924758911,1.2578476667404175,0.43977782130241394,0.5271577835083008,0.4841471016407013,0.5593104958534241,0.5886141657829285,0.5835563540458679,0.6069076657295227,0.6279498338699341,0.6233605146408081,0.6176397800445557,0.6803737878799438,0.6852053999900818,0.7226362824440002,0.8585485816001892,0.7810291647911072,0.8930172920227051,0.9290583729743958,0.9106863141059875,0.9349873661994934,0.9571554064750671,0.9381739497184753,0.9194028377532959,1.0290542840957642,1.0545397996902466,target_lookback,log
gru,1,4,3,key,140214_2,,0.5524075031280518,0.28971657156944275,0.8623084425926208,0.8219150900840759,0.9516067504882812,0.29577464788732394,522,0.8295019157088123,0.7413131594657898,0.0813867598772049,0.01889246143400669,0.05613727122545242,0.03925235569477081,0.2872583270072937,1.1774003505706787,0.4376346468925476,0.5480616688728333,0.4537754952907562,0.507551372051239,0.6117854714393616,0.6548407673835754,0.5424899458885193,0.5589667558670044,0.5359832048416138,0.5466758608818054,0.5924286246299744,0.6293612122535706,0.7200135588645935,0.8924322724342346,0.7303279638290405,0.8071660399436951,0.9653980731964111,1.022545337677002,0.8368387222290039,0.8504536151885986,0.8062600493431091,0.8122973442077637,0.8949097394943237,0.9673628211021423,target_lookback,log
gru,2,4,3,key,140214_2,,0.5957176089286804,0.30161234736442566,0.9303256273269653,0.8338219523429871,1.1273218393325806,0.29577464788732394,522,0.9157088122605364,0.9511337280273438,0.08007213473320007,0.014607509598135948,0.054340869188308716,0.04487140104174614,0.2498149871826172,1.2830804586410522,0.43855980038642883,0.5664286613464355,0.5534371137619019,0.5602456331253052,0.6351256370544434,0.6640664339065552,0.6485106945037842,0.564180850982666,0.6453624963760376,0.608772337436676,0.6333084106445312,0.6290605664253235,0.721592903137207,0.9214437007904053,0.8911640048027039,0.8932834267616272,1.0007357597351074,1.0359381437301636,1.0005980730056763,0.8600013852119446,0.9730090498924255,0.9054794907569885,0.9573589563369751,0.9676091074943542,target_lookback,log
gru,0,7,3,key,140227_1,,0.6373876333236694,0.33226311206817627,1.0805262327194214,1.0558539628982544,1.350695252418518,0.07428571428571429,2538,0.8195429472025216,0.7748100161552429,0.12626788020133972,0.01789984107017517,0.06116064265370369,0.046915676444768906,0.44205212593078613,1.4187864065170288,0.3837525546550751,0.6113501191139221,0.7285051345825195,0.7076271772384644,0.702968955039978,0.5724614858627319,0.6940171122550964,0.6957615613937378,0.6731104850769043,0.6496627926826477,0.5602883696556091,0.5898103713989258,0.6556458473205566,1.0468591451644897,1.245713710784912,1.2069201469421387,1.1958067417144775,0.9699276685714722,1.1749876737594604,1.1751142740249634,1.134321689605713,1.0919570922851562,0.9381037354469299,0.9911425709724426,target_lookback,log
gru,1,3,3,key,140227_1,,0.38785794377326965,0.1762133240699768,0.6508986353874207,0.4491286277770996,1.7859281301498413,0.07428571428571429,2538,0.9385342789598109,0.9270952343940735,0.13514727354049683,0.006956766359508038,0.06286250054836273,0.0634777694940567,0.2639094293117523,0.8553047776222229,0.31048303842544556,0.38615095615386963,0.4064648151397705,0.40222927927970886,0.42788997292518616,0.38167959451675415,0.3549131155014038,0.4398269057273865,0.4329287111759186,0.42365434765815735,0.2830525040626526,0.3710162341594696,0.5244746804237366,0.653876543045044,0.6859942674636841,0.6805241703987122,0.7217625975608826,0.6393870115280151,0.59039705991745,0.7387447953224182,0.7242631316184998,0.7063045501708984,0.46561935544013977,0.6187458038330078,target_lookback,log
gru,2,4,3,key,140227_1,,0.39413025975227356,0.16592839360237122,0.6631190180778503,0.38902854919433594,2.008340358734131,0.07428571428571429,2538,0.9018912529550828,0.7518126964569092,0.12741895020008087,0.01641685701906681,0.06432672590017319,0.03612229973077774,0.25895407795906067,0.8739690780639648,0.3224334418773651,0.3826022446155548,0.4109800159931183,0.4383623003959656,0.4140303134918213,0.4471336901187897,0.39750492572784424,0.35028237104415894,0.36685270071029663,0.3804255723953247,0.41809818148612976,0.3829774260520935,0.5479850769042969,0.6498596668243408,0.6975587010383606,0.7433955073356628,0.6985347270965576,0.7543278336524963,0.6672943234443665,0.585042417049408,0.6119483709335327,0.6337631940841675,0.6958085894584656,0.6400593519210815,target_lookback,log
gru,0,5,3,key,140313_1,,0.7052521705627441,0.4124312996864319,1.1243531703948975,1.1076018810272217,1.3854542970657349,0.053974484789008834,2658,0.5131677953348383,0.8517243266105652,0.17037998139858246,0.029951145872473717,0.1840256154537201,0.1336185783147812,0.6710819602012634,1.3536938428878784,0.4457823932170868,0.7465717792510986,0.7455153465270996,0.7183313965797424,0.6841136813163757,0.756382405757904,0.8564288020133972,0.6868250370025635,0.7008635997772217,0.721879243850708,0.6234028935432434,0.7056705951690674,0.7141543626785278,1.201584815979004,1.2000640630722046,1.1525989770889282,1.090538740158081,1.2076109647750854,1.3665647506713867,1.0872976779937744,1.1132597923278809,1.1406224966049194,0.9812431335449219,1.1166270971298218,target_lookback,log
gru,1,7,3,key,140313_1,,0.8038173317909241,0.46448975801467896,1.2874139547348022,1.2761120796203613,1.4714778661727905,0.053974484789008834,2658,0.4996237772761475,0.7479496598243713,0.16475066542625427,0.028373857960104942,0.15293800830841064,0.13634057343006134,0.6578549146652222,1.5851362943649292,0.44658294320106506,0.8060359358787537,0.8290984034538269,0.7597082257270813,0.7713842391967773,1.0089823007583618,0.8596671223640442,0.8144916892051697,0.7838008403778076,0.87696373462677,0.7967656254768372,0.7859099507331848,0.7157572507858276,1.3015087842941284,1.3383513689041138,1.218936800956726,1.2382254600524902,1.621938943862915,1.3754457235336304,1.299809217453003,1.2468881607055664,1.3951743841171265,1.2639951705932617,1.249273419380188,target_lookback,log
gru,2,7,3,key,140313_1,,0.6872361302375793,0.4091074466705322,1.0956897735595703,1.0581440925598145,1.6179981231689453,0.053974484789008834,2658,0.4525959367945824,0.6827436685562134,0.16626958549022675,0.03448169678449631,0.17545613646507263,0.13397850096225739,0.6989917755126953,1.3029628992080688,0.42017480731010437,0.5470334887504578,0.7016931176185608,0.7426441311836243,0.7022365927696228,0.6908581852912903,0.7362072467803955,0.6555701494216919,0.7105816006660461,0.744375467300415,0.7978519797325134,0.7250816822052002,0.6719198822975159,0.8735107183456421,1.1280025243759155,1.1933109760284424,1.1226558685302734,1.1003072261810303,1.1739516258239746,1.0388094186782837,1.126154899597168,1.1776111125946045,1.26297926902771,1.1482653617858887,target_lookback,log
gru,0,3,6,key,140120_1,,1.0800498723983765,0.4680982232093811,1.7916076183319092,1.1910459995269775,4.125397205352783,0.11482254697286012,1326,0.7903469079939668,1.1734180450439453,0.1771138608455658,0.027103591710329056,0.09006494283676147,0.04343411326408386,1.0042121410369873,2.2787890434265137,0.6378952264785767,0.868243932723999,1.02201509475708,1.0689163208007812,1.1716301441192627,1.1838783025741577,1.1823596954345703,1.125272274017334,1.1633498668670654,1.2000523805618286,1.1174403429031372,1.1168630123138428,1.077666163444519,1.463891625404358,1.7193183898925781,1.789870262145996,1.954382061958313,1.9674865007400513,1.9565232992172241,1.8530975580215454,1.9067785739898682,1.9581166505813599,1.8147417306900024,1.8280259370803833,target_lookback,log
gru,1,10,6,key,140120_1,,0.9981159567832947,0.5105984807014465,1.6555776596069336,1.6213881969451904,1.898591160774231,0.11482254697286012,1326,0.8144796380090498,1.2494689226150513,0.16566824913024902,0.022929087281227112,0.07593335211277008,0.060778066515922546,1.1051418781280518,2.0272598266601562,0.6823448538780212,0.8994227051734924,1.0057123899459839,1.0870606899261475,1.1672430038452148,1.1600356101989746,0.93159419298172,1.032309651374817,0.9877181053161621,0.8413750529289246,0.9535112977027893,1.1299315690994263,1.1532365083694458,1.5176125764846802,1.6930859088897705,1.8223296403884888,1.9489949941635132,1.9286503791809082,1.5394489765167236,1.6994174718856812,1.6177183389663696,1.3705151081085205,1.546949863433838,1.8501901626586914,target_lookback,log
gru,2,3,6,key,140120_1,,1.0707613229751587,0.4756883978843689,1.7767109870910645,1.2496223449707031,3.931135892868042,0.11482254697286012,1326,0.8521870286576169,1.466729998588562,0.16309627890586853,0.02466319128870964,0.08897702395915985,0.04939756914973259,1.0054612159729004,2.256009817123413,0.8443235754966736,0.8858929872512817,1.0570993423461914,1.067367434501648,1.159985065460205,1.150536060333252,1.1338200569152832,1.1545056104660034,1.124837875366211,1.0954850912094116,1.0772442817687988,1.063799500465393,1.4311199188232422,1.4945329427719116,1.7803170680999756,1.7895357608795166,1.9365445375442505,1.9125341176986694,1.8766162395477295,1.9018899202346802,1.844643235206604,1.785476565361023,1.7485145330429077,1.7403229475021362,target_lookback,log
gru,0,4,6,key,140206_1,,0.779502272605896,0.3995053768157959,1.2474029064178467,1.009857177734375,1.73172926902771,0.270935960591133,522,0.8582375478927203,1.1617003679275513,0.06384725868701935,0.05126865208148956,0.0667712613940239,0.07407339662313461,0.5355777740478516,1.7235459089279175,0.6135483384132385,0.7691648006439209,0.7013838887214661,0.7454259991645813,0.7733939290046692,0.7932381629943848,0.8526419401168823,0.792237401008606,0.8259151577949524,0.8081790208816528,0.8485211730003357,0.8469410538673401,1.039168357849121,1.290480613708496,1.163426160812378,1.2239460945129395,1.2549455165863037,1.2729628086090088,1.352157711982727,1.2427635192871094,1.2812285423278809,1.2374136447906494,1.2827770709991455,1.3028020858764648,target_lookback,log
gru,1,5,6,key,140206_1,,0.7972508072853088,0.40878865122795105,1.2763835191726685,1.1373082399368286,1.591368317604065,0.270935960591133,522,0.8256704980842912,1.1382735967636108,0.062187667936086655,0.04597291350364685,0.0570700541138649,0.06678710877895355,0.5919858813285828,1.7476788759231567,0.6037911772727966,0.762683629989624,0.7618371844291687,0.7355088591575623,0.7761480808258057,0.8454569578170776,0.9000024795532227,0.8336801528930664,0.8345698118209839,0.8361076712608337,0.8576784729957581,0.8279757499694824,1.0223920345306396,1.2782495021820068,1.2638373374938965,1.2069029808044434,1.260546088218689,1.3582700490951538,1.429983139038086,1.3074545860290527,1.2947274446487427,1.2812461853027344,1.2980327606201172,1.2749820947647095,target_lookback,log
gru,2,5,6,key,140206_1,,0.6985154151916504,0.3637007176876068,1.1179317235946655,0.9758543372154236,1.4318732023239136,0.270935960591133,522,0.8237547892720306,1.0126819610595703,0.06577461957931519,0.04460390284657478,0.044557686895132065,0.06872639060020447,0.5138696432113647,1.5324575901031494,0.6028240323066711,0.7069437503814697,0.6598118543624878,0.611060380935669,0.6719897985458374,0.712207019329071,0.7503860592842102,0.7646334171295166,0.7455148696899414,0.7166795134544373,0.7133656740188599,0.7376403212547302,1.0219026803970337,1.185106873512268,1.0934332609176636,1.0018699169158936,1.091351866722107,1.1444021463394165,1.1902114152908325,1.199808955192566,1.1551775932312012,1.0973707437515259,1.079676628112793,1.1359256505966187,target_lookback,log
gru,0,10,6,key,140207_2,,0.4341907203197479,0.19983917474746704,0.6930678486824036,0.32753217220306396,1.2182893753051758,0.270935960591133,522,0.7222222222222222,0.4253085255622864,0.08556617051362991,0.014737298712134361,0.03796306625008583,0.054255757480859756,0.21920043230056763,0.9276862740516663,0.3810359537601471,0.496226966381073,0.4536803662776947,0.4473116993904114,0.41600194573402405,0.3880158066749573,0.3640982210636139,0.3880448043346405,0.3925338089466095,0.42738205194473267,0.4947764575481415,0.537755012512207,0.6420996189117432,0.8301059007644653,0.7516973614692688,0.7316418290138245,0.67383873462677,0.6190353035926819,0.5757694840431213,0.6065189838409424,0.605588436126709,0.6535289883613586,0.7481256127357483,0.8271788358688354,target_lookback,log
gru,1,48,6,key,140207_2,,0.450867623090744,0.21098493039608002,0.7199958562850952,0.40988990664482117,1.208820104598999,0.270935960591133,522,0.5938697318007663,0.3043711185455322,0.08709932863712311,0.009704113937914371,0.03789971023797989,0.05015666037797928,0.17307090759277344,0.9736738204956055,0.37373578548431396,0.4427659511566162,0.49093320965766907,0.522355854511261,0.4756333827972412,0.4310553967952728,0.45838621258735657,0.4456338584423065,0.4506407678127289,0.44680124521255493,0.43062201142311096,0.42004528641700745,0.6290721893310547,0.7382334470748901,0.8136962652206421,0.857688307762146,0.7716211080551147,0.6904474496841431,0.7261284589767456,0.6965423822402954,0.6969186067581177,0.6828159093856812,0.6506497859954834,0.6453304886817932,target_lookback,log
gru,2,45,6,key,140207_2,,0.4391304552555084,0.2089158296585083,0.7013041377067566,0.36544960737228394,1.2066112756729126,0.270935960591133,522,0.5689655172413793,0.3406417667865753,0.0773368775844574,0.011539118364453316,0.03455469757318497,0.06088441610336304,0.2296171933412552,0.9370571970939636,0.3501752018928528,0.3511325418949127,0.4002988934516907,0.4598178565502167,0.4394838511943817,0.47732287645339966,0.39485323429107666,0.401120662689209,0.4238626956939697,0.46042802929878235,0.5227324366569519,0.580282986164093,0.590189516544342,0.5855376720428467,0.6629734635353088,0.7535607218742371,0.7121180891990662,0.7646084427833557,0.6242521405220032,0.6276679635047913,0.6556421518325806,0.7037163376808167,0.7899852395057678,0.8926060199737549,target_lookback,log
gru,0,11,6,key,140214_1,,0.433749258518219,0.21733585000038147,0.7036382555961609,0.7015323042869568,0.7103993892669678,0.23636363636363636,726,0.721763085399449,0.36641690135002136,0.04541323333978653,0.007879075594246387,0.022424917668104172,0.03821350261569023,0.27229389548301697,0.9370517730712891,0.3874218761920929,0.4431511163711548,0.4010077118873596,0.39390695095062256,0.3570859134197235,0.4007408916950226,0.38211727142333984,0.4348595440387726,0.4302826225757599,0.4617331027984619,0.5368700623512268,0.5592080354690552,0.6553217768669128,0.7442486882209778,0.6682543158531189,0.650695264339447,0.5841915607452393,0.6514725089073181,0.6162844300270081,0.695807933807373,0.6822278499603271,0.7242826223373413,0.836520791053772,0.8837133646011353,target_lookback,log
gru,1,16,6,key,140214_1,,0.407474547624588,0.19338282942771912,0.6608383059501648,0.44604024291038513,1.0976520776748657,0.23636363636363636,726,0.7300275482093664,0.35578662157058716,0.04355790838599205,0.006342608015984297,0.023601002991199493,0.04193160682916641,0.3713776767253876,0.8417359590530396,0.4557674527168274,0.41882801055908203,0.37663495540618896,0.42307978868484497,0.4470786154270172,0.39219120144844055,0.3988485038280487,0.37390902638435364,0.372882217168808,0.3922448754310608,0.4109328091144562,0.4093266725540161,0.7707339525222778,0.7026211619377136,0.6268661022186279,0.6989045739173889,0.7330418229103088,0.637320339679718,0.6427515745162964,0.5971642136573792,0.5910555720329285,0.6165677309036255,0.6403648853302002,0.6462913751602173,target_lookback,log
gru,2,14,6,key,140214_1,,0.32817667722702026,0.16513872146606445,0.5302963256835938,0.3887292444705963,0.83758544921875,0.23636363636363636,726,0.71900826446281,0.354863703250885,0.045978616923093796,0.010496930219233036,0.05707754194736481,0.04546506330370903,0.2969297468662262,0.6758943796157837,0.40139344334602356,0.34315136075019836,0.33057069778442383,0.32069435715675354,0.30314067006111145,0.25882232189178467,0.3132539689540863,0.27545222640037537,0.36830267310142517,0.3308098018169403,0.33793210983276367,0.3242088854312897,0.6773951053619385,0.5687264800071716,0.5471189022064209,0.5295307040214539,0.49541136622428894,0.4175528585910797,0.503663182258606,0.43823549151420593,0.5826711058616638,0.5198764801025391,0.5255703330039978,0.5099849700927734,target_lookback,log
gru,0,5,6,key,140214_2,,0.6221519112586975,0.3083433210849762,0.9714097380638123,0.8020540475845337,1.2879233360290527,0.29577464788732394,522,0.7183908045977011,0.6354846358299255,0.08654267340898514,0.023595444858074188,0.06434661149978638,0.034880708903074265,0.23798444867134094,1.3438743352890015,0.4524890184402466,0.5681157112121582,0.5430001616477966,0.5806606411933899,0.5960788726806641,0.6153697371482849,0.609801173210144,0.6666345596313477,0.6902385354042053,0.6674042344093323,0.703987717628479,0.7809402346611023,0.7443519234657288,0.9258469343185425,0.8716795444488525,0.9250081777572632,0.9395313262939453,0.9574940204620361,0.9396927952766418,1.0161396265029907,1.0398720502853394,0.9933080673217773,1.0650784969329834,1.2024396657943726,target_lookback,log
gru,1,4,6,key,140214_2,,0.6869968771934509,0.3456101715564728,1.07318913936615,1.1665278673171997,0.8086971044540405,0.29577464788732394,522,0.7509578544061303,0.7690390944480896,0.08885946124792099,0.021674292162060738,0.05778070166707039,0.04229486361145973,0.2803220748901367,1.4815800189971924,0.5063891410827637,0.6364551782608032,0.6792661547660828,0.644999086856842,0.7458935976028442,0.7506923079490662,0.6665242910385132,0.7035616636276245,0.7199122905731201,0.7558388113975525,0.7533404231071472,0.6800718307495117,0.8306787014007568,1.0376770496368408,1.0958834886550903,1.0295498371124268,1.178166151046753,1.171151876449585,1.027883529663086,1.0729880332946777,1.0842418670654297,1.1226636171340942,1.1394720077514648,1.045377254486084,target_lookback,log
gru,2,4,6,key,140214_2,,0.6048284769058228,0.30978313088417053,0.9447296857833862,0.866993248462677,1.108079433441162,0.29577464788732394,522,0.814176245210728,0.7622519731521606,0.07432109862565994,0.01839541830122471,0.055627793073654175,0.04501502588391304,0.2759234309196472,1.2985442876815796,0.4553548991680145,0.5700016617774963,0.4980914890766144,0.5739362239837646,0.6393925547599792,0.5704682469367981,0.622260570526123,0.6447367668151855,0.6890060901641846,0.6743065118789673,0.6325545907020569,0.6940944194793701,0.7475866079330444,0.9268168807029724,0.802783727645874,0.9156659841537476,1.0086581707000732,0.8901517391204834,0.9603221416473389,0.9833317399024963,1.0388352870941162,1.0037866830825806,0.955558180809021,1.067313313484192,target_lookback,log
gru,0,3,6,key,140227_1,,0.5139917731285095,0.25845757126808167,0.8682911992073059,0.7191974520683289,1.9244177341461182,0.07428571428571429,2538,0.9523246650906225,1.0526554584503174,0.1266363263130188,0.009096954017877579,0.06462275981903076,0.07606425136327744,0.44280216097831726,1.1131367683410645,0.40014249086380005,0.5091779232025146,0.667309582233429,0.5225229263305664,0.44719409942626953,0.4784714877605438,0.6449527740478516,0.46014276146888733,0.5699702501296997,0.37587782740592957,0.5303929448127747,0.47620582580566406,0.6822288632392883,0.8684826493263245,1.1392046213150024,0.8869145512580872,0.7553708553314209,0.806656002998352,1.0913211107254028,0.7715294361114502,0.9586182236671448,0.6254419684410095,0.887112557888031,0.7980189323425293,target_lookback,log
gru,1,3,6,key,140227_1,,0.43881693482398987,0.1976553201675415,0.7395520210266113,0.5288723111152649,1.9690226316452026,0.07428571428571429,2538,0.9747832939322301,1.0743639469146729,0.12849262356758118,0.006838635075837374,0.06135217472910881,0.06120813637971878,0.2810826003551483,0.9766658544540405,0.43318378925323486,0.4274158477783203,0.4363560378551483,0.5100870728492737,0.4617716670036316,0.3735942244529724,0.36813610792160034,0.45441633462905884,0.5178231596946716,0.47583094239234924,0.451178640127182,0.3090868890285492,0.7409248352050781,0.7274322509765625,0.7420127391815186,0.8667523264884949,0.780791163444519,0.6275294423103333,0.6172311902046204,0.7618318796157837,0.8678119778633118,0.7960031032562256,0.7523091435432434,0.5117561221122742,target_lookback,log
gru,2,4,6,key,140227_1,,0.44256392121315,0.1972716748714447,0.7467631697654724,0.5122824907302856,2.0582940578460693,0.07428571428571429,2538,0.9156816390858944,0.7523931860923767,0.1246967762708664,0.01833963580429554,0.06361928582191467,0.0349712073802948,0.2879732847213745,0.9851420521736145,0.3340955078601837,0.46066156029701233,0.5489559769630432,0.453658789396286,0.39860936999320984,0.4829007685184479,0.44929933547973633,0.4212706387042999,0.4672270715236664,0.40210869908332825,0.3914365768432617,0.4626358151435852,0.5690311193466187,0.7859029173851013,0.9360973834991455,0.7691745758056641,0.6737781167030334,0.816741406917572,0.7567911148071289,0.7069687843322754,0.7839698195457458,0.6708052158355713,0.6510055661201477,0.7753274440765381,target_lookback,log
gru,0,6,6,key,140313_1,,0.8208200335502625,0.4798540472984314,1.3140952587127686,1.3162459135055542,1.2758108377456665,0.053974484789008834,2658,0.4529721595184349,0.7343599200248718,0.16569764912128448,0.030768707394599915,0.16973771154880524,0.13679009675979614,0.6825675964355469,1.6147470474243164,0.48485803604125977,0.749720573425293,0.9174171686172485,0.9137661457061768,0.7744122743606567,0.8245635628700256,0.8003345131874084,0.9249535799026489,0.8989270925521851,0.8138755559921265,0.8592877984046936,0.7992088198661804,0.778009295463562,1.209742784500122,1.4833685159683228,1.4716426134109497,1.241176962852478,1.321776270866394,1.2779933214187622,1.4769729375839233,1.4344754219055176,1.291886806488037,1.359588861465454,1.268215537071228,target_lookback,log
gru,1,7,6,key,140313_1,,0.8315085768699646,0.4801236689090729,1.3311326503753662,1.3269672393798828,1.4021310806274414,0.053974484789008834,2658,0.44469525959367945,0.6891384720802307,0.16533635556697845,0.0305536650121212,0.17797403037548065,0.13413839042186737,0.6578104496002197,1.6453332901000977,0.435020387172699,0.677177906036377,0.8684419989585876,0.9011246562004089,0.8632717132568359,0.8863000869750977,0.9088754653930664,0.8288089036941528,0.903520405292511,0.8965005874633789,0.8464103937149048,0.849480152130127,0.696212649345398,1.0906745195388794,1.4010100364685059,1.4503757953643799,1.3869630098342896,1.4212965965270996,1.4542415142059326,1.3202630281448364,1.4388840198516846,1.4241172075271606,1.3420732021331787,1.3496404886245728,target_lookback,log
gru,2,8,6,key,140313_1,,0.7693329453468323,0.4543653130531311,1.229217767715454,1.1957098245620728,1.7132240533828735,0.053974484789008834,2658,0.4714070729872084,0.7433762550354004,0.1729501336812973,0.03438365086913109,0.17886872589588165,0.13365842401981354,0.6965452432632446,1.492423176765442,0.4316638708114624,0.6506210565567017,0.8812888264656067,0.8458837270736694,0.7523189187049866,0.7068447470664978,0.6726018786430359,0.7957239151000977,0.8432474136352539,0.9434158802032471,0.7593040466308594,0.83037269115448,0.6895049810409546,1.0463975667953491,1.4215562343597412,1.3610889911651611,1.2049710750579834,1.1266518831253052,1.0688285827636719,1.266400694847107,1.3409323692321777,1.4971201419830322,1.201865792274475,1.3188000917434692,target_lookback,log
gru,0,3,12,key,140120_1,,1.0775725841522217,0.46973609924316406,1.7874819040298462,1.20237135887146,4.0842790603637695,0.11482254697286012,1326,0.8024132730015083,1.2362982034683228,0.1751989722251892,0.028550514951348305,0.09071114659309387,0.04919172078371048,1.0027629137039185,2.2731986045837402,0.62865149974823,0.8900250792503357,1.0510472059249878,1.1042258739471436,1.110107183456421,1.1474851369857788,1.1603102684020996,1.1904488801956177,1.14816153049469,1.1626708507537842,1.1161398887634277,1.1264373064041138,1.06116783618927,1.501643419265747,1.7694714069366455,1.8514244556427002,1.8528728485107422,1.9056644439697266,1.9192698001861572,1.9604421854019165,1.882710576057434,1.8967007398605347,1.8111004829406738,1.8418580293655396,target_lookback,log
gru,1,3,12,key,140120_1,,1.0717188119888306,0.47240060567855835,1.7783517837524414,1.2560234069824219,3.9218597412109375,0.11482254697286012,1326,0.8197586726998491,1.2838819026947021,0.16468940675258636,0.02481251209974289,0.08623149991035461,0.04444989934563637,0.9994494318962097,2.2608680725097656,0.6652926802635193,0.9121381640434265,1.0936474800109863,1.0968998670578003,1.087207555770874,1.0703867673873901,1.153367280960083,1.1279101371765137,1.1473312377929688,1.13644540309906,1.144080400466919,1.1547894477844238,1.1245613098144531,1.5388307571411133,1.8419209718704224,1.8387069702148438,1.8141448497772217,1.7788790464401245,1.9088249206542969,1.8578158617019653,1.8814663887023926,1.85465669631958,1.8577404022216797,1.8902482986450195,target_lookback,log
gru,2,3,12,key,140120_1,,1.0577927827835083,0.4691636264324188,1.7546401023864746,1.2308993339538574,3.890124797821045,0.11482254697286012,1326,0.8257918552036199,1.3622205257415771,0.17196135222911835,0.020873019471764565,0.09239620715379715,0.04762731119990349,1.0063129663467407,2.222585916519165,0.645706832408905,0.8995720744132996,1.0866715908050537,1.0688687562942505,1.0904005765914917,1.1116529703140259,1.1116691827774048,1.153377890586853,1.121674656867981,1.1146003007888794,1.090936541557312,1.1225425004959106,1.0899133682250977,1.5171804428100586,1.8286839723587036,1.7908573150634766,1.8185216188430786,1.8469568490982056,1.8394263982772827,1.9000074863433838,1.8384357690811157,1.8182575702667236,1.7718505859375,1.8369492292404175,target_lookback,log
gru,0,6,12,key,140206_1,,0.7211503982543945,0.3799070417881012,1.1545571088790894,1.0482760667800903,1.4010692834854126,0.270935960591133,522,0.8199233716475096,0.9923633337020874,0.05832613259553909,0.04266691207885742,0.04661397263407707,0.062377918511629105,0.5448654294013977,1.577291488647461,0.6081898212432861,0.7359579205513,0.6438568234443665,0.647221565246582,0.6494276523590088,0.6956064701080322,0.7390860915184021,0.7387607097625732,0.7686442136764526,0.7841707468032837,0.8253713846206665,0.8354811072349548,1.0308666229248047,1.2342125177383423,1.0674079656600952,1.0625494718551636,1.0536484718322754,1.1169770956039429,1.1737041473388672,1.1587752103805542,1.192530870437622,1.2018229961395264,1.2489162683486938,1.2869526147842407,target_lookback,log
gru,1,10,12,key,140206_1,,0.7734100818634033,0.3521284759044647,1.237945318222046,1.4090771675109863,0.5599585175514221,0.270935960591133,522,0.7260536398467433,0.7672263383865356,0.08781125396490097,0.03427354618906975,0.05163517966866493,0.05690819397568703,0.4590670168399811,1.7337031364440918,0.6306549906730652,0.6558273434638977,0.5195741057395935,0.5990197062492371,0.6599471569061279,0.6650374531745911,0.7017453908920288,0.8229706883430481,1.0002415180206299,0.9446656703948975,0.9871820211410522,1.0196919441223145,1.0690737962722778,1.0993318557739258,0.8603712320327759,0.9803547859191895,1.0713146924972534,1.0673644542694092,1.114608645439148,1.2906041145324707,1.5505681037902832,1.4476587772369385,1.4935046434402466,1.5705879926681519,target_lookback,log
gru,2,5,12,key,140206_1,,0.7425409555435181,0.3788771331310272,1.1891257762908936,0.9952523112297058,1.597999095916748,0.270935960591133,522,0.7854406130268199,0.9292035698890686,0.05442702770233154,0.04170873388648033,0.04742363095283508,0.05325741693377495,0.49352753162384033,1.6488131284713745,0.6311437487602234,0.7354191541671753,0.647150456905365,0.6948554515838623,0.7549189925193787,0.7554672360420227,0.7492448091506958,0.7719418406486511,0.7718428373336792,0.7967564463615417,0.7981939911842346,0.8247954249382019,1.0685921907424927,1.2341444492340088,1.073246955871582,1.1413298845291138,1.226499080657959,1.2139631509780884,1.1903654336929321,1.2120851278305054,1.1968762874603271,1.2210032939910889,1.207995057106018,1.2703367471694946,target_lookback,log
gru,0,10,12,key,140207_2,,0.46574243903160095,0.20021946728229523,0.7440513372421265,0.3004879355430603,1.3417760133743286,0.270935960591133,522,0.6954022988505747,0.36977601051330566,0.08956284075975418,0.016355620697140694,0.03266563266515732,0.04293692857027054,0.15681512653827667,1.0094331502914429,0.38595354557037354,0.4615015387535095,0.43595200777053833,0.43472376465797424,0.3954407572746277,0.5113650560379028,0.48546770215034485,0.3957902193069458,0.5039334297180176,0.5748574137687683,0.5523025393486023,0.4382734000682831,0.6508432626724243,0.7706956267356873,0.722008228302002,0.7126144766807556,0.6404036283493042,0.8196018934249878,0.7702469825744629,0.6186867356300354,0.7801777720451355,0.8800343871116638,0.8340513110160828,0.6738801598548889,target_lookback,log
gru,1,55,12,key,140207_2,,0.40217167139053345,0.19216257333755493,0.6418549418449402,0.3374086618423462,1.1019196510314941,0.270935960591133,522,0.5383141762452107,0.28933241963386536,0.08466760814189911,0.009639814496040344,0.0348505899310112,0.0456225611269474,0.18573665618896484,0.8625659942626953,0.3410837948322296,0.416096568107605,0.3892591893672943,0.38260510563850403,0.3956848084926605,0.3833063840866089,0.3860790729522705,0.41876810789108276,0.43324506282806396,0.42367157340049744,0.43623870611190796,0.4285953938961029,0.5737852454185486,0.6939144134521484,0.6446183323860168,0.6265658140182495,0.6413015723228455,0.6134369969367981,0.6109239459037781,0.6556689143180847,0.6702954769134521,0.647240400314331,0.6587845683097839,0.6581808924674988,target_lookback,log
gru,2,10,12,key,140207_2,,0.5097256898880005,0.21988004446029663,0.814458429813385,0.31287717819213867,1.4781469106674194,0.270935960591133,522,0.6015325670498084,0.35296985507011414,0.08567489683628082,0.012194689363241196,0.0466778427362442,0.054910071194171906,0.21141546964645386,1.0988730192184448,0.3769640028476715,0.4494960308074951,0.43022680282592773,0.43125250935554504,0.4337753355503082,0.5368223786354065,0.5068042874336243,0.5376867055892944,0.5841789245605469,0.6009148955345154,0.5511967539787292,0.6706556081771851,0.6353492140769958,0.7507674098014832,0.7127256989479065,0.7055826187133789,0.7033335566520691,0.8600109815597534,0.8025659322738647,0.8419076800346375,0.9035949110984802,0.9202439188957214,0.8330874443054199,1.0325069427490234,target_lookback,log
gru,0,6,12,key,140214_1,,0.5167917609214783,0.24798251688480377,0.8382158875465393,0.837392270565033,0.8408712148666382,0.23636363636363636,726,0.8429752066115702,0.5165572762489319,0.04973254352807999,0.020033646374940872,0.04191155359148979,0.03774285316467285,0.19357150793075562,1.1435447931289673,0.41433292627334595,0.47090086340904236,0.5034018158912659,0.4518354833126068,0.47280004620552063,0.5725260376930237,0.49554145336151123,0.5694965124130249,0.5391275882720947,0.5484669804573059,0.5889173746109009,0.5708235502243042,0.6984977722167969,0.7902699112892151,0.8358548283576965,0.7462192177772522,0.7751199007034302,0.9305625557899475,0.7991969585418701,0.9108620285987854,0.8552916049957275,0.8628438711166382,0.9183717370033264,0.9019982218742371,target_lookback,log
gru,1,13,12,key,140214_1,,0.3673723340034485,0.18210464715957642,0.5953143835067749,0.4937296211719513,0.8436943888664246,0.23636363636363636,726,0.8181818181818182,0.46254226565361023,0.047783978283405304,0.009367630816996098,0.03352445363998413,0.035389553755521774,0.3052944839000702,0.7694242596626282,0.5152788758277893,0.4434685707092285,0.33454906940460205,0.31615129113197327,0.2919858992099762,0.31033727526664734,0.3346478343009949,0.3373950719833374,0.3524937927722931,0.34512606263160706,0.3535066246986389,0.39600712060928345,0.8699430227279663,0.7426300048828125,0.5569413900375366,0.5211434364318848,0.4784315824508667,0.5044867396354675,0.5389552116394043,0.5388403534889221,0.5587409734725952,0.5422411561012268,0.5502863526344299,0.625342071056366,target_lookback,log
gru,2,5,12,key,140214_1,,0.5774545073509216,0.26448798179626465,0.9371797442436218,0.6482846140861511,1.5356119871139526,0.23636363636363636,726,0.8140495867768595,0.5435395240783691,0.04373279958963394,0.015081231482326984,0.03309903293848038,0.04352378845214844,0.34740257263183594,1.2520092725753784,0.4666200876235962,0.5746455192565918,0.5575417280197144,0.5215491056442261,0.5641355514526367,0.573335587978363,0.612949013710022,0.6319897770881653,0.6104902625083923,0.5678508281707764,0.5996313095092773,0.6494628190994263,0.7879226207733154,0.9649510383605957,0.9294426441192627,0.8624688982963562,0.9247474074363708,0.9313820600509644,0.989529550075531,1.011582851409912,0.9686821699142456,0.8927444815635681,0.9353002309799194,1.0258384943008423,target_lookback,log
gru,0,4,12,key,140214_2,,0.629372775554657,0.3141312897205353,0.9836292266845703,0.9820430874824524,0.9873954057693481,0.29577464788732394,522,0.7911877394636015,0.7883493900299072,0.06647287309169769,0.021071456372737885,0.04769304394721985,0.04208798706531525,0.23845411837100983,1.3612112998962402,0.4597397446632385,0.5906597375869751,0.6023067235946655,0.5510665774345398,0.6117907166481018,0.5794370174407959,0.7413787841796875,0.6887534260749817,0.6677054166793823,0.6910514235496521,0.7142313718795776,0.6528617143630981,0.7563405632972717,0.9621139168739319,0.9722306728363037,0.8792946338653564,0.9653209447860718,0.9035109877586365,1.1443657875061035,1.0500831604003906,1.0065546035766602,1.0291110277175903,1.080764889717102,1.0046359300613403,target_lookback,log
gru,1,4,12,key,140214_2,,0.6272531747817993,0.3207511007785797,0.9801903963088989,1.038372278213501,0.8253154158592224,0.29577464788732394,522,0.7796934865900383,0.7901880145072937,0.06861041486263275,0.025574231520295143,0.049943652004003525,0.040225278586149216,0.28821268677711487,1.3468849658966064,0.4592512249946594,0.658190131187439,0.5692534446716309,0.6293125152587891,0.7037739753723145,0.5452139973640442,0.6080971360206604,0.6301153302192688,0.7028027772903442,0.6826439499855042,0.6652365326881409,0.6630784273147583,0.7545738220214844,1.07338547706604,0.9184176325798035,1.0041155815124512,1.1110835075378418,0.8505206108093262,0.9375631213188171,0.9609434008598328,1.0583134889602661,1.0161921977996826,1.0063645839691162,1.0208625793457031,target_lookback,log
gru,2,4,12,key,140214_2,,0.6158553957939148,0.3157840967178345,0.9609509706497192,0.884661853313446,1.121902585029602,0.29577464788732394,522,0.8026819923371648,0.7745029330253601,0.10678476840257645,0.02925172634422779,0.05669621750712395,0.03530497848987579,0.2486647218465805,1.327059268951416,0.46166878938674927,0.6241724491119385,0.5906202793121338,0.6153483986854553,0.6343346834182739,0.5696061849594116,0.6814669370651245,0.6927425861358643,0.6066998839378357,0.6342971324920654,0.6412968635559082,0.6344120502471924,0.7582595348358154,1.0170506238937378,0.951712965965271,0.9803012013435364,1.000637173652649,0.8883451819419861,1.0519465208053589,1.055928349494934,0.909960925579071,0.9398020505905151,0.9660503268241882,0.9758353233337402,target_lookback,log
gru,0,3,12,key,140227_1,,0.4121619760990143,0.2034057378768921,0.6937493681907654,0.5382301807403564,1.6937751770019531,0.07428571428571429,2538,0.97123719464145,1.0661404132843018,0.12768833339214325,0.023292921483516693,0.05795031785964966,0.059386465698480606,0.38239729404449463,0.8790199756622314,0.3730086386203766,0.49865227937698364,0.4929305911064148,0.43532681465148926,0.4142282009124756,0.3771308660507202,0.36546725034713745,0.4125566780567169,0.3737482726573944,0.34698817133903503,0.3641759157180786,0.45226094126701355,0.636346161365509,0.8512597680091858,0.8375867605209351,0.7367342710494995,0.6995398998260498,0.6335357427597046,0.6118190288543701,0.6914124488830566,0.6232407093048096,0.5760959386825562,0.6050139665603638,0.757202684879303,target_lookback,log
gru,1,3,12,key,140227_1,,0.4282456040382385,0.17949484288692474,0.7217070460319519,0.44491297006607056,2.1318681240081787,0.07428571428571429,2538,0.9743892828999212,1.0960259437561035,0.1274907886981964,0.00796934962272644,0.06265530735254288,0.04989961162209511,0.26774269342422485,0.9547197818756104,0.43141233921051025,0.4128025472164154,0.4704357087612152,0.501986563205719,0.42413055896759033,0.4568057358264923,0.4340748190879822,0.3928663730621338,0.35497695207595825,0.4888497591018677,0.36299046874046326,0.37333226203918457,0.7351363897323608,0.7032703757286072,0.8005632758140564,0.8530545234680176,0.7157249450683594,0.7704602479934692,0.7309061288833618,0.6580111384391785,0.5919877290725708,0.8189999461174011,0.6028215885162354,0.622259259223938,target_lookback,log
gru,2,3,12,key,140227_1,,0.4588075578212738,0.19222745299339294,0.7738671898841858,0.46539026498794556,2.315749406814575,0.07428571428571429,2538,0.958628841607565,1.0098947286605835,0.1298299878835678,0.0216502845287323,0.06149984896183014,0.054819900542497635,0.2817399203777313,1.0250130891799927,0.33057355880737305,0.3748553693294525,0.3944014310836792,0.3994353711605072,0.5483821034431458,0.4733272194862366,0.5063990950584412,0.5343007445335388,0.4546341598033905,0.5561500191688538,0.5114507079124451,0.3505711555480957,0.5629317164421082,0.6334342956542969,0.6692308187484741,0.6766287684440613,0.929645299911499,0.796778678894043,0.8530699014663696,0.9002987742424011,0.76219642162323,0.9327316880226135,0.8550655841827393,0.5827814936637878,target_lookback,log
gru,0,6,12,key,140313_1,,0.8039997220039368,0.46318358182907104,1.2868483066558838,1.2851018905639648,1.3170840740203857,0.053974484789008834,2658,0.4751693002257336,0.7487359642982483,0.1661643534898758,0.03202260658144951,0.16818270087242126,0.1332513988018036,0.6722354888916016,1.5801348686218262,0.4437703490257263,0.6399124264717102,0.8680909872055054,0.7652343511581421,0.8344360589981079,0.9307361841201782,0.7830560207366943,0.8468849062919617,0.9399500489234924,0.8170256614685059,0.8439708352088928,0.8214142918586731,0.7110070586204529,1.0268934965133667,1.4011229276657104,1.227718472480774,1.3384681940078735,1.4934629201889038,1.2482600212097168,1.3520958423614502,1.50015127658844,1.2981297969818115,1.3372101783752441,1.3076419830322266,target_lookback,log
gru,1,6,12,key,140313_1,,0.8211907744407654,0.47187042236328125,1.314581274986267,1.3051990270614624,1.4693318605422974,0.053974484789008834,2658,0.5,0.8032175302505493,0.1670854389667511,0.027605416253209114,0.1722421944141388,0.1345004290342331,0.6706499457359314,1.618901014328003,0.44552332162857056,0.741276204586029,0.8660224676132202,0.8538497090339661,0.8315840363502502,0.9028623700141907,0.8671134114265442,0.8267447352409363,0.8659961223602295,0.8304753303527832,0.8756870627403259,0.8564165830612183,0.7139459848403931,1.1949840784072876,1.3974825143814087,1.374267816543579,1.3357075452804565,1.4484776258468628,1.3869740962982178,1.3163926601409912,1.3786747455596924,1.317343831062317,1.3873411417007446,1.3638629913330078,target_lookback,log
gru,2,9,12,key,140313_1,,0.7088712453842163,0.4059751331806183,1.130924940109253,1.0926958322525024,1.6640130281448364,0.053974484789008834,2658,0.4789315274642588,0.6924571990966797,0.16760924458503723,0.033775776624679565,0.17642472684383392,0.13411253690719604,0.6424794793128967,1.3725509643554688,0.43678048253059387,0.595014214515686,0.7471531629562378,0.664543092250824,0.8331616520881653,0.7398840188980103,0.7847742438316345,0.7035902738571167,0.7411260604858398,0.7555832862854004,0.678355872631073,0.7510778307914734,0.699350893497467,0.9536062479019165,1.2023557424545288,1.065258264541626,1.3370808362960815,1.1825708150863647,1.252422571182251,1.1129274368286133,1.175754427909851,1.1962928771972656,1.0683561563491821,1.1926294565200806,target_lookback,log
gru,0,3,18,key,140120_1,,1.04934561252594,0.4604768753051758,1.740336537361145,1.1577519178390503,4.005578517913818,0.11482254697286012,1326,0.7662141779788839,1.1134264469146729,0.17664797604084015,0.02512328140437603,0.09261300414800644,0.043016210198402405,0.9925923347473145,2.2067105770111084,0.6361562609672546,0.864273726940155,1.0371885299682617,1.0701481103897095,1.0721216201782227,1.1163748502731323,1.1388105154037476,1.1308281421661377,1.1379916667938232,1.1337493658065796,1.0937256813049316,1.0773899555206299,1.0744236707687378,1.457606315612793,1.7444522380828857,1.7941319942474365,1.7894262075424194,1.8544706106185913,1.8826193809509277,1.8601462841033936,1.8657370805740356,1.849160075187683,1.7754162549972534,1.763019323348999,target_lookback,log
gru,1,3,18,key,140120_1,,1.060288667678833,0.4673554003238678,1.7584681510925293,1.2108838558197021,3.9530954360961914,0.11482254697286012,1326,0.7805429864253394,1.2449201345443726,0.17941568791866302,0.028447043150663376,0.0896557867527008,0.04939543455839157,1.0000594854354858,2.230863571166992,0.6406126618385315,0.8909355998039246,1.1052651405334473,1.044427752494812,1.0647555589675903,1.0737218856811523,1.128472089767456,1.1133956909179688,1.1444884538650513,1.157913327217102,1.1248234510421753,1.1551321744918823,1.082274317741394,1.50301992893219,1.8605047464370728,1.7486424446105957,1.7759665250778198,1.7834488153457642,1.8669084310531616,1.833257794380188,1.8756033182144165,1.8880712985992432,1.8253440856933594,1.8903504610061646,target_lookback,log
gru,2,3,18,key,140120_1,,1.073621392250061,0.4828210771083832,1.7810916900634766,1.3032222986221313,3.81244158744812,0.11482254697286012,1326,0.8227752639517345,1.4564309120178223,0.16707096993923187,0.025537556037306786,0.09054315090179443,0.06556611508131027,0.9994258284568787,2.2649734020233154,0.672134280204773,1.038265347480774,1.1643320322036743,1.0655752420425415,1.1043106317520142,1.0744038820266724,1.0858173370361328,1.1217621564865112,1.0995080471038818,1.1048702001571655,1.1228023767471313,1.1662864685058594,1.1356840133666992,1.7540048360824585,1.9616211652755737,1.7864158153533936,1.8407235145568848,1.7857484817504883,1.796451210975647,1.847754716873169,1.8018468618392944,1.8013721704483032,1.8222618103027344,1.9086217880249023,target_lookback,log
gru,0,33,18,key,140206_1,,0.5519126057624817,0.27856898307800293,0.8786384463310242,0.9870947003364563,0.47696858644485474,0.270935960591133,522,0.7547892720306514,0.7277229428291321,0.15423396229743958,0.025428539142012596,0.059332992881536484,0.04270293563604355,0.43853017687797546,1.1908509731292725,0.6778252720832825,0.7301684617996216,0.5965750217437744,0.5849004983901978,0.6235907673835754,0.4587673842906952,0.3903410732746124,0.3607487976551056,0.46201661229133606,0.564048707485199,0.5407156944274902,0.4223766326904297,1.1494072675704956,1.2248761653900146,0.9834002256393433,0.9580380916595459,1.0107136964797974,0.7311976552009583,0.6095179915428162,0.5540030598640442,0.706045925617218,0.8539506793022156,0.8123099207878113,0.6437849998474121,target_lookback,log
gru,1,6,18,key,140206_1,,0.7625912427902222,0.3964192271232605,1.2207181453704834,1.182254672050476,1.3186604976654053,0.270935960591133,522,0.7394636015325671,0.9295151233673096,0.06561070680618286,0.046035315841436386,0.0500338189303875,0.0703868716955185,0.5358759164810181,1.6825531721115112,0.6112104654312134,0.7041470408439636,0.6711980104446411,0.7048979997634888,0.7882740497589111,0.8754993677139282,0.7956941723823547,0.8101006746292114,0.7944887280464172,0.7797868847846985,0.7971753478050232,0.8266853094100952,1.035697340965271,1.1808652877807617,1.1138578653335571,1.155949354171753,1.2796874046325684,1.4070533514022827,1.2631696462631226,1.2710860967636108,1.2310341596603394,1.193847417831421,1.2066007852554321,1.2728776931762695,target_lookback,log
gru,2,7,18,key,140206_1,,0.7134501338005066,0.37354564666748047,1.1418404579162598,1.1890113353729248,1.003961443901062,0.270935960591133,522,0.7988505747126436,0.9673013687133789,0.07209032028913498,0.042153362184762955,0.050394460558891296,0.06196483597159386,0.5121955275535583,1.5699007511138916,0.647870659828186,0.6932805776596069,0.5908857583999634,0.6034817695617676,0.6391055583953857,0.6811305284500122,0.7439330816268921,0.7444118857383728,0.7870177626609802,0.7900033593177795,0.8294584155082703,0.8247183561325073,1.0981471538543701,1.1621428728103638,0.9798833131790161,0.9901196360588074,1.0361945629119873,1.0942363739013672,1.1807241439819336,1.1689783334732056,1.2206830978393555,1.2100332975387573,1.253822922706604,1.268273115158081,target_lookback,log
gru,0,11,18,key,140207_2,,0.35954058170318604,0.17275470495224,0.5726544260978699,0.3181326985359192,0.9685187339782715,0.270935960591133,522,0.6513409961685823,0.35553088784217834,0.08967085182666779,0.011866004206240177,0.03988564759492874,0.04658240079879761,0.21331436932086945,0.7591883540153503,0.373343288898468,0.40015164017677307,0.2709946036338806,0.26712629199028015,0.2654450535774231,0.3447631299495697,0.34607118368148804,0.34760767221450806,0.4230935871601105,0.31504327058792114,0.38761863112449646,0.5240122675895691,0.6293799877166748,0.6647569537162781,0.44626834988594055,0.433882474899292,0.4280987083911896,0.5513195991516113,0.547201931476593,0.5437678098678589,0.6545411348342896,0.47963789105415344,0.5827264189720154,0.8051243424415588,target_lookback,log
gru,1,21,18,key,140207_2,,0.39557042717933655,0.18142345547676086,0.6310738325119019,0.299529492855072,1.108375906944275,0.270935960591133,522,0.6111111111111112,0.278982937335968,0.08722309023141861,0.01343163475394249,0.03206954896450043,0.04785924404859543,0.17841161787509918,0.8488646149635315,0.34037861227989197,0.35818567872047424,0.3720338046550751,0.4332728087902069,0.37521764636039734,0.38132625818252563,0.385596364736557,0.4109403192996979,0.38449230790138245,0.386284202337265,0.3980010151863098,0.5200560688972473,0.5725089311599731,0.5956922173500061,0.6146291494369507,0.7099297046661377,0.6078513264656067,0.6111132502555847,0.6107333898544312,0.6429330706596375,0.5942373871803284,0.5900086164474487,0.5997594594955444,0.7990999817848206,target_lookback,log
gru,2,57,18,key,140207_2,,0.515842854976654,0.21993979811668396,0.824887216091156,0.3362612724304199,1.4856555461883545,0.270935960591133,522,0.5632183908045977,0.29293426871299744,0.07900271564722061,0.01279947254806757,0.03756164014339447,0.04868766665458679,0.17811481654644012,1.1185109615325928,0.36052900552749634,0.4229467809200287,0.4894195795059204,0.5433968901634216,0.5503345727920532,0.5533157587051392,0.5496782064437866,0.5450859665870667,0.5344018936157227,0.5460851788520813,0.555362343788147,0.5347720980644226,0.6074568629264832,0.7066927552223206,0.8115247488021851,0.8919387459754944,0.8926961421966553,0.8877387046813965,0.8722522258758545,0.8546772003173828,0.8279933929443359,0.8357594609260559,0.8397558331489563,0.8227857947349548,target_lookback,log
gru,0,6,18,key,140214_1,,0.45650291442871094,0.2115355283021927,0.7394537329673767,0.5345406532287598,1.1790717840194702,0.23636363636363636,726,0.7245179063360881,0.4389789402484894,0.05777136981487274,0.02321341447532177,0.024631720036268234,0.06741253286600113,0.194364532828331,1.00491464138031,0.49225783348083496,0.5015450119972229,0.41791483759880066,0.39649125933647156,0.4186279773712158,0.435871958732605,0.408846378326416,0.43962106108665466,0.437051385641098,0.45091259479522705,0.5230153799057007,0.5392952561378479,0.8280662298202515,0.8371815085411072,0.6955444812774658,0.6555617451667786,0.6853554248809814,0.7074348330497742,0.6594258546829224,0.7022877931594849,0.6926189064979553,0.7088754177093506,0.8151975870132446,0.8509419560432434,target_lookback,log
gru,1,7,18,key,140214_1,,0.467495322227478,0.2116791009902954,0.7580006718635559,0.5295060276985168,1.2349169254302979,0.23636363636363636,726,0.790633608815427,0.4475110173225403,0.046862535178661346,0.025547867640852928,0.03479081764817238,0.0450960211455822,0.22234280407428741,1.0258100032806396,0.44460439682006836,0.4445442259311676,0.35865047574043274,0.3933376967906952,0.41537484526634216,0.47157514095306396,0.47504910826683044,0.4749738872051239,0.4944398105144501,0.5242762565612793,0.5497692823410034,0.5545165538787842,0.750819742679596,0.7460502982139587,0.596621572971344,0.6496263742446899,0.6786668300628662,0.7654079794883728,0.7664930820465088,0.7595044374465942,0.7839483022689819,0.8247106671333313,0.8562828898429871,0.8752564787864685,target_lookback,log
gru,2,6,18,key,140214_1,,0.5494775772094727,0.2483225166797638,0.891293466091156,0.61626136302948,1.4608097076416016,0.23636363636363636,726,0.8085399449035813,0.5546281933784485,0.0691862627863884,0.01206845510751009,0.027099881321191788,0.032021887600421906,0.28987160325050354,1.2002713680267334,0.4983270466327667,0.517407238483429,0.5193060040473938,0.532644510269165,0.5288479924201965,0.5506182909011841,0.5570159554481506,0.5520709753036499,0.5581921339035034,0.5937241315841675,0.5791807770729065,0.6163200736045837,0.8431326746940613,0.8686435222625732,0.8652219176292419,0.8807963132858276,0.8674947619438171,0.8960452079772949,0.8986349105834961,0.8831309080123901,0.8848817944526672,0.93317049741745,0.9013639688491821,0.969624936580658,target_lookback,log
gru,0,4,18,key,140214_2,,0.6666586399078369,0.32819288969039917,1.0418319702148438,1.0474790334701538,1.028261661529541,0.29577464788732394,522,0.7624521072796935,0.7700208425521851,0.07500209659337997,0.017467079684138298,0.05863046646118164,0.026562713086605072,0.2279689460992813,1.4457354545593262,0.46524956822395325,0.656440258026123,0.5965560078620911,0.7478547692298889,0.7984704375267029,0.6216310262680054,0.6527427434921265,0.633488655090332,0.6813695430755615,0.6598308086395264,0.7412540912628174,0.7164074778556824,0.7636610269546509,1.0695263147354126,0.9620264768600464,1.1935904026031494,1.2611922025680542,0.9696793556213379,1.0074642896652222,0.9653859734535217,1.0275799036026,0.9818741083145142,1.1215115785598755,1.1028316020965576,target_lookback,log
gru,1,7,18,key,140214_2,,0.6373048424720764,0.29971620440483093,0.9958560466766357,0.6907035708427429,1.4889945983886719,0.29577464788732394,522,0.6954022988505747,0.48114341497421265,0.07546795904636383,0.02840450033545494,0.04913853853940964,0.032267361879348755,0.22628363966941833,1.3806260824203491,0.44581106305122375,0.5848357677459717,0.5705885887145996,0.607985258102417,0.6283384561538696,0.6526702046394348,0.6695264577865601,0.6868699789047241,0.6866426467895508,0.7383482456207275,0.7234649658203125,0.6570018529891968,0.7334905862808228,0.9523792862892151,0.9191923141479492,0.9703391194343567,0.9926078915596008,1.0192426443099976,1.0332022905349731,1.0471775531768799,1.035044550895691,1.098594069480896,1.093493103981018,1.0108137130737305,target_lookback,log
gru,2,4,18,key,140214_2,,0.6347871422767639,0.3189796507358551,0.9922460317611694,1.0407207012176514,0.8659766316413879,0.29577464788732394,522,0.842911877394636,0.8927462100982666,0.06986905634403229,0.01694069430232048,0.042875539511442184,0.034746985882520676,0.28180593252182007,1.3654841184616089,0.48577234148979187,0.6171930432319641,0.5765071511268616,0.6735587120056152,0.7375765442848206,0.6350808143615723,0.693638265132904,0.624481737613678,0.6864859461784363,0.6573368906974792,0.5837244391441345,0.6244072318077087,0.7987963557243347,1.0062183141708374,0.929774820804596,1.075721263885498,1.165265440940857,0.9909452795982361,1.070146083831787,0.9527587294578552,1.034974217414856,0.9784179329872131,0.8827827572822571,0.9610916972160339,target_lookback,log
gru,0,3,18,key,140227_1,,0.4693610966205597,0.22176112234592438,0.791994035243988,0.6099535226821899,1.9513019323349,0.07428571428571429,2538,0.9613869188337274,1.024856686592102,0.12841211259365082,0.00789882242679596,0.061983827501535416,0.06344021111726761,0.3620193898677826,1.028968334197998,0.34678035974502563,0.46762409806251526,0.5464288592338562,0.4223298728466034,0.5479005575180054,0.613802969455719,0.5437992215156555,0.3526366949081421,0.3498033583164215,0.4347130060195923,0.4237860143184662,0.4879433214664459,0.5895535349845886,0.7981166839599609,0.931797206401825,0.7154465317726135,0.926317036151886,1.0399876832962036,0.918792724609375,0.5889216661453247,0.5825337767601013,0.7239034175872803,0.7053112387657166,0.8194475769996643,target_lookback,log
gru,1,4,18,key,140227_1,,0.3680807054042816,0.16167424619197845,0.6186567544937134,0.41355374455451965,1.7380914688110352,0.07428571428571429,2538,0.9558707643814027,0.7904354929924011,0.12369167059659958,0.01356466207653284,0.059918154031038284,0.04255429282784462,0.24933090806007385,0.813340425491333,0.3268243372440338,0.3923201858997345,0.44742095470428467,0.4184713065624237,0.4592650234699249,0.38730889558792114,0.30159273743629456,0.30995383858680725,0.2947341799736023,0.38622772693634033,0.3255317509174347,0.30926182866096497,0.5557012557983398,0.6677192449569702,0.7613402009010315,0.7094838619232178,0.7778065800666809,0.6520818471908569,0.5005030632019043,0.5160972476005554,0.48797082901000977,0.6435536742210388,0.538952648639679,0.5135605335235596,target_lookback,log
gru,2,3,18,key,140227_1,,0.39927995204925537,0.16987650096416473,0.6718550324440002,0.4051615595817566,2.0076749324798584,0.07428571428571429,2538,0.9736012608353034,1.017079472541809,0.1288825273513794,0.01340524759143591,0.05941254645586014,0.04757706820964813,0.2697042226791382,0.8835633993148804,0.33218422532081604,0.43957147002220154,0.43124714493751526,0.43613195419311523,0.4148849844932556,0.37238579988479614,0.44043245911598206,0.3778838515281677,0.35537225008010864,0.36897364258766174,0.4264766573905945,0.3746047616004944,0.565859854221344,0.7490730285644531,0.7324495315551758,0.7393032312393188,0.7012383937835693,0.6262497305870056,0.7404741048812866,0.6308943033218384,0.5921306014060974,0.6134273409843445,0.7099777460098267,0.6246919631958008,target_lookback,log
gru,0,6,18,key,140313_1,,0.6648437976837158,0.377107709646225,1.0589004755020142,1.0658650398254395,0.928385853767395,0.053974484789008834,2658,0.5233258088788563,0.7838031053543091,0.17076793313026428,0.03179832920432091,0.17344045639038086,0.1344057023525238,0.6538012623786926,1.2671953439712524,0.4343602955341339,0.5670307278633118,0.6943994760513306,0.676103413105011,0.7196168899536133,0.6265827417373657,0.6321374773979187,0.674528956413269,0.7339891791343689,0.7451083660125732,0.724470853805542,0.6957083940505981,0.6945202350616455,0.9061749577522278,1.1168471574783325,1.0817159414291382,1.1506242752075195,0.9963244199752808,1.0028722286224365,1.0703996419906616,1.1658704280853271,1.17825448513031,1.1442503929138184,1.1001689434051514,target_lookback,log
gru,1,8,18,key,140313_1,,0.6662591695785522,0.3890548050403595,1.0608571767807007,1.0542261600494385,1.1710004806518555,0.053974484789008834,2658,0.5135440180586908,0.7416439652442932,0.16826681792736053,0.029854554682970047,0.18106262385845184,0.13415978848934174,0.6650090217590332,1.2659012079238892,0.4619443416595459,0.5871564745903015,0.7013875842094421,0.679787814617157,0.666456937789917,0.7257643938064575,0.7514881491661072,0.6731884479522705,0.709559440612793,0.6571936011314392,0.6847724318504333,0.6550188660621643,0.7395660281181335,0.9417718648910522,1.1266179084777832,1.090057134628296,1.0622506141662598,1.1553905010223389,1.1988003253936768,1.0666277408599854,1.1238257884979248,1.035717487335205,1.0783823728561401,1.0374624729156494,target_lookback,log
gru,2,10,18,key,140313_1,,0.6449713110923767,0.37254101037979126,1.0261471271514893,0.9541123509407043,1.884993553161621,0.053974484789008834,2658,0.4966139954853273,0.6981212496757507,0.16990673542022705,0.031082279980182648,0.17708174884319305,0.1340869665145874,0.6541940569877625,1.2204269170761108,0.4469376802444458,0.5685539841651917,0.6847821474075317,0.5907499194145203,0.5835508108139038,0.7409865260124207,0.7304852604866028,0.6588985323905945,0.646080732345581,0.6954918503761292,0.6405850648880005,0.7019681930541992,0.7154293656349182,0.9097107648849487,1.0991318225860596,0.9370232224464417,0.9299362301826477,1.1831178665161133,1.1658234596252441,1.0426875352859497,1.0200201272964478,1.0997592210769653,1.0088473558425903,1.1107522249221802,target_lookback,log
gru,0,3,24,key,140120_1,,1.049045443534851,0.46460601687431335,1.739471197128296,1.1777435541152954,3.9570815563201904,0.11482254697286012,1326,0.8054298642533937,1.2934746742248535,0.18295201659202576,0.026467956602573395,0.09273596853017807,0.04897582158446312,0.9898958206176758,2.206505060195923,0.6662394404411316,0.8796718716621399,1.025865912437439,1.0352671146392822,1.0609843730926514,1.1111197471618652,1.1333192586898804,1.1381628513336182,1.1119152307510376,1.1330175399780273,1.121657371520996,1.1034455299377441,1.1259479522705078,1.4838417768478394,1.726576805114746,1.7330937385559082,1.7701228857040405,1.8463624715805054,1.8748984336853027,1.8728790283203125,1.8200087547302246,1.847198247909546,1.820029854774475,1.8050817251205444,target_lookback,log
gru,1,3,24,key,140120_1,,1.0737714767456055,0.4618396759033203,1.781704068183899,1.1759963035583496,4.1213250160217285,0.11482254697286012,1326,0.8122171945701357,1.2683165073394775,0.16396039724349976,0.029247427359223366,0.0861048772931099,0.0524112731218338,0.9949442744255066,2.2676644325256348,0.6359363794326782,0.8880758881568909,1.0222097635269165,1.0446183681488037,1.1130553483963013,1.082605004310608,1.1610305309295654,1.1302123069763184,1.1509230136871338,1.1780500411987305,1.2027698755264282,1.1854450702667236,1.073023796081543,1.4984025955200195,1.7207731008529663,1.7517616748809814,1.857802391052246,1.799653172492981,1.9195727109909058,1.8610434532165527,1.8874624967575073,1.9229419231414795,1.9533030986785889,1.941164493560791,target_lookback,log
gru,2,3,24,key,140120_1,,1.0551460981369019,0.4660186469554901,1.7505011558532715,1.2380579710006714,3.8562252521514893,0.11482254697286012,1326,0.8295625942684767,1.4134644269943237,0.16615118086338043,0.023901045322418213,0.0895058736205101,0.05121295526623726,0.9979828000068665,2.219763994216919,0.6311171650886536,0.9270183444023132,1.0725562572479248,1.0939819812774658,1.0728040933609009,1.078404188156128,1.089965581893921,1.113795518875122,1.1043699979782104,1.1262027025222778,1.1633851528167725,1.113029956817627,1.0653098821640015,1.563979983329773,1.8064026832580566,1.8347406387329102,1.790712594985962,1.7914502620697021,1.803247094154358,1.833701491355896,1.8087974786758423,1.8373643159866333,1.8897614479064941,1.8215810060501099,target_lookback,log
gru,0,5,24,key,140206_1,,0.7912310361862183,0.40082818269729614,1.2669752836227417,1.0393390655517578,1.7372264862060547,0.270935960591133,522,0.8084291187739464,1.0584492683410645,0.04829997196793556,0.050421640276908875,0.05347765237092972,0.06474682688713074,0.5248180627822876,1.7570972442626953,0.6170922517776489,0.7885282039642334,0.7112171649932861,0.766643226146698,0.753994882106781,0.8071322441101074,0.8110734224319458,0.8361600041389465,0.8297386765480042,0.8564359545707703,0.8615612387657166,0.8745934963226318,1.0456302165985107,1.3226072788238525,1.1791099309921265,1.2585073709487915,1.2237952947616577,1.2963358163833618,1.2886006832122803,1.3130520582199097,1.287218451499939,1.3127539157867432,1.304007887840271,1.347154140472412,target_lookback,log
gru,1,11,24,key,140206_1,,0.69550621509552,0.3299756348133087,1.112297773361206,1.2647578716278076,0.5118638277053833,0.270935960591133,522,0.7011494252873564,0.7774977684020996,0.09633342921733856,0.03403224050998688,0.052295468747615814,0.06757557392120361,0.4513144791126251,1.545688271522522,0.5790182948112488,0.5793579816818237,0.5606964826583862,0.627813994884491,0.780019998550415,0.6188560128211975,0.7657045722007751,0.818513810634613,0.6728833913803101,0.7269681096076965,0.700612485408783,0.8978587985038757,0.9801459908485413,0.9710100293159485,0.93008953332901,1.028726577758789,1.2650036811828613,0.9931820034980774,1.2156941890716553,1.28333580493927,1.0412276983261108,1.1126830577850342,1.0585663318634033,1.3800545930862427,target_lookback,log
gru,2,7,24,key,140206_1,,0.7278979420661926,0.36839064955711365,1.1650370359420776,1.0318487882614136,1.464469313621521,0.270935960591133,522,0.7413793103448276,0.8529505133628845,0.06475565582513809,0.04435690864920616,0.050542138516902924,0.0693807527422905,0.4990549087524414,1.6101412773132324,0.6016795039176941,0.7436378598213196,0.720318078994751,0.7203426361083984,0.6424082517623901,0.7505830526351929,0.7322433590888977,0.7386181354522705,0.7250493168830872,0.7463476061820984,0.7920594811439514,0.8335930109024048,1.0187172889709473,1.2481536865234375,1.1960657835006714,1.183098554611206,1.043197512626648,1.205001711845398,1.1626057624816895,1.158137321472168,1.1232597827911377,1.1417348384857178,1.1975847482681274,1.2829842567443848,target_lookback,log
gru,0,64,24,key,140207_2,,0.42573511600494385,0.1933242529630661,0.6801073551177979,0.3306228816509247,1.188725471496582,0.270935960591133,522,0.5287356321839081,0.2548002600669861,0.08324799686670303,0.008407744579017162,0.031189242377877235,0.03856848180294037,0.17569248378276825,0.9177488684654236,0.3472210764884949,0.4164614677429199,0.43253859877586365,0.4376572072505951,0.4030815064907074,0.43184909224510193,0.45059898495674133,0.41279271245002747,0.44364574551582336,0.4310176372528076,0.44591426849365234,0.4621407687664032,0.5842671394348145,0.69605553150177,0.7172847986221313,0.7169488668441772,0.6526463031768799,0.6925612688064575,0.7146363258361816,0.6453511714935303,0.6872612833976746,0.6592274904251099,0.6738339066505432,0.7105910181999207,target_lookback,log
gru,1,67,24,key,140207_2,,0.343382328748703,0.16240139305591583,0.5473359823226929,0.3072807192802429,0.9228384494781494,0.270935960591133,522,0.5134099616858238,0.21497280895709991,0.08482886105775833,0.010450849309563637,0.031393516808748245,0.037688855081796646,0.13673773407936096,0.7393555641174316,0.2835650146007538,0.3349180519580841,0.3634854555130005,0.3476196229457855,0.3222241997718811,0.36381447315216064,0.3443109095096588,0.31625160574913025,0.31325942277908325,0.3438980281352997,0.3817748725414276,0.4047228991985321,0.47485068440437317,0.5574865937232971,0.6016356945037842,0.5690156817436218,0.5211454629898071,0.5822675824165344,0.5445548295974731,0.493408739566803,0.4834216833114624,0.5250354409217834,0.5763680934906006,0.6211232542991638,target_lookback,log
gru,2,12,24,key,140207_2,,0.4748944044113159,0.18976172804832458,0.7589371800422668,0.2838647663593292,1.3816943168640137,0.270935960591133,522,0.6647509578544061,0.3260861039161682,0.08512360602617264,0.014653128571808338,0.034776654094457626,0.04316657409071922,0.11117702722549438,1.035261869430542,0.38644516468048096,0.4265857934951782,0.43291613459587097,0.4519152343273163,0.5023199915885925,0.4597506821155548,0.5221532583236694,0.46343642473220825,0.49447280168533325,0.45638611912727356,0.4987916946411133,0.6071973443031311,0.6518464684486389,0.7119318842887878,0.71736741065979,0.7409878969192505,0.8147997856140137,0.7371804118156433,0.8284098505973816,0.7255727052688599,0.7654771208763123,0.6975062489509583,0.7537737488746643,0.9344424605369568,target_lookback,log
gru,0,5,24,key,140214_1,,0.5203874111175537,0.23575182259082794,0.8436360955238342,0.58797687292099,1.376299262046814,0.23636363636363636,726,0.849862258953168,0.5928470492362976,0.05677102506160736,0.01831139624118805,0.036285147070884705,0.05852088704705238,0.2392118126153946,1.14329993724823,0.49239277839660645,0.5449209809303284,0.5048167109489441,0.5154256224632263,0.5422235727310181,0.49525997042655945,0.4940846860408783,0.4845590591430664,0.5123114585876465,0.5752217173576355,0.5112301707267761,0.5695906281471252,0.8320591449737549,0.9126913547515869,0.8396020531654358,0.8511200547218323,0.8892576694488525,0.805809736251831,0.7958948016166687,0.772993266582489,0.8115220069885254,0.9045509696006775,0.7962272763252258,0.8990917205810547,target_lookback,log
gru,1,22,24,key,140214_1,,0.2900097370147705,0.14610029757022858,0.46881306171417236,0.4303404986858368,0.5758010149002075,0.23636363636363636,726,0.8278236914600551,0.40730738639831543,0.041791580617427826,0.02052375115454197,0.034192293882369995,0.04965971037745476,0.26707684993743896,0.5956836938858032,0.3837481737136841,0.37327447533607483,0.24293455481529236,0.20361493527889252,0.2687123417854309,0.24146892130374908,0.2377031296491623,0.2578352987766266,0.24805229902267456,0.3206443190574646,0.30559197068214417,0.3272745609283447,0.6485770344734192,0.6237949728965759,0.4037987291812897,0.33544155955314636,0.4392559826374054,0.3901122510433197,0.3800126910209656,0.4098662734031677,0.39087197184562683,0.5027176737785339,0.47546258568763733,0.5147236585617065,target_lookback,log
gru,2,6,24,key,140214_1,,0.5385108590126038,0.23521637916564941,0.8739046454429626,0.5443321466445923,1.5079153776168823,0.23636363636363636,726,0.7479338842975206,0.46854692697525024,0.03896673396229744,0.020892927423119545,0.02543221041560173,0.04817328602075577,0.2783166170120239,1.1781364679336548,0.5616967678070068,0.5346931219100952,0.5010579228401184,0.5357616543769836,0.506867527961731,0.5279188752174377,0.5335435271263123,0.5558508634567261,0.557937502861023,0.5339900255203247,0.5442631840705872,0.5695658326148987,0.950568437576294,0.898015022277832,0.8336898684501648,0.8857426643371582,0.8306206464767456,0.8584268689155579,0.8603188991546631,0.8892962336540222,0.8854089975357056,0.8401328921318054,0.8481498956680298,0.8999882340431213,target_lookback,log
gru,0,6,24,key,140214_2,,0.6220561861991882,0.29880282282829285,0.9722327589988708,0.7237582206726074,1.395920753479004,0.29577464788732394,522,0.7586206896551724,0.6208887696266174,0.0702047049999237,0.023434890434145927,0.04473208263516426,0.03073863871395588,0.23189641535282135,1.3460811376571655,0.47269365191459656,0.5993235111236572,0.5944710373878479,0.5836596488952637,0.6053758263587952,0.6238330602645874,0.6247311234474182,0.6094964146614075,0.6515754461288452,0.6832606196403503,0.7282958030700684,0.7025159597396851,0.7779673337936401,0.977340817451477,0.9595199227333069,0.9302031993865967,0.9556511044502258,0.9737889766693115,0.9629681706428528,0.9300037622451782,0.9822943806648254,1.0175997018814087,1.1013935804367065,1.0811864137649536,target_lookback,log
gru,1,5,24,key,140214_2,,0.6132783889770508,0.3039901852607727,0.9580702185630798,0.7990080118179321,1.2583078145980835,0.29577464788732394,522,0.6973180076628352,0.595843493938446,0.07163771241903305,0.022575004026293755,0.04727433994412422,0.05419847369194031,0.23164597153663635,1.3259451389312744,0.45633432269096375,0.5811312198638916,0.5378166437149048,0.5871960520744324,0.642662763595581,0.6508553624153137,0.6745085716247559,0.6529760956764221,0.6321009993553162,0.6167553663253784,0.6605973839759827,0.6717626452445984,0.75006502866745,0.9444563388824463,0.8673147559165955,0.9371724724769592,1.0146424770355225,1.016254186630249,1.0399940013885498,0.9959456324577332,0.9523564577102661,0.9180179238319397,0.9983392953872681,1.0337281227111816,target_lookback,log
gru,2,4,24,key,140214_2,,0.6991654634475708,0.3410121500492096,1.0927417278289795,1.1954009532928467,0.7967438101768494,0.29577464788732394,522,0.8659003831417624,0.9570099711418152,0.0836486890912056,0.013110807165503502,0.05102100595831871,0.029833126813173294,0.25477278232574463,1.5139000415802002,0.47698524594306946,0.6443120241165161,0.8125073909759521,0.7501946687698364,0.8634926080703735,0.6028615832328796,0.6224845051765442,0.6217789053916931,0.6734827160835266,0.7160415649414062,0.707349419593811,0.8290243148803711,0.7849580645561218,1.050263524055481,1.3107553720474243,1.1980969905853271,1.3638081550598145,0.9406328797340393,0.9600986242294312,0.948335587978363,1.0150656700134277,1.0649762153625488,1.0694327354431152,1.2757482528686523,target_lookback,log
gru,0,16,24,key,140227_1,,0.6528222560882568,0.31581899523735046,1.1069294214248657,1.0993760824203491,1.19706392288208,0.07428571428571429,2538,0.8278171788810087,0.8068738579750061,0.12883256375789642,0.0118482680991292,0.05880240350961685,0.044555313885211945,0.24709130823612213,1.4959217309951782,0.3692331612110138,0.6270036101341248,0.6761754155158997,0.6623290777206421,0.6578864455223083,0.6815630197525024,0.6821174621582031,0.6991655230522156,0.6472586989402771,0.6293886303901672,0.6754818558692932,0.7602209448814392,0.6303436756134033,1.0735820531845093,1.1553300619125366,1.12859046459198,1.1176797151565552,1.1566704511642456,1.1546636819839478,1.1811643838882446,1.090588927268982,1.0575605630874634,1.133349061012268,1.2818065881729126,target_lookback,log
gru,1,3,24,key,140227_1,,0.37550702691078186,0.16036975383758545,0.6310994625091553,0.3836994767189026,1.8780032396316528,0.07428571428571429,2538,0.9795114263199369,1.1070539951324463,0.1267877221107483,0.012177785858511925,0.06353405863046646,0.03824663534760475,0.2661472260951996,0.8264732360839844,0.3283660113811493,0.4091019928455353,0.390506774187088,0.3795769512653351,0.3610132932662964,0.3444380462169647,0.36338409781455994,0.34263119101524353,0.4278578758239746,0.47423917055130005,0.33226072788238525,0.32219773530960083,0.5586617588996887,0.6960629224777222,0.6626781821250916,0.6422688961029053,0.607384443283081,0.577912449836731,0.6094886064529419,0.5702452659606934,0.7156453728675842,0.793857216835022,0.550312876701355,0.5337324142456055,target_lookback,log
gru,2,3,24,key,140227_1,,0.49133414030075073,0.20438721776008606,0.830193281173706,0.5300043821334839,2.403636932373047,0.07428571428571429,2538,0.9747832939322301,1.1313048601150513,0.1297634243965149,0.014455757103860378,0.06037314981222153,0.04111693054437637,0.26315605640411377,1.1083242893218994,0.32610639929771423,0.4955620765686035,0.5646281242370605,0.46127328276634216,0.4217540919780731,0.3963671624660492,0.4570450484752655,0.5423250198364258,0.5771602988243103,0.5222350358963013,0.5873873233795166,0.4811716675758362,0.5513455271720886,0.8455865979194641,0.9631770253181458,0.7829996943473816,0.7132600545883179,0.6681577563285828,0.7699060440063477,0.9141249060630798,0.9710951447486877,0.8748132586479187,0.9832433462142944,0.8072761297225952,target_lookback,log
gru,0,7,24,key,140313_1,,0.6907054781913757,0.3944202959537506,1.1017353534698486,1.1043928861618042,1.0540682077407837,0.053974484789008834,2658,0.49134687735139204,0.726050853729248,0.16500507295131683,0.03325511887669563,0.17250321805477142,0.1321924477815628,0.6558389663696289,1.327065110206604,0.4327492117881775,0.6258857250213623,0.828029215335846,0.6886252164840698,0.6447376608848572,0.680858850479126,0.7451948523521423,0.7616380453109741,0.7543602585792542,0.6907973289489746,0.7015988230705261,0.6635541915893555,0.6925309300422668,1.0029091835021973,1.3352792263031006,1.104332447052002,1.027142882347107,1.0863600969314575,1.1881077289581299,1.2132939100265503,1.197160243988037,1.0932730436325073,1.1066514253616333,1.051007628440857,target_lookback,log
gru,1,8,24,key,140313_1,,0.7048094272613525,0.40608054399490356,1.124632716178894,1.1144969463348389,1.2894142866134644,0.053974484789008834,2658,0.4510910458991723,0.6963560581207275,0.1702699512243271,0.03475223854184151,0.16901704668998718,0.13335731625556946,0.6698909401893616,1.3545000553131104,0.43480008840560913,0.585135817527771,0.6932730674743652,0.7456886172294617,0.7648171186447144,0.7880576848983765,0.7875292301177979,0.7504374384880066,0.6796708106994629,0.8055222034454346,0.6493840217590332,0.6938464641571045,0.6962829232215881,0.9370943307876587,1.1138601303100586,1.1980695724487305,1.2258702516555786,1.2606315612792969,1.2570801973342896,1.1910229921340942,1.078650951385498,1.2767831087112427,1.0217456817626953,1.0998014211654663,target_lookback,log
gru,2,12,24,key,140313_1,,0.6034336686134338,0.3476857542991638,0.9582271575927734,0.9137682318687439,1.5417325496673584,0.053974484789008834,2658,0.5037622272385253,0.6998631358146667,0.16975633800029755,0.030764305964112282,0.1753004491329193,0.13190938532352448,0.6625246405601501,1.1193225383758545,0.4254686236381531,0.5263075828552246,0.5793078541755676,0.5960525870323181,0.6511707305908203,0.65885990858078,0.6201633214950562,0.6501812934875488,0.5930494070053101,0.6230549216270447,0.6463810801506042,0.6376903057098389,0.6790856122970581,0.838802695274353,0.9266657829284668,0.949072003364563,1.0390912294387817,1.0502592325210571,0.9809864163398743,1.0314760208129883,0.936786413192749,0.9800017476081848,1.017175555229187,1.0068116188049316,target_lookback,log
gru,0,3,36,key,140120_1,,1.0558574199676514,0.46448296308517456,1.7516728639602661,1.1814656257629395,3.99522066116333,0.11482254697286012,1326,0.797134238310709,1.1643329858779907,0.16565927863121033,0.027980776503682137,0.091395303606987,0.046950653195381165,1.0001811981201172,2.2206294536590576,0.6327776312828064,0.8731632828712463,1.0480197668075562,1.0607396364212036,1.0929704904556274,1.1278269290924072,1.1291993856430054,1.1102690696716309,1.1333073377609253,1.141752004623413,1.1181310415267944,1.1189287900924683,1.0688530206680298,1.4720134735107422,1.764540195465088,1.778321623802185,1.8243799209594727,1.8742702007293701,1.8665965795516968,1.8282170295715332,1.8574742078781128,1.8629138469696045,1.81629478931427,1.831600308418274,target_lookback,log
gru,1,3,36,key,140120_1,,1.0456054210662842,0.4601820707321167,1.7344398498535156,1.1803146600723267,3.931861400604248,0.11482254697286012,1326,0.8295625942684767,1.3358724117279053,0.17331182956695557,0.026578210294246674,0.08365944772958755,0.04560310021042824,0.9954618811607361,2.1966989040374756,0.6385182738304138,0.8725842237472534,1.02544367313385,1.0759263038635254,1.1064406633377075,1.060802698135376,1.1066596508026123,1.1020665168762207,1.1125843524932861,1.0987645387649536,1.1231006383895874,1.148373007774353,1.0783003568649292,1.471860408782959,1.7255833148956299,1.8026450872421265,1.8476483821868896,1.7627257108688354,1.8297266960144043,1.8145933151245117,1.8221385478973389,1.7927401065826416,1.8243025541305542,1.8794589042663574,target_lookback,log
gru,2,3,36,key,140120_1,,1.053083062171936,0.46999868750572205,1.7466826438903809,1.2370102405548096,3.843717336654663,0.11482254697286012,1326,0.8363499245852187,1.4832996129989624,0.17469097673892975,0.02404342219233513,0.08936385065317154,0.05099186673760414,1.0008569955825806,2.2128701210021973,0.6772942543029785,0.8838716149330139,1.0638870000839233,1.070560336112976,1.0601692199707031,1.0936830043792725,1.1022828817367554,1.1117513179779053,1.135138988494873,1.1454991102218628,1.0944772958755493,1.1353514194488525,1.1448910236358643,1.4905625581741333,1.791161060333252,1.7930277585983276,1.768526554107666,1.8176294565200806,1.8239264488220215,1.8312907218933105,1.8601081371307373,1.8680001497268677,1.7761555910110474,1.857161521911621,target_lookback,log
gru,0,6,36,key,140206_1,,0.7587265372276306,0.3979862332344055,1.214532732963562,1.1233100891113281,1.4314205646514893,0.270935960591133,522,0.7490421455938697,0.9491714239120483,0.05878353863954544,0.045832209289073944,0.05843028798699379,0.06705731898546219,0.5445467829704285,1.6699374914169312,0.6151169538497925,0.7404512166976929,0.7002527117729187,0.6732393503189087,0.7179019451141357,0.8093733191490173,0.7926497459411621,0.7986035943031311,0.8037105202674866,0.7992227673530579,0.845020055770874,0.8278554677963257,1.0419315099716187,1.2404783964157104,1.1616055965423584,1.1047945022583008,1.1646645069122314,1.2998607158660889,1.2589155435562134,1.2532292604446411,1.2469781637191772,1.2240325212478638,1.2790260314941406,1.2747288942337036,target_lookback,log
gru,1,6,36,key,140206_1,,0.7710515856742859,0.4017946720123291,1.234433650970459,1.1572679281234741,1.421426773071289,0.270935960591133,522,0.764367816091954,1.0067795515060425,0.05943647027015686,0.047576725482940674,0.04786497354507446,0.07068831473588943,0.5629698634147644,1.6938143968582153,0.6141567230224609,0.7510402798652649,0.6838017106056213,0.6791203618049622,0.7308054566383362,0.736717164516449,0.7719971537590027,0.8460493087768555,0.8629634976387024,0.8281434774398804,0.8809306621551514,0.8848736882209778,1.0407302379608154,1.2603765726089478,1.1349759101867676,1.1144590377807617,1.1863586902618408,1.1817911863327026,1.2252858877182007,1.3279250860214233,1.3387172222137451,1.268546462059021,1.333519458770752,1.3620240688323975,target_lookback,log
gru,2,6,36,key,140206_1,,0.7619720697402954,0.38284170627593994,1.2200117111206055,0.9870086312294006,1.6947588920593262,0.270935960591133,522,0.7509578544061303,0.9062622785568237,0.05932881683111191,0.04798627644777298,0.05049983039498329,0.05837778002023697,0.5146846175193787,1.6888316869735718,0.6184386610984802,0.7600780725479126,0.7547445297241211,0.7519184350967407,0.7736403942108154,0.7572704553604126,0.7561612725257874,0.8301613330841064,0.7844600081443787,0.8008816242218018,0.7650999426841736,0.8014481663703918,1.0475642681121826,1.2745866775512695,1.252858281135559,1.2349287271499634,1.2558444738388062,1.2168036699295044,1.2001584768295288,1.303031325340271,1.2172577381134033,1.2275086641311646,1.1575437784194946,1.2337030172348022,target_lookback,log
gru,0,11,36,key,140207_2,,0.4100313186645508,0.19460496306419373,0.6543251872062683,0.3569681942462921,1.1123571395874023,0.270935960591133,522,0.6494252873563219,0.38461363315582275,0.08564788848161697,0.010961202904582024,0.03602242469787598,0.05006931722164154,0.24511559307575226,0.8671203851699829,0.3562805950641632,0.34970343112945557,0.3832463026046753,0.3408028483390808,0.34579795598983765,0.39316725730895996,0.48426562547683716,0.501738965511322,0.3628274202346802,0.3656271696090698,0.4954347610473633,0.5198312997817993,0.5987208485603333,0.5821006298065186,0.6345716714859009,0.5574043393135071,0.5576257705688477,0.6294795870780945,0.7673277258872986,0.7870731949806213,0.5601716041564941,0.5574507713317871,0.7483717203140259,0.799601674079895,target_lookback,log
gru,1,55,36,key,140207_2,,0.3216569423675537,0.16507183015346527,0.5121073722839355,0.33706405758857727,0.8137785792350769,0.270935960591133,522,0.4674329501915709,0.21319562196731567,0.08136962354183197,0.01035255752503872,0.030320892110466957,0.05171004682779312,0.1933748871088028,0.6782680749893188,0.28611496090888977,0.3095327913761139,0.2769497334957123,0.2607811987400055,0.2990613877773285,0.31797558069229126,0.3143349885940552,0.316025048494339,0.3458295166492462,0.35794350504875183,0.38955211639404297,0.3907104730606079,0.47963201999664307,0.514694094657898,0.4555359184741974,0.4239054024219513,0.4830409288406372,0.5082271099090576,0.49666815996170044,0.49316176772117615,0.5342658758163452,0.5463707447052002,0.5879868865013123,0.599496066570282,target_lookback,log
gru,2,11,36,key,140207_2,,0.37698090076446533,0.1743282675743103,0.6004385948181152,0.30920490622520447,1.036049723625183,0.270935960591133,522,0.5670498084291188,0.288251668214798,0.08803856372833252,0.015378895215690136,0.05001784861087799,0.049337852746248245,0.14936141669750214,0.8111922144889832,0.3520756959915161,0.3792867660522461,0.28166213631629944,0.29057854413986206,0.3454861342906952,0.3402039408683777,0.3551110327243805,0.35757580399513245,0.40791258215904236,0.4462508261203766,0.4432316720485687,0.5100625157356262,0.5890511274337769,0.6330059170722961,0.46435555815696716,0.47415053844451904,0.5564004778862,0.5443644523620605,0.5590941905975342,0.5587003827095032,0.6297915577888489,0.681155800819397,0.6685656905174255,0.7841700911521912,target_lookback,log
gru,0,5,36,key,140214_1,,0.5653891563415527,0.2430994063615799,0.9170273542404175,0.5395740866661072,1.617780089378357,0.23636363636363636,726,0.8181818181818182,0.5393198132514954,0.05224349722266197,0.013759762980043888,0.03958680480718613,0.05650816857814789,0.24009555578231812,1.2464022636413574,0.4552778899669647,0.6287892460823059,0.6517441272735596,0.5471195578575134,0.523175835609436,0.523918092250824,0.5613486170768738,0.6108943223953247,0.5524327754974365,0.5847311019897461,0.5657108426094055,0.5543707013130188,0.7695843577384949,1.055334210395813,1.0846399068832397,0.9041138887405396,0.8565191030502319,0.8517231345176697,0.9037877321243286,0.9780174493789673,0.8757924437522888,0.919658899307251,0.8814393281936646,0.875231146812439,target_lookback,log
gru,1,10,36,key,140214_1,,0.3908160626888275,0.1923048198223114,0.6330466866493225,0.5381202101707458,0.8717385530471802,0.23636363636363636,726,0.9228650137741047,0.5763041377067566,0.05139465257525444,0.009227907285094261,0.0407155379652977,0.0424780435860157,0.23712213337421417,0.8450838327407837,0.4077671766281128,0.3847790062427521,0.36066392064094543,0.40306752920150757,0.3581579327583313,0.36848968267440796,0.3848908841609955,0.37782585620880127,0.3468925952911377,0.412382572889328,0.44249072670936584,0.4378657341003418,0.6887599229812622,0.6426661014556885,0.6008949279785156,0.6654845476150513,0.585288941860199,0.5966343283653259,0.6182694435119629,0.6035482883453369,0.5495544672012329,0.6482349634170532,0.6895036101341248,0.691590428352356,target_lookback,log
gru,2,6,36,key,140214_1,,0.5093872547149658,0.23886528611183167,0.8256056904792786,0.5393745303153992,1.394232988357544,0.23636363636363636,726,0.8112947658402204,0.5631631016731262,0.06304644048213959,0.0069074202328920364,0.03291042894124985,0.06163213774561882,0.3189544379711151,1.0996209383010864,0.47587859630584717,0.5083678364753723,0.5175997614860535,0.5021395087242126,0.4975232183933258,0.5278449654579163,0.5409298539161682,0.49965783953666687,0.50193190574646,0.46821507811546326,0.5407535433769226,0.5307092666625977,0.8031958937644958,0.8527859449386597,0.8617207407951355,0.8287175893783569,0.8138990998268127,0.8579071760177612,0.8702283501625061,0.7974481582641602,0.7957475781440735,0.7353271842002869,0.8428288698196411,0.8383167386054993,target_lookback,log
gru,0,5,36,key,140214_2,,0.6026082634925842,0.2905600368976593,0.9412475228309631,0.686454176902771,1.3687196969985962,0.29577464788732394,522,0.7854406130268199,0.6543396711349487,0.0744888037443161,0.020778795704245567,0.05582019314169884,0.042965300381183624,0.24243862926959991,1.3000540733337402,0.47086796164512634,0.5881377458572388,0.5847266316413879,0.5682445764541626,0.6507710218429565,0.6142001748085022,0.5867136716842651,0.6641712784767151,0.6121190190315247,0.5875234603881836,0.6615462303161621,0.6477399468421936,0.7743373513221741,0.9585933685302734,0.9421366453170776,0.9057046175003052,1.0268888473510742,0.9588037133216858,0.9045324921607971,1.0121841430664062,0.9221946597099304,0.8745552897453308,1.0006932020187378,0.9948398470878601,target_lookback,log
gru,1,5,36,key,140214_2,,0.5942895412445068,0.29942816495895386,0.9283651113510132,0.8426499962806702,1.106027603149414,0.29577464788732394,522,0.7011494252873564,0.6114308834075928,0.06912624835968018,0.022723762318491936,0.058409690856933594,0.03446079045534134,0.23498116433620453,1.283004641532898,0.45297014713287354,0.573961079120636,0.6219733953475952,0.5475131869316101,0.5516635775566101,0.5650858283042908,0.6098194718360901,0.5761111974716187,0.7164208889007568,0.6638879776000977,0.636767566204071,0.6147109270095825,0.7440449595451355,0.9348435401916504,1.0035302639007568,0.8739383816719055,0.8700140118598938,0.880047619342804,0.9410240650177002,0.8779745697975159,1.079382061958313,0.9879093766212463,0.9628143310546875,0.9463128447532654,target_lookback,log
gru,2,5,36,key,140214_2,,0.6441434621810913,0.3021872937679291,1.006351351737976,0.6401257514953613,1.5647411346435547,0.29577464788732394,522,0.7375478927203065,0.6255189180374146,0.07703707367181778,0.022257845848798752,0.05875874683260918,0.03495356813073158,0.2703561782836914,1.3879092931747437,0.47205790877342224,0.6228113174438477,0.6236916184425354,0.6541553139686584,0.6165288686752319,0.6359047293663025,0.6618102192878723,0.6783131957054138,0.7370408773422241,0.7370045185089111,0.6361907124519348,0.6538137793540955,0.7745558023452759,1.0145492553710938,1.0049563646316528,1.0437380075454712,0.9722383618354797,0.9926391839981079,1.0216330289840698,1.0348871946334839,1.1106069087982178,1.0968239307403564,0.962160050868988,1.005926251411438,target_lookback,log
gru,0,3,36,key,140227_1,,0.4468057453632355,0.2108193188905716,0.7532009482383728,0.5724122524261475,1.8851510286331177,0.07428571428571429,2538,0.9736012608353034,1.0817453861236572,0.13065066933631897,0.011441795155405998,0.06246667727828026,0.05566805228590965,0.3516959547996521,0.9762740135192871,0.349414199590683,0.42026057839393616,0.45262137055397034,0.4272339344024658,0.3689771890640259,0.4677513539791107,0.5717975497245789,0.4176862835884094,0.43041837215423584,0.49107930064201355,0.4353107213973999,0.4917353093624115,0.5951127409934998,0.7148961424827576,0.7682367563247681,0.7221435904502869,0.6183786392211914,0.7899113893508911,0.9666538238525391,0.6998730301856995,0.7204074859619141,0.8218573927879333,0.7253448963165283,0.8253676295280457,target_lookback,log
gru,1,3,36,key,140227_1,,0.4107939600944519,0.17350882291793823,0.6917425990104675,0.4293656051158905,2.035707950592041,0.07428571428571429,2538,0.9775413711583925,1.0845177173614502,0.12747015058994293,0.008481414057314396,0.06346958130598068,0.04507339745759964,0.27515214681625366,0.9103875160217285,0.3872860372066498,0.4127054214477539,0.4315348267555237,0.459581583738327,0.3991035521030426,0.375122606754303,0.35845261812210083,0.3615063428878784,0.38975656032562256,0.4336487054824829,0.4597780108451843,0.44491803646087646,0.6607251167297363,0.7024816274642944,0.7323917150497437,0.7790228724479675,0.6743800044059753,0.630192756652832,0.6001988649368286,0.6042229533195496,0.6511756181716919,0.7247642278671265,0.7670361399650574,0.7449266314506531,target_lookback,log
gru,2,4,36,key,140227_1,,0.41208338737487793,0.18460984528064728,0.6942861676216125,0.4780600666999817,1.9081225395202637,0.07428571428571429,2538,0.929472025216706,0.7539339065551758,0.12550920248031616,0.0054599931463599205,0.06430355459451675,0.03755441680550575,0.28064092993736267,0.9125479459762573,0.32632583379745483,0.4134044945240021,0.4626440405845642,0.3690127432346344,0.4099475145339966,0.4845820665359497,0.4468543529510498,0.3679965138435364,0.43802183866500854,0.44116365909576416,0.36758291721343994,0.3885698616504669,0.5547612905502319,0.7042132616043091,0.787377119064331,0.6232654452323914,0.6923679709434509,0.8190941214561462,0.7524101734161377,0.6157999038696289,0.7343624830245972,0.7374950051307678,0.6094152927398682,0.6490570306777954,target_lookback,log
gru,0,7,36,key,140313_1,,0.7350195050239563,0.4287649393081665,1.1735577583312988,1.1591483354568481,1.4022775888442993,0.053974484789008834,2658,0.4345372460496614,0.7204166054725647,0.16851773858070374,0.03573764115571976,0.17729657888412476,0.13297967612743378,0.6812899112701416,1.4194624423980713,0.45992428064346313,0.5930044054985046,0.8263927698135376,0.7683913707733154,0.6848279237747192,0.6930211782455444,0.739378809928894,0.7405110597610474,0.780695915222168,0.8030485510826111,0.8375162482261658,0.8155156970024109,0.737070620059967,0.9508577585220337,1.3323748111724854,1.2349648475646973,1.0936721563339233,1.1031630039215088,1.1765843629837036,1.1770994663238525,1.241829514503479,1.273159146308899,1.3260153532028198,1.2954679727554321,target_lookback,log
gru,1,8,36,key,140313_1,,0.7166335582733154,0.4189840853214264,1.1432455778121948,1.1248763799667358,1.4273262023925781,0.053974484789008834,2658,0.48118886380737397,0.7430099248886108,0.1692938655614853,0.030251726508140564,0.1812315434217453,0.13331562280654907,0.6725635528564453,1.3798022270202637,0.43191587924957275,0.6488913297653198,0.8241881132125854,0.7711197137832642,0.7654843330383301,0.7985313534736633,0.7398951649665833,0.6930654048919678,0.7446132898330688,0.6885284781455994,0.6653261184692383,0.7509003281593323,0.6917160153388977,1.042436957359314,1.3293445110321045,1.236080527305603,1.2233775854110718,1.2767962217330933,1.1791051626205444,1.10000741481781,1.181786298751831,1.0894694328308105,1.0462714433670044,1.1915709972381592,target_lookback,log
gru,2,11,36,key,140313_1,,0.6056329607963562,0.34668466448783875,0.9625824689865112,0.8930524587631226,1.785489559173584,0.053974484789008834,2658,0.5233258088788563,0.7080393433570862,0.1673974245786667,0.029812011867761612,0.1674213707447052,0.13360123336315155,0.667695939540863,1.1235153675079346,0.4302006959915161,0.5568649768829346,0.5882374048233032,0.6454628705978394,0.6346069574356079,0.6170294880867004,0.6310235261917114,0.6131146550178528,0.6104227304458618,0.6043825149536133,0.6529226899147034,0.6557689905166626,0.6881222128868103,0.8894761204719543,0.9413819909095764,1.03108811378479,1.0113005638122559,0.9807984232902527,1.0035547018051147,0.9715663194656372,0.9622198939323425,0.9528495669364929,1.0296941995620728,1.037644386291504,target_lookback,log
